2008-07-01,-8.13320416558065
2008-07-02,4.49400858092486
2008-07-03,-1.4321871979377
2008-07-04,-1.25855809405477
2008-07-07,0.866476100324176
2008-07-08,-4.38532106285843
2008-07-09,2.18126782242036
2008-07-10,-1.36369353448416
2008-07-11,-0.0718706359545074
2008-07-14,2.04008024102018
2008-07-15,-8.10803466487293
2008-07-16,-4.08007741359531
2008-07-17,2.54902069158436
2008-07-18,3.4145732629344
2008-07-21,6.68525846498871
2008-07-22,-0.187163744880703
2008-07-23,9.26028758957091
2008-07-24,-1.78037724887221
2008-07-25,-0.632154693725573
2008-07-28,1.1811303573364
2008-07-29,-0.614185969149528
2008-07-30,0.55654077372127
2008-07-31,0.861208136059544
2008-08-01,-1.91911235780986
2008-08-04,-0.0655809401578278
2008-08-05,-0.248139085138543
2008-08-06,0.815083473325418
2008-08-07,1.48204151477431
2008-08-08,-0.193001954188432
2008-08-11,-0.552467772913445
2008-08-12,0.366261316475347
2008-08-13,6.09028879671536
2008-08-14,-0.412288103864222
2008-08-18,-4.02154508834154
2008-08-19,-2.69407840311868
2008-08-20,-1.13637586503148
2008-08-21,-1.06795343863899
2008-08-22,0.310513335402041
2008-08-25,0
2008-08-26,-0.629421901007809
2008-08-27,0.318908565605769
2008-08-28,-1.60481145194251
2008-08-29,0
2008-09-01,-0.324076102302939
2008-09-02,0.969094464022113
2008-09-03,2.15952779106998
2008-09-04,-1.51864326645241
2008-09-05,-2.58093404896282
2008-09-08,-1.25025597898101
2008-09-09,0.592560123949992
2008-09-10,-1.32851262646332
2008-09-11,0.33378645389579
2008-09-12,-1.45976597842976
2008-09-15,-5.68670446106405
2008-09-16,-0.291751967877563
2008-09-17,-1.2262878346772
2008-09-18,1.00900544934222
2008-09-19,4.55460315829757
2008-09-22,-3.41496598521185
2008-09-23,-0.356299834198559
2008-09-24,-1.00109286881835
2008-09-25,0.651849207668453
2008-09-26,-0.141708021880005
2008-09-29,-3.35046817661522
2008-09-30,-3.93207785409198
2008-10-01,3.41318020964572
2008-10-02,-4.56821921932771
2008-10-03,-4.6157039224374
2008-10-06,-13.3202852088218
2008-10-07,-10.184474800813
2008-10-08,-3.35483784604471
2008-10-09,0.744474102484949
2008-10-10,-5.43579687814271
2008-10-13,3.72807704822824
2008-10-14,9.04973494426238
2008-10-15,-3.19610569202489
2008-10-16,-1.22582525974977
2008-10-17,3.23489466324456
2008-10-20,3.03787846298822
2008-10-21,0.387625691101157
2008-10-22,-2.92774880866218
2008-10-23,0
2008-10-24,-0.298355796406735
2008-10-27,-2.718892167904
2008-10-28,1.51883116216349
2008-10-29,2.48312570055464
2008-10-30,3.37372726135929
2008-10-31,1.4105070655702
2008-11-03,1.02367026336716
2008-11-04,3.09122281696146
2008-11-05,-2.26606825432589
2008-11-06,-3.06827189253762
2008-11-07,1.59260821432574
2008-11-10,-4.57141844545195
2008-11-12,-6.33706762691153
2008-11-13,-0.311728890835816
2008-11-14,-1.04658011084484
2008-11-17,-0.105631650183113
2008-11-18,-3.10401377802885
2008-11-19,0.649467800592385
2008-11-20,-14.6236971718189
2008-11-21,-0.628822521881078
2008-11-24,4.30827024097213
2008-11-25,-1.21150203502152
2008-11-26,-0.612015348927741
2008-11-27,1.34039403680104
2008-11-28,0
2008-12-01,-2.45126076132773
2008-12-02,0.742426014414521
2008-12-03,-0.123595198395621
2008-12-04,-1.74217654421056
2008-12-05,-3.18610494317659
2008-12-08,1.02950373868258
2008-12-09,1.77982039824411
2008-12-10,-2.4218290234655
2008-12-11,1.15504441016849
2008-12-12,-2.71564480311821
2008-12-15,-0.393601806878108
2008-12-16,-3.20903161307464
2008-12-17,-5.7309426886085
2008-12-18,-5.32089876970085
2008-12-19,-2.30039233101056
2008-12-22,0.924722460135374
2008-12-23,0.61533151849309
2008-12-29,2.41544445197233
2008-12-30,1.48419639514064
2008-12-31,1.74940496748344
2009-01-05,0.432191307486551
2009-01-06,6.2729836968372
2009-01-07,0.135445889607944
2009-01-08,1.87104948478647
2009-01-09,-0.663331787679589
2009-01-12,-3.52918228468413
2009-01-13,1.50761042845913
2009-01-14,-3.88260082852281
2009-01-15,3.61248928307207
2009-01-16,-1.23749888300839
2009-01-19,-3.22814601932828
2009-01-20,-3.0404152545096
2009-01-21,-1.48419639514064
2009-01-22,-5.04983832420303
2009-01-23,-5.15448290151237
2009-01-26,2.12662379538084
2009-01-27,-1.30112477089466
2009-01-28,2.7456328436646
2009-01-29,-2.25548720295843
2009-01-30,3.52710585346252
2009-02-02,-4.01725149416869
2009-02-03,-0.331300512725097
2009-02-04,4.34855200689379
2009-02-05,2.3307947365951
2009-02-06,2.28471899334479
2009-02-09,6.12382424603546
2009-02-10,2.51342769077363
2009-02-11,3.39074499397418
2009-02-12,0.265550785373025
2009-02-13,4.92922241023062
2009-02-16,-1.40190948589038
2009-02-17,-2.46903669158214
2009-02-18,3.87094617747252
2009-02-19,6.25731436476133
2009-02-20,-1.9209282170958
2009-02-23,4.15342090286639
2009-02-24,-2.35182278637571
2009-02-25,2.35182278637571
2009-02-26,0.58008803114673
2009-02-27,-1.86715275551399
2009-03-02,-1.18423072948479
2009-03-03,-1.31948156399944
2009-03-04,1.6774722056597
2009-03-05,-1.07643965672439
2009-03-06,-0.60103254893531
2009-03-09,-1.58295172789138
2009-03-10,1.22030784287648
2009-03-11,1.80159811649068
2009-03-12,2.35182278637571
2009-03-13,0
2009-03-16,2.07355189690082
2009-03-17,-0.457977448995539
2009-03-18,-1.49901641999035
2009-03-19,1.03893188387318
2009-03-20,1.03222937219476
2009-03-23,7.97620053442629
2009-03-24,0.836876010989496
2009-03-25,7.03905862448635
2009-03-26,7.75538404448124
2009-03-27,1.42525169423191
2009-03-30,0.966290413349524
2009-03-31,3.70542918234404
2009-04-01,-1.12020997935218
2009-04-02,0.695413094569908
2009-04-03,-4.16432074441802
2009-04-06,-1.34034943395571
2009-04-07,-0.898374793577794
2009-04-08,3.12241267438975
2009-04-09,0.438932976443107
2009-04-14,-4.0109272400791
2009-04-15,-2.39377554971374
2009-04-16,3.74173193253777
2009-04-17,2.22403788081196
2009-04-20,-3.57199426363599
2009-04-21,0.543473852142817
2009-04-22,1.70004198902824
2009-04-23,0.980046014203806
2009-04-24,2.07261305171174
2009-04-27,5.0584144055688
2009-04-28,4.80570146219059
2009-04-29,4.72444748577918
2009-04-30,-3.96205497471325
2009-05-04,3.5876694431682
2009-05-05,-1.4320473147857
2009-05-06,0.898526129720745
2009-05-07,-2.65710749107728
2009-05-08,-3.37028235351227
2009-05-11,1.42423567155432
2009-05-12,7.43047257205149
2009-05-13,3.72350063032694
2009-05-14,-2.19223260698898
2009-05-15,1.7724616296793
2009-05-18,0.214221059100073
2009-05-19,-2.43264245013814
2009-05-20,2.43264245013814
2009-05-21,0.279444580630317
2009-05-22,0.776687058551495
2009-05-25,3.29237955479207
2009-05-26,0.0708968480600092
2009-05-27,3.83905031594387
2009-05-28,-2.29965676020623
2009-05-29,3.9754427354548
2009-06-01,2.21101202252072
2009-06-02,2.46943904329417
2009-06-03,4.76313565949282
2009-06-04,1.1595114403717
2009-06-05,-2.15440891417207
2009-06-08,-3.82514528638884
2009-06-09,1.86802739218632
2009-06-10,0.598804184462276
2009-06-12,2.06122034694665
2009-06-15,0.122332487731347
2009-06-16,-1.05835544579649
2009-06-17,-2.31938735482276
2009-06-18,1.13863826671388
2009-06-19,1.82392612571767
2009-06-22,-3.56858414581604
2009-06-23,-2.20103211537106
2009-06-24,-0.565177940923567
2009-06-25,-0.94178465762953
2009-06-26,2.67782681696471
2009-06-29,-2.04898590296119
2009-06-30,-0.313926156697297
2009-07-01,-0.947735117845561
2009-07-02,0
2009-07-03,1.20333097759184
2009-07-06,-1.51384431299388
2009-07-07,0.25144222683946
2009-07-08,-1.33092414044738
2009-07-09,-0.525329538334596
2009-07-10,-1.62333838631898
2009-07-13,-2.11770801421522
2009-07-14,2.97059164896729
2009-07-15,5.18618315567676
2009-07-16,1.8404114576982
2009-07-17,0.310515422398927
2009-07-20,0.534084192942164
2009-07-21,-2.38309149928906
2009-07-22,-2.80232319051552
2009-07-23,-1.27030642562538
2009-07-24,1.33671974024594
2009-07-27,0.632401548772243
2009-07-28,0.562846411150053
2009-07-29,-0.944750518097548
2009-07-30,1.25769426172355
2009-07-31,3.61080967163572
2009-08-03,1.84714646977988
2009-08-04,-1.18352767447583
2009-08-05,-1.19770298824622
2009-08-06,-3.38966922231956
2009-08-07,-3.82619193530815
2009-08-10,5.36685385128082
2009-08-11,0
2009-08-12,0.615386557437825
2009-08-13,1.47290582331907
2009-08-14,0.595719601741518
2009-08-17,-3.04354354113467
2009-08-18,1.89802344258423
2009-08-19,0.310515422398927
2009-08-20,2.07803307653673
2009-08-21,-1.18714296407219
2009-08-24,4.50618934947129
2009-08-25,8.13821482340571
2009-08-26,-5.4248445422822
2009-08-27,1.93043765791141
2009-08-28,0.22280939923931
2009-08-31,-5.6642354279711
2009-09-01,-4.0653771792968
2009-09-02,-6.83772974447372
2009-09-03,2.913976329212
2009-09-04,1.43293810936882
2009-09-07,-1.11999436574282
2009-09-08,0.188747787433075
2009-09-09,-0.501691531059079
2009-09-10,0
2009-09-11,-0.123992576332066
2009-09-14,-2.46032135797218
2009-09-15,1.07875911289974
2009-09-16,1.31585682201139
2009-09-17,0.626094066166916
2009-09-18,-0.560388643105858
2009-09-21,0.123992576332066
2009-09-22,0
2009-09-23,-0.123992576332066
2009-09-24,11.4615468864736
2009-09-25,-0.391236805771422
2009-09-28,-1.97947872641921
2009-09-29,0.84937471487927
2009-09-30,-1.42412734967148
2009-10-01,-0.0536336832379636
2009-10-02,-0.814737025400225
2009-10-05,0.344211185870869
2009-10-06,0.410153541871416
2009-10-07,0.114005980895904
2009-10-08,-0.288619860050821
2009-10-09,0.522929590680477
2009-10-12,-1.56347951986398
2009-10-13,-0.176750555872429
2009-10-14,-0.82670508069449
2009-10-15,-0.640079269888316
2009-10-16,0.0483208513871514
2009-10-19,0.365102186298216
2009-10-20,-1.5522451503704
2009-10-21,2.72120948182035
2009-10-22,0.758297472445557
2009-10-23,-0.175521546445889
2009-10-26,-1.05282004903726
2009-10-27,-0.177692775021798
2009-10-28,-0.232844920979369
2009-10-29,0.526550948170978
2009-10-30,0.292845920456353
2009-11-02,-0.881123148835572
2009-11-03,-0.764440208950434
2009-11-04,0.709540399720865
2009-11-05,4.09537815526018
2009-11-06,-0.0527252368373254
2009-11-09,-0.807523583279446
2009-11-10,-0.226214334657282
2009-11-12,0.226214334657282
2009-11-13,-0.793999167175263
2009-11-16,0.461153699455474
2009-11-17,-4.6262854407674
2009-11-18,-3.77886780372503
2009-11-19,0.98871371587288
2009-11-20,-0.858250553206386
2009-11-23,4.19165712629344
2009-11-24,-2.16255004730783
2009-11-25,-0.505213299300689
2009-11-26,-1.52389377968492
2009-11-27,-0.690484990676588
2009-11-30,1.72810778928567
2009-12-01,-0.611182919963316
2009-12-02,-0.745650828745337
2009-12-03,-0.626869900323301
2009-12-04,-0.37361312277473
2009-12-07,1.92628162169446
2009-12-08,-1.23874234222243
2009-12-09,-2.4721769659505
2009-12-10,1.78463768647847
2009-12-11,-1.20354389607864
2009-12-14,0
2009-12-15,-2.58093404896282
2009-12-16,-2.64931501861816
2009-12-17,0.140790011523428
2009-12-18,2.70651471538987
2009-12-21,-2.18419818978948
2009-12-22,-2.70318677814401
2009-12-23,-1.72431957392214
2009-12-28,-0.0650406526993663
2009-12-29,2.47402176587337
2009-12-30,-2.06011053094217
2009-12-31,3.35289221218464
2010-01-04,-2.32153990698705
2010-01-05,-0.337241366678187
2010-01-06,-0.201280209656307
2010-01-07,-0.419965081790252
2010-01-08,-0.0728656470728506
2010-01-11,0.347657705544435
2010-01-12,1.24324841773347
2010-01-13,4.93024738433667
2010-01-14,5.25445031045
2010-01-15,-2.05113016726917
2010-01-18,-1.07869535050393
2010-01-19,-0.0594441985107164
2010-01-20,-1.48261794791522
2010-01-21,-2.02704494417536
2010-01-22,-3.70122221799987
2010-01-25,1.90692964370967
2010-01-26,-1.83505900775516
2010-01-27,0.215302503328507
2010-01-28,0.397488399968848
2010-01-29,0.403817010205909
2010-02-01,-0.0553294089916445
2010-02-02,-0.554984378585921
2010-02-03,1.83549207529849
2010-02-04,0.723316394861095
2010-02-05,-2.69405651177919
2010-02-08,-0.342916720260611
2010-02-09,0
2010-02-10,-1.02779128614587
2010-02-11,0.683694599653162
2010-02-12,-0.401606965488988
2010-02-15,0.817574287936207
2010-02-16,1.83505900775516
2010-02-17,0.936117297092709
2010-02-18,1.51804109514306
2010-02-19,-1.65790125780143
2010-02-22,0.99803543985586
2010-02-23,-0.331572960599802
2010-02-24,-0.262954521199577
2010-02-25,-0.13173701002418
2010-02-26,4.10949101289999
2010-03-01,-1.42409841911482
2010-03-02,0.9167482298861
2010-03-03,-0.59267212758316
2010-03-04,-1.29503116262608
2010-03-05,0.910545785662675
2010-03-08,3.24754528215352
2010-03-09,4.90129836726307
2010-03-10,3.22663878646807
2010-03-11,0.464069165228942
2010-03-12,0
2010-03-15,-2.21861944490533
2010-03-16,1.05777763151989
2010-03-17,0.0542925021819407
2010-03-18,0.588535437990734
2010-03-19,0.289611248055799
2010-03-22,-0.640962960854008
2010-03-23,-0.176139873464809
2010-03-24,0.237039154705476
2010-03-25,3.19537270140322
2010-03-26,-0.901648149914713
2010-03-29,0.84922007347954
2010-03-30,-0.84922007347954
2010-03-31,0.790205613224426
2010-04-01,0.784010287936132
2010-04-06,0.104071818941875
2010-04-07,0.337487340054921
2010-04-08,-0.558769565070527
2010-04-09,-0.110825005638882
2010-04-12,-2.71743275527023
2010-04-13,0
2010-04-14,2.22047233930183
2010-04-15,-2.22047233930183
2010-04-16,0
2010-04-19,-2.33262542580124
2010-04-20,-2.19880542176205
2010-04-21,1.01870822365098
2010-04-22,-0.0555516992273741
2010-04-23,1.23564889733845
2010-04-26,-1.83478681888638
2010-04-27,-0.539500345165944
2010-04-28,-0.606019753384501
2010-04-29,2.38854849893566
2010-04-30,-1.18714296407219
2010-05-04,-0.293747588478599
2010-05-05,-0.907657946384877
2010-05-06,-2.3890700676453
2010-05-07,-2.58116690782599
2010-05-10,4.04713164896116
2010-05-11,-2.15604847341049
2010-05-12,2.41253194259778
2010-05-13,0.666621857322847
2010-05-14,-1.03016789695944
2010-05-17,0.420453140332988
2010-05-18,-0.928777127321512
2010-05-19,-2.80232319051552
2010-05-20,-0.629421901007809
2010-05-21,0.444708707996488
2010-05-24,1.13244831085688
2010-05-25,-1.57715701885337
2010-05-26,1.89108317555067
2010-05-27,-0.628840914003526
2010-05-28,-0.632820360539332
2010-05-31,-2.23940088964749
2010-06-01,-0.841455899205235
2010-06-02,-0.0609198922282506
2010-06-04,-0.787676614835897
2010-06-07,-3.49213315181189
2010-06-08,0.206496777371656
2010-06-09,-1.36599959242276
2010-06-10,1.71448719363703
2010-06-11,1.60781472208238
2010-06-14,1.19873056774602
2010-06-15,-0.470045172894462
2010-06-16,-0.666462479256058
2010-06-17,-3.32020063515959
2010-06-18,0.959930577276191
2010-06-21,0.341744818991252
2010-06-22,0.680005783126791
2010-06-23,-0.331518181912527
2010-06-24,-1.37724582695884
2010-06-25,-2.00800204755294
2010-06-28,-0.483706620506164
2010-06-29,-1.34863252837749
2010-06-30,-0.0249927105895331
2010-07-01,0.0249927105895331
2010-07-02,-0.71894641726451
2010-07-05,0.926976448601602
2010-07-06,0.290516909040761
2010-07-07,1.61147941732547
2010-07-08,1.73031483873327
2010-07-09,1.10013864674734
2010-07-12,1.48733806147558
2010-07-13,0.257440560329192
2010-07-14,0.86882867534066
2010-07-15,-1.32956901637988
2010-07-16,0.530836531455581
2010-07-19,-0.0700961904163577
2010-07-20,-1.19921490452639
2010-07-21,1.06667678041954
2010-07-22,-0.861871667476555
2010-07-23,2.26407150186123
2010-07-26,0.857914109138269
2010-07-27,2.12806098877203
2010-07-28,2.4049550939043
2010-07-29,0.632154693725573
2010-07-30,-3.28381121727839
2010-08-02,1.07948191360792
2010-08-03,-1.14686988366208
2010-08-04,-0.910431028109393
2010-08-05,0.775518700645739
2010-08-06,2.34973564976473
2010-08-09,0.380228594973842
2010-08-10,5.65378739503495
2010-08-11,2.28421617833097
2010-08-12,2.73953302517156
2010-08-13,1.22556944693293
2010-08-16,-0.610907209630129
2010-08-17,-1.29914562579954
2010-08-18,0.402043711758404
2010-08-19,-1.36425956991557
2010-08-20,-0.233652764932968
2010-08-23,-0.106994794211479
2010-08-24,-1.8639113353208
2010-08-25,0.414952467791085
2010-08-26,0.582105339379613
2010-08-27,-1.6398829708995
2010-08-30,0
2010-08-31,2.61373129326108
2010-09-01,1.42674705276953
2010-09-02,1.62732735338986
2010-09-03,-0.55906015726972
2010-09-06,-2.2013674815573
2010-09-07,2.2013674815573
2010-09-08,1.17301497299374
2010-09-09,0.770172602305719
2010-09-10,-2.49883535234714
2010-09-13,-2.79854748542667
2010-09-14,-1.69282399946815
2010-09-15,0.410537696001168
2010-09-16,-1.00192987486398
2010-09-17,0.824237099842184
2010-09-20,0.878542784241931
2010-09-21,1.7342640751639
2010-09-22,0
2010-09-23,0.0466371306631075
2010-09-24,1.65151065028168
2010-09-27,1.11412691024264
2010-09-28,-0.832795964768218
2010-09-29,-0.333759021909596
2010-09-30,0.0524280764351737
2010-10-01,-0.0524280764351737
2010-10-04,-2.39488708801794
2010-10-05,1.31400923479594
2010-10-06,1.41463687513159
2010-10-07,-0.281330945474423
2010-10-08,-0.0524280764351737
2010-10-11,-0.118063768141541
2010-10-12,0
2010-10-13,0.84305959582256
2010-10-14,1.44082608851006
2010-10-15,2.82082958145744
2010-10-18,0.528690393336406
2010-10-19,-1.60713836521644
2010-10-20,2.13921906122154
2010-10-21,2.51049012042559
2010-10-22,0.868763140635176
2010-10-25,1.42157224262078
2010-10-26,-0.35350298993797
2010-10-27,0.506300386849823
2010-10-28,0.702208982954255
2010-10-29,2.52769884445536
2010-11-02,-0.0113720361753167
2010-11-03,0.781652238043273
2010-11-04,2.85876761742307
2010-11-05,2.41602131283876
2010-11-08,4.00252738828835
2010-11-09,1.61692844607586
2010-11-10,1.7603704418248
2010-11-12,0.387020429493434
2010-11-15,-0.208209474384891
2010-11-16,-1.71680184506515
2010-11-17,-2.72250977240991
2010-11-18,2.93432083551131
2010-11-19,-1.96374016519782
2010-11-22,1.91838983311121
2010-11-23,-1.03858876165273
2010-11-24,0
2010-11-25,0.43701477143312
2010-11-26,-0.223350346656348
2010-11-29,0.132040037466297
2010-11-30,1.17054817868061
2010-12-01,-0.210896387482062
2010-12-02,0
2010-12-03,0
2010-12-06,5.85230531549117
2010-12-07,-1.63949852084264
2010-12-08,-0.827510831629574
2010-12-09,3.31205155803067
2010-12-10,-0.235327448931999
2010-12-13,0
2010-12-14,-2.29259618046571
2010-12-15,2.49501110588555
2010-12-16,1.00131849165295
2010-12-17,15.941107424741
2010-12-20,4.0378880997328
2010-12-21,-1.28157689910089
2010-12-22,0.987576954605451
2010-12-23,4.80032444820635
2010-12-27,4.28405113777699
2010-12-28,-2.11730270893939
2010-12-29,0.820477351315008
2010-12-30,-0.425381711979966
2010-12-31,-0.466450310741751
2011-01-03,1.34710818013417
2011-01-04,2.32495767913532
2011-01-05,-1.63016928519411
2011-01-07,-0.455629555930459
2011-01-10,-3.68166077557581
2011-01-11,0
2011-01-12,1.33588736578325
2011-01-13,4.52098078507124
2011-01-14,9.30797293329975
2011-01-17,1.76012242350692
2011-01-18,0.579889636045383
2011-01-19,-0.872643423659136
2011-01-20,0
2011-01-21,0.501778823758148
2011-01-24,-2.42428580674003
2011-01-25,-0.188940728836462
2011-01-26,0.26756079358079
2011-01-27,-0.26756079358079
2011-01-28,-2.18598386712454
2011-01-31,-2.52847659713673
2011-02-01,3.35303169635064
2011-02-02,0.274409872257619
2011-02-03,-0.33193991731153
2011-02-04,0.166107688728445
2011-02-07,-0.685372910886706
2011-02-08,-0.189786948803805
2011-02-09,-0.584485396888157
2011-02-10,-0.0291521582759025
2011-02-11,0.613637555164059
2011-02-14,-0.225639137734124
2011-02-15,0.0290392839017439
2011-02-16,9.11751432670478
2011-02-17,0.625323138571954
2011-02-18,-2.15660120449401
2011-02-21,-2.43980985476222
2011-02-22,-2.85018749285642
2011-02-23,3.48249200502155
2011-02-24,-1.31490101920511
2011-02-25,-0.160563240818812
2011-02-28,-2.05433218145896
2011-03-01,-0.0599510943254167
2011-03-02,0.807888335441964
2011-03-03,3.95036556365742
2011-03-04,0
2011-03-07,1.91668684062396
2011-03-08,2.2768058806232
2011-03-09,-1.04731226076216
2011-03-10,-1.22949361986104
2011-03-11,-4.1351117849096
2011-03-14,-2.43257342402701
2011-03-15,-2.71327661449576
2011-03-16,2.3057253039978
2011-03-17,-0.377436735878023
2011-03-18,-0.273658924682119
2011-03-21,0.869294814252131
2011-03-22,1.55775665685138
2011-03-23,-1.88364959055063
2011-03-24,-0.817811752810504
2011-03-25,0.548068796939738
2011-03-28,-0.823233749467267
2011-03-29,-1.10505481865251
2011-03-30,-1.11740285985884
2011-03-31,-0.134406419289723
2011-04-01,3.99345781823923
2011-04-04,3.32005138061673
2011-04-05,1.50701877701551
2011-04-06,1.78307720085944
2011-04-07,2.05578693536053
2011-04-08,-1.06934243826915
2011-04-11,-0.304289543702074
2011-04-12,-0.246450071929205
2011-04-13,0
2011-04-14,-2.35102145481978
2011-04-15,-0.204714524935667
2011-04-18,-3.68644520509762
2011-04-19,1.33554800612283
2011-04-20,1.85847138935031
2011-04-21,1.776970757399
2011-04-26,0.127848739670444
2011-04-27,-3.2340263116565
2011-04-28,0
2011-04-29,0.0153437773612097
2011-05-02,-0.0153437773612097
2011-05-04,-0.717643797588297
2011-05-05,-1.41643222911747
2011-05-06,1.28342675009963
2011-05-09,-0.0774101693684859
2011-05-10,-0.40039161455967
2011-05-11,-1.15109184661404
2011-05-12,-1.5216168808597
2011-05-13,3.73687765145534
2011-05-16,0.337910805972985
2011-05-17,-2.74211230540509
2011-05-18,-0.135627455381648
2011-05-19,-1.44331091432424
2011-05-20,-0.855420703729859
2011-05-23,-5.43184486970185
2011-05-24,3.3629855945942
2011-05-25,2.03978809897385
2011-05-26,0.855668359671791
2011-05-27,2.46769877124406
2011-05-30,0.081217010055834
2011-05-31,2.37889748921458
2011-06-01,-1.18083231939519
2011-06-02,-0.799186485771042
2011-06-03,-0.934250417231697
2011-06-06,-1.08259298998465
2011-06-07,2.56271660687366
2011-06-08,0.502908978436833
2011-06-09,-1.60077871466004
2011-06-10,-0.788036038884599
2011-06-13,1.07221141944418
2011-06-14,-0.240403493917718
2011-06-15,-0.426025767307658
2011-06-16,-0.418390908708322
2011-06-17,0
2011-06-20,1.0848201699337
2011-06-21,-2.15923031509719
2011-06-22,-2.50049323318362
2011-06-24,-0.373146974818184
2011-06-27,-4.50064218721673
2011-06-28,0
2011-06-29,0
2011-06-30,-1.18356827536026
2011-07-01,-1.1977445675512
2011-07-04,-1.85436716416607
2011-07-05,-0.8878722572919
2011-07-06,-0.688383574133766
2011-07-07,3.73228234953431
2011-07-08,1.64994451375966
2011-07-11,-1.84977980384926
2011-07-12,-3.19128605638586
2011-07-13,1.50670787551772
2011-07-14,3.21345227291165
2011-07-15,2.91553925177928
2011-07-18,-2.26445267250832
2011-07-19,-5.71240773075918
2011-07-20,6.30126903042361
2011-07-21,0.710899437743118
2011-07-22,0.645283409364028
2011-07-25,-0.645283409364028
2011-07-26,-0.646062976907436
2011-07-27,0.483240688561315
2011-07-28,-2.22097861667767
2011-07-29,-0.994200015788804
2011-08-01,-0.569561712690314
2011-08-02,-1.3560251801819
2011-08-03,-5.5893604159631
2011-08-04,-1.09062280702119
2011-08-05,0.328056750442629
2011-08-08,-2.15575366506298
2011-08-09,-3.77897194574395
2011-08-10,-9.38644684282175
2011-08-11,5.06316764189165
2011-08-12,8.8388884481533
2011-08-16,6.02973669365072
2011-08-17,0.890664830665155
2011-08-18,-0.553016789004568
2011-08-19,0.0362384493910017
2011-08-22,7.3162908744719
2011-08-23,5.14885943925485
2011-08-24,-0.118417065893084
2011-08-25,-2.52956380666505
2011-08-26,-1.38571874240347
2011-08-29,0.786164963289471
2011-08-30,1.86909092533649
2011-08-31,0.307607864748327
2011-09-01,-1.5508732956051
2011-09-02,-1.60199368164986
2011-09-05,-4.88535607937499
2011-09-06,-1.64615678100244
2011-09-07,1.68118673196842
2011-09-08,-0.667676514870497
2011-09-09,-4.38941935572252
2011-09-12,-7.08260525686124
2011-09-13,-0.722311351729976
2011-09-14,-1.4887616716345
2011-09-15,3.70258352085973
2011-09-16,3.35209795529963
2011-09-19,-3.23528915799765
2011-09-20,2.04906260174935
2011-09-21,1.54725135513174
2011-09-22,-5.05052870670877
2011-09-23,0
2011-09-26,4.91153805680922
2011-09-27,2.99579917534891
2011-09-28,4.07825935032657
2011-09-29,8.00319310566397
2011-09-30,-3.12617806967368
2011-10-03,-4.8770150359903
2011-10-04,0
2011-10-05,-0.164747570431389
2011-10-06,0.994859414053906
2011-10-07,-0.166863697202935
2011-10-10,0
2011-10-11,0.955685944143836
2011-10-12,0.0310104231962427
2011-10-13,-1.28635860071
2011-10-14,0.965452888904261
2011-10-17,2.84838008202866
2011-10-18,0.69959615200772
2011-10-19,-0.887882133260076
2011-10-20,-3.32588475631064
2011-10-21,1.089995047416
2011-10-24,2.04050477222162
2011-10-25,0.383670917925372
2011-10-26,-0.576059805213891
2011-10-27,2.38360864314782
2011-10-28,-2.05979819392006
2011-10-31,-0.645283409364028
2011-11-02,-1.95084731667849
2011-11-03,1.4649888904394
2011-11-04,-0.944468574906754
2011-11-07,-0.492875004692372
2011-11-08,0.722969376174687
2011-11-09,-0.0995281077440069
2011-11-10,-1.31687723480529
2011-11-14,1.64597149500345
2011-11-15,0.191472688169148
2011-11-16,0.293335362801139
2011-11-17,-0.450589600047868
2011-11-18,-2.00777344151821
2011-11-21,-4.03523221844093
2011-11-22,0.518370653074429
2011-11-23,-2.47821024575114
2011-11-24,0.812082274707393
2011-11-25,-0.986430830417895
2011-11-28,1.75549636567434
2011-11-29,-1.08573123915696
2011-11-30,1.08573123915696
2011-12-01,-1.04885808239699
2011-12-02,1.39483508318925
2011-12-05,1.0344046806233
2011-12-06,-1.65802771517862
2011-12-07,-1.12575686734204
2011-12-08,-3.58566639064724
2011-12-09,-1.39403334876298
2011-12-12,-0.553715589046355
2011-12-13,-0.039109860094122
2011-12-14,-1.23193528904868
2011-12-15,-0.0396102358026784
2011-12-16,-0.456648995729569
2011-12-19,-1.52797181783768
2011-12-20,-3.80139249451403
2011-12-21,1.46681519785563
2011-12-22,3.67132923310809
2011-12-23,1.91941440196892
2011-12-27,0.592825449140477
2011-12-28,0.295100004477744
2011-12-29,0
2011-12-30,0.552904147914557
2012-01-02,-0.18138669272818
2012-01-03,-0.0772857291735374
2012-01-04,0.0772857291735374
2012-01-05,-1.29856807069499
2012-01-09,-2.37196572475589
2012-01-10,0.268123497363559
2012-01-11,-3.95788621662843
2012-01-12,1.60445585744706
2012-01-13,-0.311450132915647
2012-01-16,-0.193093874831618
2012-01-17,0.969907953272608
2012-01-18,-0.110022219284822
2012-01-19,-0.314433564491878
2012-01-20,-0.39341088360656
2012-01-23,0.81786666738326
2012-01-24,0.774867464520135
2012-01-25,5.56845278621858
2012-01-26,4.27618593380816
2012-01-27,0.387455708047657
2012-01-30,0.687138003851118
2012-01-31,3.69187345287099
2012-02-01,-0.129282500230499
2012-02-02,0
2012-02-03,0
2012-02-06,0.658642237457485
2012-02-07,3.09505768437393
2012-02-08,-0.967793152012497
2012-02-09,0
2012-02-10,-0.648156734560912
2012-02-13,3.83397074593095
2012-02-14,0.30912942270489
2012-02-15,0
2012-02-16,-1.57530477406858
2012-02-17,1.10795268592621
2012-02-20,-0.78824015462815
2012-02-21,-0.50668464012249
2012-02-22,-2.05621978544088
2012-02-23,-0.983878627965318
2012-02-24,1.95141456500902
2012-02-27,-1.29213943734565
2012-02-28,2.88750792586532
2012-02-29,-0.319712531298055
2012-03-01,-0.377642691268543
2012-03-02,1.36015798040794
2012-03-05,-0.982515289139396
2012-03-06,-1.91963866000635
2012-03-07,1.73266655118192
2012-03-08,1.29492479475064
2012-03-09,0.778802221058017
2012-03-12,-0.653521972574111
2012-03-13,0.624057730492256
2012-03-14,4.30342733688911
2012-03-15,4.38133758668813
2012-03-16,-2.02566208255619
2012-03-19,-3.85984340728909
2012-03-20,0.451095145311697
2012-03-21,2.76644976777964
2012-03-22,-1.42211922899094
2012-03-23,0
2012-03-26,1.92340424223314
2012-03-27,3.07512073052036
2012-03-28,-1.51365906437877
2012-03-29,-2.88622975527386
2012-03-30,0.440447362156826
2012-04-02,-0.440447362156826
2012-04-03,1.14668458847738
2012-04-04,-2.0365785225215
2012-04-05,0.771697963829743
2012-04-10,-1.88501073237437
2012-04-11,-1.03287602551458
2012-04-12,1.24513988255726
2012-04-13,-0.514009444672858
2012-04-16,-0.242053752172167
2012-04-17,-1.96106814332513
2012-04-18,-0.185531829605257
2012-04-19,4.33859816863174
2012-04-20,1.53241912153574
2012-04-23,-3.57147311204726
2012-04-24,1.88919913433283
2012-04-25,1.53777638904731
2012-04-26,0.144497588667125
2012-04-27,-0.736963912689159
2012-04-30,-0.586657588698092
2012-05-02,2.68754946023839
2012-05-04,-1.13377826002319
2012-05-07,0.0275824026020999
2012-05-08,0.0612670035094354
2012-05-09,2.4204001185844
2012-05-10,-0.771185049599854
2012-05-11,-2.49803305745044
2012-05-14,-6.2148807691246
2012-05-15,0.403431348953642
2012-05-16,11.7470202586649
2012-05-17,0.357355949086546
2012-05-18,-0.217747992027162
2012-05-21,-0.416491303826794
2012-05-22,-0.0291902623358098
2012-05-23,0.0291902623358098
2012-05-24,0
2012-05-25,0.276883346767409
2012-05-28,-0.417074379979221
2012-05-29,0.0292226770051141
2012-05-30,0.0817780938708879
2012-05-31,5.17150662881791
2012-06-01,0.263023256138739
2012-06-04,3.49139609136344
2012-06-05,-0.634837731097271
2012-06-06,1.49360007082047
2012-06-08,-0.987012016638777
2012-06-11,-1.07519246688539
2012-06-12,-0.721456885744765
2012-06-13,1.0829355636818
2012-06-14,0.612066016447077
2012-06-15,-3.38877088334693
2012-06-18,-0.613728859571649
2012-06-19,-0.315268448339756
2012-06-20,-0.934887983799904
2012-06-21,-0.0846548952864623
2012-06-22,0.750921082326217
2012-06-25,-0.269345317427483
2012-06-26,-2.15831630182008
2012-06-27,0.0803489483080622
2012-06-28,-1.26434152563752
2012-06-29,4.93654554264893
2012-07-02,-1.3248913460719
2012-07-03,-0.483092726966561
2012-07-04,-0.318655712866578
2012-07-05,0.290497010233537
2012-07-06,-0.530864747031368
2012-07-09,-0.27217072823067
2012-07-10,-0.460974552176996
2012-07-11,-1.53473338559582
2012-07-12,-0.741271689806355
2012-07-13,5.37615787851271
2012-07-16,5.67819919787609
2012-07-17,6.8231502973092
2012-07-18,0.486832177131413
2012-07-19,1.35305048829588
2012-07-20,0.411198552090708
2012-07-23,0.135897120584394
2012-07-24,1.35125998516541
2012-07-25,2.86846041666635
2012-07-26,3.85783245353015
2012-07-27,0
2012-07-30,-2.54175527898237
2012-07-31,-0.236974957711222
2012-08-01,-2.17690388092686
2012-08-02,1.52856665196395
2012-08-03,0.283881414742515
2012-08-06,0.364455814220399
2012-08-07,0.619462036982998
2012-08-08,-1.69856425381956
2012-08-09,-1.0978016640903
2012-08-10,-0.039265958074175
2012-08-13,-1.06371627963138
2012-08-14,0
2012-08-16,0.0233464852926968
2012-08-17,0.265765397131768
2012-08-20,1.03531862459776
2012-08-21,2.8126712147424
2012-08-22,0.743248926894591
2012-08-23,-2.467371127912
2012-08-24,-0.212195618951361
2012-08-27,-0.219513956392436
2012-08-28,2.04599707773192
2012-08-29,0.109834698629285
2012-08-30,-0.857215603132211
2012-08-31,-2.61431851311058
2012-09-03,0.877522719555346
2012-09-04,1.71419743409995
2012-09-05,0.45324962309059
2012-09-06,0.641401615817916
2012-09-07,2.93202495929399
2012-09-10,1.00870232666512
2012-09-11,0
2012-09-12,-1.63151307660145
2012-09-13,-1.88759738938535
2012-09-14,2.51040813932168
2012-09-17,3.64916874869601
2012-09-18,-0.29556361980374
2012-09-19,1.38844792192083
2012-09-20,-0.296499247890925
2012-09-21,-1.89499654577578
2012-09-24,0.681214474328939
2012-09-25,-0.438144487917169
2012-09-26,0.0569830649091774
2012-09-27,0.381161423007992
2012-09-28,0.321067983323164
2012-10-01,1.28647249794054
2012-10-02,0.787000085820422
2012-10-03,-0.491664314197449
2012-10-04,0.29446610724273
2012-10-05,-2.5785037831374
2012-10-08,-0.401683379780593
2012-10-09,0.304581647539992
2012-10-10,-1.51940445610426
2012-10-11,1.61650618834486
2012-10-12,0.402177773806223
2012-10-15,0.49889006337609
2012-10-16,-0.599808853346939
2012-10-17,-0.219007394800697
2012-10-18,1.31522974878466
2012-10-19,0.0977405378675744
2012-10-22,-2.44068500570904
2012-10-23,1.94475766977398
2012-10-24,-0.597116765945627
2012-10-25,-1.00530952901647
2012-10-26,-0.606791518708993
2012-10-29,-0.406582914425613
2012-10-30,-1.68885310601374
2012-10-31,-0.168061764045069
2012-11-02,-0.413716702046241
2012-11-05,1.14067604671173
2012-11-06,1.04629415597532
2012-11-07,3.88723302819391
2012-11-08,-0.0991325979572633
2012-11-09,-0.788287698122003
2012-11-12,0.195576701335121
2012-11-13,-0.0977405378675744
2012-11-14,-2.00061309302959
2012-11-15,0.201448375429658
2012-11-16,1.10391278611175
2012-11-19,0.892714088123681
2012-11-20,-0.595648954702988
2012-11-21,0.792721966592858
2012-11-22,0.395048964086353
2012-11-23,-0.987436973861655
2012-11-26,0.100016677782389
2012-11-27,-0.300350634599944
2012-11-28,-0.618133116743858
2012-11-29,0.222548905626185
2012-11-30,0.0985190776969791
2012-12-03,0
2012-12-04,-0.52094391643287
2012-12-05,-0.0800623686446844
2012-12-06,0.300954652552621
2012-12-07,-0.499279506046824
2012-12-10,0.799331138571757
2012-12-11,0.990261909853851
2012-12-12,0.0995251901596994
2012-12-13,0.29591636612909
2012-12-14,0.391825788466038
2012-12-17,0.195338666161771
2012-12-18,0.585779161498268
2012-12-19,3.15789267207895
2012-12-20,0.37327846631201
2012-12-21,0.189069480251725
2012-12-27,0.559203270215747
2012-12-28,0.371072433288377
2013-01-02,4.53514690832328
2013-01-03,1.32138500789654
2013-01-04,-3.83415586139231
2013-01-07,-4.17808208120358
2013-01-08,0
2013-01-09,-3.37271062776785
2013-01-10,2.70720729720213
2013-01-11,4.47995560686834
2013-01-14,1.26696113511913
2013-01-15,0.89712054970752
2013-01-16,-2.62337548849043
2013-01-17,0.639360132033273
2013-01-18,-0.0919082514051706
2013-01-21,2.07592360786233
2013-01-22,0.0918953957564916
2013-01-23,-0.0918953957564916
2013-01-24,2.47031379981344
2013-01-25,-0.873287711992621
2013-01-28,-0.0905219854721029
2013-01-29,0.0905219854721029
2013-01-30,-0.795324962383592
2013-01-31,0.0874426794570393
2013-02-01,-2.68959568481995
2013-02-04,0.544877417346123
2013-02-05,-0.0931426194791918
2013-02-06,-3.12341298522827
2013-02-07,4.47213006728702
2013-02-08,0
2013-02-11,0
2013-02-12,0.712318973570092
2013-02-13,0.176824831324174
2013-02-14,-0.71105604494166
2013-02-15,-0.358372884559977
2013-02-18,-1.62016675531831
2013-02-19,-3.42204359523817
2013-02-20,2.14157698164925
2013-02-21,3.88261961895182
2013-02-22,-2.69389262419719
2013-02-25,-2.48972302572392
2013-02-26,0.559086589730695
2013-02-27,3.28665379564721
2013-02-28,1.24663013470574
2013-03-01,0.00186297797033497
2013-03-04,-0.17713805547368
2013-03-05,-1.88389800015516
2013-03-06,-0.459376552417501
2013-03-07,1.98618139442885
2013-03-08,0.71105604494166
2013-03-11,0.0892243121073388
2013-03-12,-0.0892243121073388
2013-03-13,-2.32728335697634
2013-03-14,1.43813955208207
2013-03-15,0.978368117001605
2013-03-18,0.0891447732913608
2013-03-19,-3.14343649815529
2013-03-20,0.456791979547333
2013-03-21,0.180992076232922
2013-03-22,0.0894224700233259
2013-03-25,1.260493100063
2013-03-26,0.0882239819957498
2013-03-27,0.712318973570092
2013-03-28,2.27833010951164
2013-04-02,1.37446779031221
2013-04-03,1.86485590780725
2013-04-04,-1.34175408977084
2013-04-05,-1.38536273437291
2013-04-08,-0.771123217291159
2013-04-09,0.518980323740248
2013-04-10,1.4622489572921
2013-04-11,2.18820138850919
2013-04-12,0.00350225895742184
2013-04-15,2.54154269783093
2013-04-17,4.91664803151934
2013-04-18,4.24946023102679
2013-04-19,-0.747333882711576
2013-04-22,-10.8937974519238
2013-04-23,-8.25906471567861
2013-04-24,3.88624592351596
2013-04-25,8.13862007885522
2013-04-26,-3.07000376514326
2013-04-29,0.744476161363394
2013-04-30,2.27495699770905
2013-05-02,-2.67940299209899
2013-05-06,2.89331041977983
2013-05-07,4.41042272330527
2013-05-08,-0.0789170687030882
2013-05-09,2.32666773998655
2013-05-10,1.22034776365014
2013-05-13,2.98424437016225
2013-05-14,1.77866901991353
2013-05-15,2.53852690857626
2013-05-16,5.48171024728266
2013-05-17,5.23314000680148
2013-05-20,7.04809026295123
2013-05-21,-12.9485126875101
2013-05-22,6.20384982835436
2013-05-23,-2.25873285736142
2013-05-24,6.25368103990001
2013-05-27,2.9842352260677
2013-05-28,-1.18302890700379
2013-05-29,-3.63671916444082
2013-05-31,-7.40222046809835
2013-06-03,0.503566854306214
2013-06-04,2.48048541926904
2013-06-05,4.8871511354533
2013-06-06,-2.52877349699183
2013-06-07,-0.440740638011761
2013-06-10,-1.72315262027309
2013-06-11,-1.87180693255362
2013-06-12,0.379053091094761
2013-06-13,-0.484151731791815
2013-06-14,0.927243384071197
2013-06-17,0.792915843090203
2013-06-18,-0.0132522297070281
2013-06-19,-0.570180772405049
2013-06-20,-1.30808506126234
2013-06-21,-3.43999412356535
2013-06-24,-6.80239347617402
2013-06-25,-3.77466576048162
2013-06-26,-1.61634867909664
2013-06-27,5.97130561603141
2013-06-28,6.9962206676272
2013-07-01,-1.49794601474991
2013-07-02,-1.24380065326637
2013-07-03,-0.109821942620236
2013-07-04,-0.0285449227657608
2013-07-05,0
2013-07-08,-6.75969845410869
2013-07-09,-1.51424781806142
2013-07-10,1.21598440644801
2013-07-11,2.9269793130986
2013-07-12,1.5250566846027
2013-07-15,3.95993230510152
2013-07-16,-3.16460374446796
2013-07-17,-2.30550982683768
2013-07-18,-1.3718540192925
2013-07-19,-0.0150809091057802
2013-07-22,-0.0739293480363834
2013-07-23,2.18263225079918
2013-07-24,1.56920548973618
2013-07-25,-2.2909734641007
2013-07-26,-4.59606146749882
2013-07-29,-1.37524414853258
2013-07-30,1.98078904679244
2013-07-31,-1.36845389197564
2013-08-01,-0.153911421396558
2013-08-02,3.91910915749873
2013-08-05,0.779819084453681
2013-08-06,0.450360225854318
2013-08-07,2.5134543946769
2013-08-08,2.78367971411608
2013-08-09,-1.90677989485604
2013-08-12,4.90952269776335
2013-08-13,1.72581292639036
2013-08-14,0.982330130525622
2013-08-16,-1.31238129043609
2013-08-19,1.85782142752329
2013-08-20,-1.65884871046655
2013-08-21,-6.67468632837735
2013-08-22,0
2013-08-23,0.0144544180179729
2013-08-26,-1.43095612365931
2013-08-27,-1.87659974195427
2013-08-28,1.87659974195427
2013-08-29,-1.43982994641378
2013-08-30,5.63614943378923
2013-09-02,-2.07686769459139
2013-09-03,-2.98233852266403
2013-09-04,-2.03780749296847
2013-09-05,-4.18885203430248
2013-09-06,6.9457584514045
2013-09-09,0.383950763303442
2013-09-10,1.37562542573457
2013-09-11,1.19885566990554
2013-09-12,1.36761528483635
2013-09-13,-0.674391302971333
2013-09-16,-3.50786803506216
2013-09-17,2.11945179278406
2013-09-18,-0.702950087142717
2013-09-19,2.29783480320291
2013-09-20,6.72093854121751
2013-09-23,1.46985305969043
2013-09-24,-1.59938333236758
2013-09-25,1.97873265833604
2013-09-26,-0.901352912506059
2013-09-27,-0.562893887220106
2013-09-30,-5.26383991478108
2013-10-01,3.54384688177074
2013-10-02,-0.877971126111721
2013-10-03,-0.632651991943334
2013-10-04,-1.89878254070246
2013-10-07,1.18000749600355
2013-10-08,-0.91028473180419
2013-10-09,-2.59151459156843
2013-10-10,4.43099930028517
2013-10-11,1.98988829256797
2013-10-14,-1.04371549962021
2013-10-15,-1.18378161072155
2013-10-16,1.31534644550833
2013-10-17,1.64727765500112
2013-10-18,0.767747996621981
2013-10-21,2.05832056439768
2013-10-22,3.68261840021304
2013-10-23,-0.0606086862139144
2013-10-24,-0.847410048605646
2013-10-25,2.46134796439366
2013-10-28,0.568162653061943
2013-10-29,-0.0351129976183806
2013-10-30,-3.48098006350792
2013-10-31,-0.429756881589682
2013-11-04,0.429756881589682
2013-11-05,0.181650816954182
2013-11-06,-0.0964217587148042
2013-11-07,-0.51498593982906
2013-11-08,-3.11570009442192
2013-11-12,2.50053119407339
2013-11-13,-4.71392633954224
2013-11-14,-2.31785776177142
2013-11-15,-1.20071460604843
2013-11-18,1.86055048355191
2013-11-19,0
2013-11-20,-2.66587575565902
2013-11-21,-2.10374744523847
2013-11-22,-0.498400049097736
2013-11-25,1.24207626049824
2013-11-26,4.02594698949699
2013-11-27,-3.31707191225012
2013-11-28,-0.708875077246862
2013-11-29,0.680951476037794
2013-12-02,-0.709073751877654
2013-12-03,-2.04874541875153
2013-12-04,-2.36313236901875
2013-12-05,-1.76148078835405
2013-12-06,0.347930317018541
2013-12-09,1.22671839662853
2013-12-10,-2.47018157190677
2013-12-11,1.70747352595395
2013-12-12,-3.33869702374416
2013-12-13,-0.0583144083802445
2013-12-16,0.119661280846906
2013-12-17,-1.30868084794633
2013-12-18,-0.867440732582114
2013-12-19,-8.73661362165556
2013-12-20,-0.869018126283461
2013-12-23,3.3049082310364
2013-12-27,1.61237746246865
2013-12-30,0
2014-01-02,2.90344541721375
2014-01-03,-1.31503729513414
2014-01-07,-4.01682939019476
2014-01-08,1.93291029878626
2014-01-09,-0.695539775131504
2014-01-10,0.308621735636549
2014-01-13,0.499075599620102
2014-01-14,-2.5375716795681
2014-01-15,-1.49566702007942
2014-01-16,0
2014-01-17,-3.05485650437323
2014-01-20,-5.47339686006971
2014-01-21,-4.43115907199152
2014-01-22,-4.14058548305549
2014-01-23,-1.80203567494468
2014-01-24,-3.81000475330961
2014-01-27,3.58582664547535
2014-01-28,5.53569686148965
2014-01-29,0.572472008669012
2014-01-30,-4.08195508737972
2014-01-31,4.08195508737972
2014-02-03,-3.29090800267071
2014-02-04,-3.60586570961217
2014-02-05,2.01951670746148
2014-02-06,5.25968903323428
2014-02-07,-3.0449771394494
2014-02-10,-3.22144565128788
2014-02-11,0.221607886316866
2014-02-12,4.66826859866054
2014-02-13,0.821933209940795
2014-02-14,-1.90583630586025
2014-02-17,0.273074447888977
2014-02-18,1.03960303042494
2014-02-19,3.91729788831352
2014-02-20,-2.54581875290349
2014-02-21,0.604418732732714
2014-02-24,0.733167919087707
2014-02-25,2.70854225079535
2014-02-26,0
2014-02-27,2.68980400338323
2014-02-28,1.75561565183013
2014-03-03,-4.35402475763937
2014-03-04,9.52118728866593
2014-03-05,-4.47522903461008
2014-03-06,-1.56498835037038
2014-03-07,-2.93991045253952
2014-03-10,-0.813625661150619
2014-03-11,2.16000704893715
2014-03-12,2.43087919637812
2014-03-13,-2.43087919637812
2014-03-14,-2.9652293622338
2014-03-17,1.74856409967021
2014-03-18,2.28304117126559
2014-03-19,-1.78059252948066
2014-03-20,0.893346245163551
2014-03-21,3.15295282377237
2014-03-24,1.97984636741619
2014-03-25,1.39373277559329
2014-03-26,-0.602313255372344
2014-03-27,-1.06242239610745
2014-03-28,0.37330644896123
2014-03-31,2.13811949646132
2014-04-01,1.722208728164
2014-04-02,0.565330227674377
2014-04-03,-2.35372085665633
2014-04-04,-1.44824752159769
2014-04-07,-0.99699652300691
2014-04-08,0
2014-04-09,-0.594954254722957
2014-04-10,0.933593250874765
2014-04-11,-3.78603587108577
2014-04-14,-1.771147378664
2014-04-15,0.888586580787765
2014-04-16,-1.10141117263161
2014-04-17,0.212824591843841
2014-04-22,3.49200383951698
2014-04-23,0.053081374992292
2014-04-24,0.222634600308247
2014-04-25,2.27889326746906
2014-04-28,-1.50705523065096
2014-04-29,0.443870433782312
2014-04-30,1.8331067963234
2014-05-02,0.500355390394969
2014-05-05,-2.09834621853835
2014-05-06,2.1800775653551
2014-05-07,-0.498235030023508
2014-05-08,1.81709154043634
2014-05-09,0.32533988112986
2014-05-12,3.7140506174584
2014-05-13,4.87847866833535
2014-05-14,2.3970605243715
2014-05-15,6.75247576591209
2014-05-16,3.70224069929268
2014-05-19,1.74653534147122
2014-05-20,-7.10282791571268
2014-05-21,2.67237640842577
2014-05-22,1.06437588106036
2014-05-23,5.01082138952551
2014-05-26,-2.03186619407401
2014-05-27,-1.17717820909649
2014-05-28,2.4670573069562
2014-05-29,2.53089262490356
2014-05-30,-0.500306499997016
2014-06-02,-0.125145966184448
2014-06-03,-4.51555900653027
2014-06-04,-1.99295920420219
2014-06-05,1.87403545003457
2014-06-06,0.131078442853738
2014-06-09,2.19979888254107
2014-06-10,2.30360543530308
2014-06-11,-0.631987288107361
2014-06-12,-3.47651918312151
2014-06-13,-3.08851593169823
2014-06-16,2.7935006638784
2014-06-17,0.957304858491437
2014-06-18,0.392084146802407
2014-06-20,0.582612247792813
2014-06-23,1.34724214320308
2014-06-24,-1.82608958189832
2014-06-25,-2.6338050730903
2014-06-26,-3.36219779249882
2014-06-27,-2.79885708257819
2014-06-30,2.7847381730993
2014-07-01,-0.719876139047582
2014-07-02,0.401672517397955
2014-07-03,-3.78035272610893
2014-07-04,0.602786956492807
2014-07-07,2.79011415982042
2014-07-08,1.91265354825987
2014-07-09,0.175622039703516
2014-07-10,-3.05275478392266
2014-07-11,-1.0144753117399
2014-07-14,5.28389619898499
2014-07-15,-0.849693214426228
2014-07-16,-0.0138759765441421
2014-07-17,1.53406387703656
2014-07-18,2.76560037257685
2014-07-21,0.646599666414183
2014-07-22,0.643757859383953
2014-07-23,0.638336220298807
2014-07-24,-2.90650068718827
2014-07-25,1.89610648052643
2014-07-28,-0.283587102848148
2014-07-29,-4.33806209706278
2014-07-30,-3.1073888682478
2014-07-31,1.18821682295955
2014-08-01,0.888956961753973
2014-08-04,3.42633909658536
2014-08-05,1.53958164152215
2014-08-06,-0.180527028519784
2014-08-07,-6.76585156134726
2014-08-08,-1.96391560187852
2014-08-11,4.70385144245444
2014-08-12,2.66686110776897
2014-08-13,-1.32454063211309
2014-08-14,0.730193270541868
2014-08-18,1.74592474258377
2014-08-19,0.0638850091601917
2014-08-20,-1.79626255328387
2014-08-21,-0.0785993102042859
2014-08-22,-1.33473608558061
2014-08-25,-1.60936385827499
2014-08-26,2.67803041880494
2014-08-27,0.266069525050661
2014-08-28,-0.0135578513725143
2014-08-29,-0.985135672668669
2014-09-01,1.26135275980284
2014-09-02,-0.63481080753558
2014-09-03,1.34754531086614
2014-09-04,-0.975393739092212
2014-09-05,-0.905624427210494
2014-09-08,-0.98019109943186
2014-09-09,-5.39252436756366
2014-09-10,-1.50725617581022
2014-09-11,0.935529426739645
2014-09-12,0.68538961978275
2014-09-15,-0.615026955998488
2014-09-16,-1.98014549982819
2014-09-17,1.19012763555624
2014-09-18,-3.22552932332067
2014-09-19,2.79183044121929
2014-09-22,-1.4599017570502
2014-09-23,-5.14557140446481
2014-09-24,-3.19291671403583
2014-09-25,3.82637511824448
2014-09-26,-1.31562074487306
2014-09-29,-1.4933688022194
2014-09-30,-1.93288550189274
2014-10-01,-0.0627642726735544
2014-10-02,-3.43374882409941
2014-10-03,4.14004667543351
2014-10-06,1.05261553040084
2014-10-07,-1.67963874051251
2014-10-08,-3.27733139536006
2014-10-09,-0.636617819033614
2014-10-10,-0.201067270585487
2014-10-13,-0.251472797788832
2014-10-14,-1.44349773660268
2014-10-15,-0.686467402490631
2014-10-16,-1.38544945232484
2014-10-17,1.14556927732741
2014-10-20,-0.79784828038818
2014-10-21,5.90810372612154
2014-10-22,-5.40560348997499
2014-10-23,1.56404207500369
2014-10-24,0.745254428628872
2014-10-27,-0.0502038459765153
2014-10-28,0.319834304712252
2014-10-29,4.90408242079328
2014-10-30,-3.89597647390678
2014-10-31,4.61486799486082
2014-11-03,-1.81781275843891
2014-11-04,-1.80070252407223
2014-11-05,-4.13451852055751
2014-11-06,2.13005986132133
2014-11-07,0.404806547364434
2014-11-10,-0.911828926701386
2014-11-12,0
2014-11-13,-1.22709493063144
2014-11-14,0.376885969329788
2014-11-17,1.59342409398997
2014-11-18,-0.776182642638545
2014-11-19,1.71541417265919
2014-11-20,-1.61481054244366
2014-11-21,2.42692530335784
2014-11-24,0.56020664866816
2014-11-25,1.46821969486837
2014-11-26,1.25721496756208
2014-11-27,0.189759585814553
2014-11-28,-0.206135042316991
2014-12-01,3.14989209631733
2014-12-02,5.94365428151482
2014-12-03,-3.20598712339519
2014-12-04,0.240581211916702
2014-12-05,0.689229152325233
2014-12-08,0.149803601899912
2014-12-09,-0.643601473810129
2014-12-10,-4.97345282781101
2014-12-11,-2.07330671302612
2014-12-12,-3.27634301126558
2014-12-15,-0.0818498101763154
2014-12-16,-1.360284783655
2014-12-17,3.6504740870579
2014-12-18,8.44321090229929
2014-12-19,-6.09349577288123
2014-12-22,3.34861830300408
2014-12-23,-2.90500727010903
2014-12-29,-1.80618407035595
2014-12-30,2.07496661559174
2015-01-02,1.41133478965871
2015-01-05,-3.80874631095995
2015-01-07,4.87917415323809
2015-01-08,4.53312691989769
2015-01-09,1.5644949674158
2015-01-12,1.48192323975715
2015-01-13,1.76962421982365
2015-01-14,-3.54284587467495
2015-01-15,-1.74463182506299
2015-01-16,-0.683893243025846
2015-01-19,-1.68239189899593
2015-01-20,1.72813057947012
2015-01-21,6.95891929025541
2015-01-22,-1.38442715389937
2015-01-23,1.39864422008955
2015-01-26,-0.0696829454308379
2015-01-27,0.485348288305065
2015-01-28,-1.47753622105036
2015-01-29,-1.92648408947296
2015-01-30,1.58971074755954
2015-02-02,-1.27528876856546
2015-02-03,1.24645204191083
2015-02-04,0
2015-02-05,1.42748094674419
2015-02-06,0.2768295576141
2015-02-09,-1.30996893149833
2015-02-10,0.615739039972318
2015-02-11,-3.65040639760696
2015-02-12,2.66916251142932
2015-02-13,1.39864422008955
2015-02-16,0
2015-02-17,-0.487374846053079
2015-02-18,-0.629108643244614
2015-02-19,1.10226642310751
2015-02-20,1.94030473934959
2015-02-23,1.48657371628946
2015-02-24,0.988435381655428
2015-02-25,2.31292582466534
2015-02-26,-0.731118340630932
2015-02-27,0.731118340630932
2015-03-02,1.03414084981175
2015-03-03,-0.321526737039868
2015-03-04,-1.1415649083677
2015-03-05,6.72041439102751
2015-03-06,-1.85830948685943
2015-03-09,0.395969753609737
2015-03-10,-0.794790386339628
2015-03-11,-0.964740833793254
2015-03-12,-0.316331339759479
2015-03-13,-1.44978213889226
2015-03-16,1.38768961904576
2015-03-17,-1.400811256645
2015-03-18,-0.668854779859451
2015-03-19,1.94277396835867
2015-03-20,-2.45931772502246
2015-03-23,2.20634844586858
2015-03-24,0
2015-03-25,1.97167929769941
2015-03-26,-1.08842869767045
2015-03-27,1.78265118666197
2015-03-30,1.49757705405955
2015-03-31,-1.41034734997652
2015-04-01,-2.12125876651941
2015-04-02,1.62594799527325
2015-04-07,-0.746957024203176
2015-04-08,3.02942736571552
2015-04-09,1.77895102973862
2015-04-10,1.21923170206957
2015-04-13,-0.993900766244238
2015-04-14,4.04160430915868
2015-04-15,-1.72777747957635
2015-04-16,1.61320448522275
2015-04-17,-3.48757688982291
2015-04-20,1.10583551762113
2015-04-21,-0.999297977277891
2015-04-22,0.671714063514006
2015-04-23,2.42349031322933
2015-04-24,-1.07210226355656
2015-04-27,1.70009738092789
2015-04-28,-2.85216736835983
2015-04-29,-1.83398091475269
2015-04-30,-2.14746004264343
2015-05-04,-0.415275716565144
2015-05-05,1.07218241713234
2015-05-06,2.12140879133367
2015-05-07,-1.56616439966912
2015-05-08,2.90833693581423
2015-05-11,1.79847084871225
2015-05-12,-0.669309405923002
2015-05-13,-6.84760994315505
2015-05-14,0.493434539464666
2015-05-15,1.95469574192941
2015-05-18,-1.46242811811286
2015-05-19,-1.74450649165916
2015-05-20,-3.14556248019384
2015-05-21,1.06390262256388
2015-05-22,-0.818898087292208
2015-05-25,-0.387541183397566
2015-05-26,-4.4313696326431
2015-05-27,2.6094420499045
2015-05-28,-0.791297204415731
2015-05-29,0.948539450300867
2015-06-01,0.131517163156047
2015-06-02,1.48164663589485
2015-06-03,-0.946628506651503
2015-06-05,2.66285781318336
2015-06-08,2.6292173044479
2015-06-09,-1.49393488702696
2015-06-10,-0.957488442832588
2015-06-11,-0.177793974588347
2015-06-12,1.15968033473033
2015-06-15,-0.150334425980159
2015-06-16,-0.756376629596289
2015-06-17,-1.27391918849922
2015-06-18,-2.19033823015344
2015-06-19,-0.921690349563242
2015-06-22,11.2356428409502
2015-06-23,-3.3662110948006
2015-06-24,1.33492753605715
2015-06-25,-0.762231875526176
2015-06-26,-0.328992757330315
2015-06-29,-0.771885293493391
2015-06-30,1.51308081219002
2015-07-01,-2.2770264679858
2015-07-02,0.345445341214123
2015-07-03,2.40253670030679
2015-07-06,-1.8482744008498
2015-07-07,-0.529001800427853
2015-07-08,-4.89398249228836
2015-07-09,0.414243672316772
2015-07-10,1.48659712406314
2015-07-13,4.88707136407927
2015-07-14,0.604126936998295
2015-07-15,0.814528546520243
2015-07-16,0.856411248654609
2015-07-17,-1.23954175507723
2015-07-20,-1.64332380175232
2015-07-21,-1.32402398530926
2015-07-22,-0.929070384622577
2015-07-23,0.941703027388296
2015-07-24,2.04055541714929
2015-07-27,-0.546062888098664
2015-07-28,-1.49449252905063
2015-07-29,-2.40990920491351
2015-07-30,2.1138863189738
2015-07-31,4.96157405593696
2015-08-03,-0.554908848667512
2015-08-04,4.36813840849801
2015-08-05,2.37609508945562
2015-08-06,-1.57393629831368
2015-08-07,0.325267080251823
2015-08-10,2.11860785154512
2015-08-11,4.39138361834202
2015-08-12,0.62807005888077
2015-08-13,-6.56709889798863
2015-08-14,4.51073477884032
2015-08-17,-4.74490418453808
2015-08-18,-2.20386313121734
2015-08-19,0.86489920049635
2015-08-20,0.789660071929799
2015-08-21,-6.02042679153794
2015-08-24,-12.4484339185242
2015-08-25,5.25132092139291
2015-08-26,-0.630634499785021
2015-08-27,8.05464880684452
2015-08-28,5.89351916850207
2015-08-31,1.004711926916
2015-09-01,-1.43181947379629
2015-09-02,-0.507759148248788
2015-09-03,1.92934245081906
2015-09-04,0.266934895798432
2015-09-07,-1.93571426745898
2015-09-08,0
2015-09-09,0
2015-09-10,1.82448333833571
2015-09-11,-0.700869550466265
2015-09-14,1.82561885595689
2015-09-15,2.87674165249321
2015-09-16,-1.85004891176215
2015-09-17,-2.40728826877641
2015-09-18,0.110378427105573
2015-09-21,2.0899625727262
2015-09-22,-1.4901365262042
2015-09-23,-2.73207848275741
2015-09-24,-2.41409076630097
2015-09-25,-0.465255834780098
2015-09-28,-3.00044354205804
2015-09-29,2.29727158414486
2015-09-30,4.03575545234309
2015-10-01,3.84468593160703
2015-10-02,-0.949368911138304
2015-10-05,0.622747918813271
2015-10-06,-0.513823397221458
2015-10-07,0.0112225888385886
2015-10-08,-3.46870102424797
2015-10-09,2.67553786247063
2015-10-12,0.0452350534136947
2015-10-13,0.407323346725708
2015-10-14,0.110289577561495
2015-10-15,0.460101135981361
2015-10-16,-0.9347597042626
2015-10-19,2.78835930457912
2015-10-20,2.90933548692243
2015-10-21,-3.60968411076827
2015-10-22,-0.411461599841445
2015-10-23,2.04058406837175
2015-10-26,0.520226423192227
2015-10-27,-0.828860228537742
2015-10-28,0.554422355276429
2015-10-29,-5.3077436598806
2015-10-30,3.01025696670205
2015-11-02,-1.46672878864713
2015-11-03,1.35774543674234
2015-11-04,2.16068149515243
2015-11-05,-0.0522807488055221
2015-11-06,0.0522807488055221
2015-11-09,6.33802163003852
2015-11-10,3.4306872625594
2015-11-12,-4.37333486864393
2015-11-13,0.743153946736452
2015-11-16,2.17785259947298
2015-11-17,1.07635083392461
2015-11-18,0.671806517981288
2015-11-19,1.62128758841042
2015-11-20,-0.524527671764208
2015-11-23,-1.14600402065994
2015-11-24,-2.83560975472028
2015-11-25,-0.990989466731662
2015-11-26,2.12768597355977
2015-11-27,0.828224062782379
2015-11-30,4.69761283432808
2015-12-01,-2.10796346052105
2015-12-02,-5.04730939783373
2015-12-03,6.68007713427317
2015-12-04,-1.02456969425253
2015-12-07,4.73683738503468
2015-12-08,-4.12274986707519
2015-12-09,-0.0478400238757004
2015-12-10,-3.18938068452095
2015-12-11,-2.38975527832057
2015-12-14,-0.69151723329286
2015-12-15,1.5279205574128
2015-12-16,-3.99756392826731
2015-12-17,-0.102407633092927
2015-12-18,-1.65826244388327
2015-12-21,3.07838991168676
2015-12-22,1.50284927123385
2015-12-23,-1.83530874279612
2015-12-28,0.0392919187783392
2015-12-29,0.4939656637581
2015-12-30,0
2016-01-04,-3.18568836647302
2016-01-05,5.17785104376545
2016-01-07,-1.69120668446947
2016-01-08,0.200817682061327
2016-01-11,-3.25298744223081
2016-01-12,1.64024064494859
2016-01-13,4.31991286177889
2016-01-14,-1.51571283177452
2016-01-15,-2.1975310532711
2016-01-18,-2.24690962168186
2016-01-19,1.53824973203109
2016-01-20,-1.33121469452142
2016-01-21,-2.71680274402426
2016-01-22,3.8958786085959
2016-01-25,1.58602930444474
2016-01-26,-2.22104506444341
2016-01-27,3.79342692052731
2016-01-28,-1.29153462037914
2016-01-29,2.95591003634215
2016-02-01,0.969153155254787
2016-02-02,-2.73360995887479
2016-02-03,-1.34202867435818
2016-02-04,0.449006855316636
2016-02-05,0.398222277715998
2016-02-08,-1.76271579372589
2016-02-09,-1.87653330024649
2016-02-10,-0.620689824782072
2016-02-11,-1.56609808256594
2016-02-12,-2.66740710108202
2016-02-15,-0.81329263353096
2016-02-16,-3.04342508755671
2016-02-17,6.52412482216969
2016-02-18,2.80155363236601
2016-02-19,-3.07667477821214
2016-02-22,-1.26336238598075
2016-02-23,1.64293905350643
2016-02-24,-0.273754266496251
2016-02-25,2.76739990857253
2016-02-26,-1.38477086491591
2016-02-29,-2.31402825742411
2016-03-01,0.857983320248223
2016-03-02,-1.34830082426243
2016-03-03,0.233992409073114
2016-03-04,-0.233992409073114
2016-03-07,2.58589920194918
2016-03-08,-3.20852998060328
2016-03-09,-1.79163679232701
2016-03-10,-1.16862765694545
2016-03-11,3.1968155363125
2016-03-14,-0.280622395128649
2016-03-15,-1.49667491559144
2016-03-16,-2.00899361672739
2016-03-17,2.00899361672739
2016-03-18,1.85199714172501
2016-03-21,0.652345165531365
2016-03-22,-0.288433374150721
2016-03-23,-0.589279483305649
2016-03-24,-0.268906243284484
2016-03-29,0.676395370548377
2016-03-30,1.72027388786864
2016-03-31,1.35905097707143
2016-04-01,-3.21862891576696
2016-04-04,0.790466093376008
2016-04-05,-1.9219308942966
2016-04-06,1.9219308942966
2016-04-07,-1.29666256567091
2016-04-08,-2.41067002495301
2016-04-11,-0.297668110709193
2016-04-12,-0.889208479962811
2016-04-13,0.445023327911542
2016-04-14,0
2016-04-15,-0.0888463699777908
2016-04-18,-0.356176957933751
2016-04-19,-2.0438229117854
2016-04-20,-0.559504227829866
2016-04-21,4.48395489380635
2016-04-22,2.11548806508901
2016-04-25,-2.89742863802775
2016-04-26,-2.2905607522997
2016-04-27,-1.06929246605967
2016-04-28,-0.0222283318551675
2016-04-29,-0.665624320950453
2016-05-02,0.756845995930977
2016-05-04,-1.86782377408123
2016-05-05,-2.53416285676566
2016-05-06,-2.57373060996455
2016-05-09,2.22742369076991
2016-05-10,-0.986734623598018
2016-05-11,-5.71110805777284
2016-05-12,-1.01704276874868
2016-05-13,-0.388726119516924
2016-05-16,-1.79595350019293
2016-05-17,3.59678333867572
2016-05-18,-0.395060950217196
2016-05-19,-4.78684860999623
2016-05-20,-3.54071297866625
2016-05-23,-2.6093582093524
2016-05-24,3.79888750801456
2016-05-25,0.862019929037139
2016-05-27,2.03902629986619
2016-05-30,-3.63291532967525
2016-05-31,-5.75981083302848
2016-06-01,0.0870857849965212
2016-06-02,0.701421416248049
2016-06-03,4.37393878666317
2016-06-06,0.347474751857746
2016-06-07,7.52953230498221
2016-06-08,-0.945865279088842
2016-06-09,-3.18337158613087
2016-06-10,-1.67940762921841
2016-06-13,-3.82553305342999
2016-06-14,6.1869015591177
2016-06-15,-0.80295302674056
2016-06-16,-8.07227851574739
2016-06-17,6.57812051592748
2016-06-20,-0.985146686731042
2016-06-21,4.11265682040591
2016-06-22,-0.227639290182413
2016-06-23,-2.07379914275583
2016-06-24,-3.11716472438412
2016-06-27,-2.08479239570902
2016-06-28,0.819462348725253
2016-06-29,0.528208354565507
2016-06-30,-2.12978286706438
2016-07-01,0.347872386747028
2016-07-04,-0.115823052936292
2016-07-05,-0.610650730338946
2016-07-06,0
2016-07-07,0
2016-07-08,0.0147584049383198
2016-07-11,4.82960233826768
2016-07-12,-1.35910127584333
2016-07-13,5.40597191640586
2016-07-14,0.240079962095674
2016-07-15,-2.64545470139437
2016-07-18,1.52102538389025
2016-07-19,1.36393427591086
2016-07-20,1.12390013640109
2016-07-21,0.682054095913998
2016-07-22,-2.71317360922287
2016-07-25,1.86087501178545
2016-07-26,-2.03597431336906
2016-07-27,0.683724003092134
2016-07-28,-0.978964321225906
2016-07-29,-2.33245117918033
2016-08-01,2.89632286077834
2016-08-02,-3.42211730672419
2016-08-03,-3.68584899079174
2016-08-04,3.07408006054573
2016-08-05,-0.558775263657552
2016-08-08,3.2847937176955
2016-08-09,1.14650415778224
2016-08-10,-1.78687431668356
2016-08-11,1.114213828291
2016-08-12,-1.36043419530623
2016-08-16,-1.12956207025201
2016-08-17,-2.65421922481419
2016-08-18,0.525063611252374
2016-08-19,-2.88575071913746
2016-08-22,-0.906884733656632
2016-08-23,-2.7267706301128
2016-08-24,-4.3687745050784
2016-08-25,0.0319035240147869
2016-08-26,1.73449939121362
2016-08-29,0.448862568313935
2016-08-30,1.27301369491164
2016-08-31,-2.17118812778798
2016-09-01,-0.798328549322758
2016-09-02,0.938365863036772
2016-09-05,2.68536019006351
2016-09-06,0.678847807369731
2016-09-07,-0.316730632828843
2016-09-08,-3.20326146994221
2016-09-09,-2.11029999734222
2016-09-12,-2.12128920084211
2016-09-13,1.29114085412017
2016-09-14,-0.530108401098417
2016-09-15,-2.54791904891878
2016-09-16,4.70117595533912
2016-09-19,-2.16956240630157
2016-09-20,1.55172319143144
2016-09-21,1.60704234942148
2016-09-22,2.02696961626376
2016-09-23,-1.23381425588667
2016-09-26,-0.496559680229947
2016-09-27,0.140103447580309
2016-09-28,1.37482832270104
2016-09-29,-2.09315983758298
2016-09-30,-3.49215733780834
2016-10-03,0.776331623748483
2016-10-04,1.1203147821047
2016-10-05,0.318256609644063
2016-10-06,-0.510020492727659
2016-10-07,1.34742051202048
2016-10-10,-0.917672307189132
2016-10-11,-3.22840323138438
2016-10-12,-0.955031134439555
2016-10-13,3.85041979636922
2016-10-14,-1.75240598048862
2016-10-17,-0.308784162305376
2016-10-18,0.551200581878408
2016-10-19,1.89117523506237
2016-10-20,-0.988933067496411
2016-10-21,-0.578844580686688
2016-10-24,1.59987883138735
2016-10-25,-0.621379977456993
2016-10-26,-1.46398827920224
2016-10-27,-0.487857928600466
2016-10-28,-0.488594943803111
2016-10-31,2.26427237195335
2016-11-02,-7.47253590832369
2016-11-03,-0.812116128800078
2016-11-04,-5.94445809433974
2016-11-07,1.73608730954795
2016-11-08,3.26372656270513
2016-11-09,-1.77011610794073
2016-11-10,-2.23870869450407
2016-11-14,-5.63473164198216
2016-11-15,0.481393264399221
2016-11-16,1.80921075669023
2016-11-17,-0.566790733035649
2016-11-18,0.681290192130835
2016-11-21,1.29234550249548
2016-11-22,6.83801648362383
2016-11-23,2.88041541139838
2016-11-24,2.84792868316135
2016-11-25,0.262001642289
2016-11-28,-0.0811802660575012
2016-11-29,-3.14840819332822
2016-11-30,3.96383643482601
2016-12-01,-2.30319560442194
2016-12-02,-0.919360223878218
2016-12-05,0.754363132821823
2016-12-06,2.3876065502888
2016-12-07,2.01316287796542
2016-12-08,5.43217920907066
2016-12-09,0.452561856734857
2016-12-12,0.374819289018991
2016-12-13,0.0302883452763858
2016-12-14,-2.47115401187585
2016-12-15,-4.58757437949187
2016-12-16,1.81632881555904
2016-12-19,-0.809085345785743
2016-12-20,-0.238363778506478
2016-12-21,-1.12211328200935
2016-12-22,-0.907503730094383
2016-12-23,0.907503730094383
2016-12-27,1.6159255594939
2016-12-28,1.83943566150617
2016-12-29,1.11536966812622
2016-12-30,-3.4970039244107
2017-01-02,1.78756058848064
2017-01-03,1.86354935710424
2017-01-04,1.52660581046389
2017-01-05,-2.26817680470228
2017-01-09,2.19308734511294
2017-01-10,4.3614920397431
2017-01-11,5.79457095688261
2017-01-12,-1.74072933149896
2017-01-13,-2.4422771044903
2017-01-16,1.96621690281962
2017-01-17,-1.39597170799783
2017-01-18,-1.14230842171033
2017-01-19,1.75071777399172
2017-01-20,-2.63184500823366
2017-01-23,-1.38543767408175
2017-01-24,0.790237186696263
2017-01-25,2.61863614333775
2017-01-26,1.67594926645265
2017-01-27,0
2017-01-30,-1.49088756228384
2017-01-31,-2.6284439422791
2017-02-01,0.419946582158026
2017-02-02,2.56188747959261
2017-02-03,0.576756250219823
2017-02-06,-2.40140873205021
2017-02-07,-0.302995220735625
2017-02-08,1.33327579330604
2017-02-09,1.23187216175769
2017-02-10,0.364780010900301
2017-02-13,0.405794789480751
2017-02-14,-1.05252184444637
2017-02-15,-0.212697699829967
2017-02-16,1.57095047172158
2017-02-17,-1.6409970054954
2017-02-20,-0.56789815760121
2017-02-21,1.69269583061702
2017-02-22,2.28146777661715
2017-02-23,-1.09928632653684
2017-02-24,-0.916697067865258
2017-02-27,0.014101786719678
2017-02-28,-3.34650086422803
2017-03-01,1.35983616990982
2017-03-02,1.00609797564077
2017-03-03,-0.113982857922412
2017-03-06,0.0854993212139554
2017-03-07,-1.37683957985537
2017-03-08,-0.730501552677865
2017-03-09,2.02184181131928
2017-03-10,-0.877732422951905
2017-03-13,1.97228199955175
2017-03-14,-0.980566718677434
2017-03-15,-1.6627086281777
2017-03-16,-0.473116041063992
2017-03-17,2.13582466924169
2017-03-20,-0.608460306363412
2017-03-21,-1.74289424184986
2017-03-22,-1.11710073481257
2017-03-23,2.73240645378836
2017-03-24,-0.3117706630821
2017-03-27,-1.24669492814906
2017-03-28,2.28027366625421
2017-03-29,0.014240754214434
2017-03-30,-0.707363067218658
2017-03-31,-2.00619430139444
2017-04-03,0.173962663836758
2017-04-04,-0.173962663836758
2017-04-05,0.433612137249106
2017-04-06,0.100469594560337
2017-04-07,0.674458097037167
2017-04-10,-1.06379343868204
2017-04-11,0.0146092038243673
2017-04-12,-0.0146092038243673
2017-04-13,0.0292162736721835
2017-04-18,-1.29366008484064
2017-04-19,-0.176229766233682
2017-04-20,2.07420928460209
2017-04-21,-1.0243927955548
2017-04-24,1.36932567280574
2017-04-25,0.327885721631382
2017-04-26,0.66832198740121
2017-04-27,-1.83013911570269
2017-04-28,-1.27738159394486
2017-05-02,0.423195234760243
2017-05-04,0.709649181403815
2017-05-05,-1.14762223173424
2017-05-08,0.188991315406994
2017-05-09,-1.08564528461201
2017-05-10,-1.18655248360149
2017-05-11,2.44758081870309
2017-05-12,-1.34904797363804
2017-05-15,-0.666384609945769
2017-05-16,-2.61981175524131
2017-05-17,-2.09631678184889
2017-05-18,1.68365188397122
2017-05-19,2.60032841799971
2017-05-22,1.71749954319722
2017-05-23,-4.71665219269317
2017-05-24,0.0450832103771504
2017-05-25,1.22344580910942
2017-05-26,-0.167492644127698
2017-05-29,0.394465719515402
2017-05-30,-1.45041888449713
2017-05-31,-2.63146142996566
2017-06-01,-0.55363684680767
2017-06-02,3.21617830810359
2017-06-05,0.96333751027684
2017-06-06,3.07310877925788
2017-06-07,-4.12816017973556
2017-06-08,2.71547381674688
2017-06-09,3.63081825579226
2017-06-12,0.561807407204729
2017-06-13,-1.02409391133946
2017-06-14,0.260664695749835
2017-06-16,-1.85398237047654
2017-06-19,-1.82980981661682
2017-06-20,-0.601169140516244
2017-06-21,0.855764880202248
2017-06-22,1.04340917265278
2017-06-23,2.21159797921242
2017-06-26,1.99442388851283
2017-06-27,-1.25729650234829
2017-06-28,-9.05847345393926
2017-06-29,-0.0143306397283105
2017-06-30,-0.299821607604578
2017-07-03,0.204231490715756
2017-07-04,-0.617157606802277
2017-07-05,1.90155132740752
2017-07-06,0.542984919023759
2017-07-07,-0.823476751204932
2017-07-10,-1.31999915189223
2017-07-11,1.28843399325191
2017-07-12,1.8873352585298
2017-07-13,2.2272499133809
2017-07-14,1.10278619184525
2017-07-17,-1.76393808837982
2017-07-18,-1.94943350088668
2017-07-19,0.429794531226602
2017-07-20,1.27841011287266
2017-07-21,0.841767343780475
2017-07-24,2.04794531100898
2017-07-25,0.965077284237292
2017-07-26,0.652375412486084
2017-07-27,-1.27942921731803
2017-07-28,1.00433795649684
2017-07-31,2.00907547384057
2017-08-01,2.35879406132424
2017-08-02,0.48414047858456
2017-08-03,-0.742560329708475
2017-08-04,1.65961552692924
2017-08-07,-0.70789385763268
2017-08-08,-0.0696718484255676
2017-08-09,-0.755565368620648
2017-08-10,-3.5016081871249
2017-08-11,1.7589842211124
2017-08-14,-1.0054666723291
2017-08-16,-1.11781667663342
2017-08-17,-1.93093183361208
2017-08-18,2.04765201027151
2017-08-21,1.47636203056001
2017-08-22,-2.3256862164267
2017-08-23,1.30033244289978
2017-08-24,-4.10397566522809
2017-08-25,2.06563249256604
2017-08-28,3.06369694618898
2017-08-29,0.387180522398545
2017-08-30,-0.588532524843188
2017-08-31,-0.809486929631476
2017-09-01,-1.10917657867926
2017-09-04,-0.869634782661244
2017-09-05,-0.118500976687397
2017-09-06,-2.17253282142869
2017-09-07,-0.0302984398621753
2017-09-08,0.574106426540322
2017-09-11,-0.953613523395447
2017-09-12,0.515777842448717
2017-09-13,-0.744175353231746
2017-09-14,0.441098897568448
2017-09-15,0.771037155666043
2017-09-18,1.16785277017586
2017-09-19,2.83238539191562
2017-09-20,3.25984312422358
2017-09-21,2.48975516217271
2017-09-22,0.789227120126323
2017-09-25,0.29774010356407
2017-09-26,0.3776643280335
2017-09-27,3.59636853691789
2017-09-28,3.52167037998985
2017-09-29,0.0501378802180596
2017-10-02,-1.00756519887417
2017-10-03,-1.59493014076784
2017-10-04,-1.12527863973062
2017-10-05,0.155965719164719
2017-10-06,2.19647903006743
2017-10-09,-3.04421804897173
2017-10-10,-2.10450490772791
2017-10-11,0.480385231264524
2017-10-12,0.504582135497156
2017-10-13,-1.68295677770338
2017-10-16,1.72268398474111
2017-10-17,-2.52057854167171
2017-10-18,-0.886470176024812
2017-10-19,2.03396842371228
2017-10-20,0.321629867182427
2017-10-23,-3.13948458501034
2017-10-24,-0.470523979074766
2017-10-25,-1.57990004151634
2017-10-26,-0.735505437331785
2017-10-27,-0.227402030910895
2017-10-30,2.13972127352813
2017-10-31,1.65749650942129
2017-11-02,-1.24053968574875
2017-11-03,-1.25612258729735
2017-11-06,0.560225554866989
2017-11-07,5.96382663197312
2017-11-08,1.56661167443994
2017-11-09,-2.35921820168201
2017-11-10,-3.61908251446872
2017-11-13,-3.52681388374574
2017-11-14,0.978106883516006
2017-11-15,-1.26341378175665
2017-11-16,1.67166380326877
2017-11-17,0.126360143173176
2017-11-20,2.93122050431922
2017-11-21,1.9965589685623
2017-11-22,0.824692090893908
2017-11-23,-2.00702482140738
2017-11-24,-1.44298719413172
2017-11-27,-1.28339579800869
2017-11-28,-2.07697614863855
2017-11-29,-0.454804649790397
2017-11-30,1.55480163884842
2017-12-01,0.976979159580527
2017-12-04,-1.41270969647609
2017-12-05,-1.40437800019351
2017-12-06,0
2017-12-07,-2.09318360410364
2017-12-08,1.52011613320511
2017-12-11,0.143575042610422
2017-12-12,-0.0430508724450718
2017-12-13,-0.604666397457976
2017-12-14,-4.35332478756312
2017-12-15,3.01590116008708
2017-12-18,3.1121946993097
2017-12-19,0.226725334475208
2017-12-20,-2.53722490110615
2017-12-21,1.03987072208991
2017-12-22,-2.67925169965748
2017-12-27,1.29034048359076
2017-12-28,-1.14286958236223
2017-12-29,2.53178079842895
2018-01-03,-0.287769982761521
2018-01-04,6.95690743262878
2018-01-05,-1.21705356202559
2018-01-08,0
2018-01-09,-0.272479732618525
2018-01-10,-1.99799963675718
2018-01-11,1.58788286233573
2018-01-12,0.682596507039968
2018-01-15,-0.545703946305753
2018-01-16,0.749577615290598
2018-01-17,-0.203873668984844
2018-01-18,3.27898228229913
2018-01-19,0
2018-01-22,-1.25871155054718
2018-01-23,0.465581153619432
2018-01-24,-1.13447996869906
2018-01-25,-5.37689808863178
2018-01-26,3.68481033979808
2018-01-29,-1.58242036062735
2018-01-30,-1.5374167249588
2018-01-31,-0.423430413878823
2018-02-01,1.82205461135281
2018-02-02,-3.53393664453092
2018-02-05,-2.18190473946391
2018-02-06,-5.75044944801917
2018-02-07,3.82017422256631
2018-02-08,-1.3585114590307
2018-02-09,-2.61754744046474
2018-02-12,-2.20829162877489
2018-02-13,1.8175134839673
2018-02-14,-0.156739844001219
2018-02-15,-0.866488288572409
2018-02-16,1.17972268720399
2018-02-19,-0.548805767877525
2018-02-20,-0.947874395454384
2018-02-21,-2.57248912384362
2018-02-22,-4.41186821288282
2018-02-23,1.43644210470359
2018-02-26,-0.927103142793317
2018-02-27,2.09475610897689
2018-02-28,-3.7166439875274
2018-03-01,-2.70404612957362
2018-03-02,0
2018-03-05,-1.33513331748647
2018-03-06,1.06952891167484
2018-03-07,0.177147964838209
2018-03-08,7.4171181281141
2018-03-09,3.47229069579962
2018-03-12,-1.60003413464409
2018-03-13,-2.11906869796392
2018-03-14,-3.09518643591664
2018-03-15,-1.97346601922321
2018-03-16,-1.57208477869482
2018-03-19,3.37548272971624
2018-03-20,2.10534091978323
2018-03-21,0
2018-03-22,-1.51136378100478
2018-03-23,-1.44868319662423
2018-03-26,-3.76082799171593
2018-03-27,0
2018-03-28,-1.25562187754129
2018-03-29,1.07720969819116
2018-04-03,1.15402967388656
2018-04-04,2.35510230724039
2018-04-05,-3.15262536467733
2018-04-06,0.885745383406089
2018-04-09,-0.885745383406089
2018-04-10,-1.25337361472573
2018-04-11,0.718135940866471
2018-04-12,0.890477834296011
2018-04-13,-0.711746776886368
2018-04-16,1.59436503971353
2018-04-17,-0.705470297988953
2018-04-18,0.705470297988953
2018-04-19,1.91476694141341
2018-04-20,0
2018-04-23,-1.56388938844545
2018-04-24,-2.57220389404109
2018-04-25,-2.27179238596569
2018-04-26,-4.51204352804693
2018-04-27,-0.675352301577981
2018-04-30,3.51914583363131
2018-05-02,-0.562325755436222
2018-05-04,-5.9039881939654
2018-05-07,2.26722377687794
2018-05-08,-0.390625496706498
2018-05-09,3.55635748377567
2018-05-10,-3.458557964978
2018-05-11,0.390244397693174
2018-05-14,-1.57019909080871
2018-05-15,-2.38225658693478
2018-05-16,-1.55168486906843
2018-05-17,-0.61919702479214
