2004-12-03,-1.60910720149019
2004-12-06,-1.96599808994327
2004-12-07,-2.11635805879027
2004-12-08,-0.563079297233049
2004-12-09,0.563079297233049
2004-12-10,-0.563079297233049
2004-12-13,-2.75726208933853
2004-12-14,2.18967360031979
2004-12-15,-1.03278453146189
2004-12-16,3.17295166302527
2004-12-17,0
2004-12-20,-1.57257864254463
2004-12-21,0
2004-12-22,-0.567588489018744
2004-12-23,0.567588489018744
2004-12-24,1.01387089888352
2004-12-27,1.11302574224914
2004-12-28,-0.554317998588028
2004-12-29,0
2004-12-30,0.554317998588028
2004-12-31,0
2005-01-03,0
2005-01-04,-0.554317998588028
2005-01-05,-3.17295166302527
2005-01-06,0
2005-01-07,0
2005-01-10,-0.576771553361466
2005-01-11,-1.63315878299763
2005-01-12,0.586240703999219
2005-01-13,1.04691807899842
2005-01-14,0.576771553361466
2005-01-17,0
2005-01-18,0.57611740208463
2005-01-19,0
2005-01-20,0.456667129377264
2005-01-21,-4.42560846512621
2005-01-24,1.18289359730521
2005-01-25,-0.589697762271535
2005-01-26,1.64273902977274
2005-01-27,0
2005-01-28,1.15688906885789
2005-01-31,0
2005-02-01,2.16345231771369
2005-02-02,0
2005-02-03,0
2005-02-04,0
2005-02-07,1.00949934531158
2005-02-08,0
2005-02-09,0
2005-02-10,0
2005-02-11,1.10685871347869
2005-02-14,-1.10685871347869
2005-02-15,-0.558707743661113
2005-02-16,1.11302574224914
2005-02-17,0.99391299994589
2005-02-18,0
2005-02-21,-1.54823099853392
2005-02-22,3.07285680342195
2005-02-23,5.98013494246565
2005-02-24,0
2005-02-25,5.64148864475955
2005-02-28,-1.84497934722176
2005-03-01,1.84497934722176
2005-03-02,-1.84497934722176
2005-03-03,1.36280808723228
2005-03-04,-2.34872432559863
2005-03-07,2.83089558558811
2005-03-08,-0.482171259989483
2005-03-09,-0.483380551580792
2005-03-10,0
2005-03-11,-0.879427535651489
2005-03-14,-1.3839427390649
2005-03-15,0.398026500698556
2005-03-16,0
2005-03-17,-1.79671563667414
2005-03-18,4.14543996227277
2005-03-21,3.61333183162706
2005-03-22,3.48313216786589
2005-03-23,6.5497791382723
2005-03-24,-1.98613316902208
2005-03-29,0.785331338770145
2005-03-30,-1.19535241422448
2005-03-31,2.79648676175981
2005-04-01,3.14624070935419
2005-04-04,3.76214106896842
2005-04-05,-0.400948231685172
2005-04-06,-2.22508372036549
2005-04-07,6.24298200690898
2005-04-11,2.10040702032965
2005-04-12,-2.10040702032965
2005-04-13,1.41957533025172
2005-04-14,-3.25189036849318
2005-04-15,0.383398445659733
2005-04-18,3.54932361291138
2005-04-19,1.39027357636183
2005-04-20,-1.39027357636183
2005-04-21,-2.10040702032965
2005-04-22,-0.377872939634161
2005-04-25,0
2005-04-26,-1.76759942516767
2005-04-27,-0.386083532330694
2005-04-28,0.386083532330694
2005-04-29,1.07848988663486
2005-05-02,3.16738949849662
2005-05-04,1.09337383754644
2005-05-05,0
2005-05-06,0.296899738815393
2005-05-09,1.38791814507355
2005-05-10,-0.653706652412467
2005-05-11,-1.38855842057404
2005-05-12,-0.735926648448881
2005-05-13,-1.04468897446877
2005-05-16,2.13806281201521
2005-05-17,-3.19378085787609
2005-05-18,0
2005-05-19,0.751489031168484
2005-05-20,1.70900068275541
2005-05-23,-1.70900068275541
2005-05-24,1.04785544186194
2005-05-25,0
2005-05-27,0
2005-05-30,1.03698919574811
2005-05-31,-0.375843954854638
2005-06-01,-0.360082693594244
2005-06-02,-2.10040702032965
2005-06-03,0.367711848399521
2005-06-06,0.383777182768963
2005-06-07,-0.383777182768963
2005-06-08,0
2005-06-09,0.383777182768963
2005-06-10,0
2005-06-13,0.668086299083237
2005-06-14,-1.41957533025172
2005-06-15,0
2005-06-16,-2.91913581356114
2005-06-17,2.23263426159312
2005-06-20,-0.380480926198956
2005-06-21,0
2005-06-22,0
2005-06-23,2.8663269511974
2005-06-24,-0.743626427169541
2005-06-27,-0.688006197461366
2005-06-28,0
2005-06-29,0.383777182768963
2005-06-30,-0.383777182768963
2005-07-01,0.383777182768963
2005-07-04,0
2005-07-05,0
2005-07-06,1.04785544186194
2005-07-07,-0.743626427169541
2005-07-08,1.40477166806301
2005-07-11,-1.70900068275541
2005-07-12,1.34891798916117
2005-07-13,4.48437854699915
2005-07-14,1.3378125946176
2005-07-15,0.283206079971832
2005-07-18,3.29045023199863
2005-07-19,0
2005-07-20,2.46354016249208
2005-07-21,0
2005-07-22,-1.52968123571209
2005-07-25,1.85716334552728
2005-07-26,3.91417515855901
2005-07-27,5.22068201120169
2005-07-28,0
2005-07-29,-0.836241806965488
2005-08-01,-0.245226957714051
2005-08-02,0.245226957714051
2005-08-03,0.300457899930251
2005-08-04,7.64027327958532
2005-08-05,-0.498948062480586
2005-08-08,0
2005-08-09,0.285417941553634
2005-08-10,-1.067996606147
2005-08-11,4.68116154786622
2005-08-12,1.01321768128231
2005-08-16,6.11738155883423
2005-08-17,4.61021135501447
2005-08-18,-1.35919535194668
2005-08-19,4.04502410223357
2005-08-22,-0.885466306329352
2005-08-23,-2.7212563524885
2005-08-24,-4.65387056516211
2005-08-25,-3.39947307639306
2005-08-26,0
2005-08-29,0.937554122990036
2005-08-30,6.67748807514941
2005-08-31,-0.479833825888143
2005-09-01,-0.448037046090732
2005-09-02,-1.42544703996732
2005-09-05,1.42544703996732
2005-09-06,0.448037046090732
2005-09-07,5.81984391959391
2005-09-08,0.410240592401312
2005-09-09,-0.410240592401312
2005-09-12,2.99770027263153
2005-09-13,2.07155026068961
2005-09-14,4.86814113825349
2005-09-15,-1.59816303471798
2005-09-16,0
2005-09-19,0.38237215076955
2005-09-20,-2.38660631912264
2005-09-21,-3.33729419587203
2005-09-22,1.68002101875864
2005-09-23,-3.39402023456605
2005-09-26,2.94979064958101
2005-09-27,-0.796366630739032
2005-09-28,-0.43942480303456
2005-09-29,-0.410145163897813
2005-09-30,0.849569966932373
2005-10-03,-3.02688448326478
2005-10-04,0.873460464422804
2005-10-05,-0.873460464422804
2005-10-06,-2.17142789445464
2005-10-07,-2.65948227319708
2005-10-10,2.24021727744885
2005-10-11,3.04690290112024
2005-10-12,1.27269664212788
2005-10-13,-3.02394267904802
2005-10-14,0
2005-10-17,-1.77149663315554
2005-10-18,0.895104764703669
2005-10-19,-0.895104764703669
2005-10-20,0
2005-10-21,0
2005-10-24,-2.24541658353306
2005-10-25,2.24541658353306
2005-10-26,-2.68371802694878
2005-10-27,1.78052871723358
2005-10-28,0.903189309715202
2005-10-31,4.39224463063206
2005-11-02,2.49753914253006
2005-11-03,-0.796366630739032
2005-11-04,0
2005-11-07,-1.29797783021952
2005-11-08,-0.855446188622455
2005-11-09,2.94979064958101
2005-11-10,1.65955748672975
2005-11-14,7.13322576776423
2005-11-15,3.77108187303925
2005-11-16,-1.89535948578849
2005-11-17,-1.47814474528158
2005-11-18,-0.763809622351319
2005-11-21,3.38984157440199
2005-11-22,-0.743938987071946
2005-11-23,0
2005-11-24,-0.403948219697137
2005-11-25,2.58799515940189
2005-11-28,2.55766154212385
2005-11-29,5.1721356017489
2005-11-30,2.33317265084416
2005-12-01,2.27997454999969
2005-12-02,3.19690408862754
2005-12-05,-3.19690408862754
2005-12-06,-3.26155253601623
2005-12-07,0
2005-12-08,1.64004650263698
2005-12-09,0.349685840363012
2005-12-12,2.25736055457713
2005-12-13,-1.94488533838255
2005-12-14,0
2005-12-15,-1.63726538209188
2005-12-16,-0.988812502218472
2005-12-19,0.634454963828945
2005-12-20,1.32946186392382
2005-12-21,3.55188612601522
2005-12-22,0.635267088384994
2005-12-23,0
2005-12-27,-0.305509064508991
2005-12-28,-0.329758023876003
2005-12-29,-0.303561237194483
2005-12-30,-0.979209578958473
2006-01-02,0.639531360700119
2006-01-03,6.18362930936813
2006-01-04,0
2006-01-05,-1.21321209919598
2006-01-06,1.81434285887598
2006-01-09,4.07810639939705
2006-01-10,5.55783850707265
2006-01-11,-0.549095374532627
2006-01-12,-1.65204033133692
2006-01-13,-1.94579994840183
2006-01-16,3.88773901828001
2006-01-17,0.259196635991366
2006-01-18,-1.35656462367453
2006-01-19,4.82036849029304
2006-01-20,-1.84417533590899
2006-01-23,-0.819703596246546
2006-01-24,4.20038861844088
2006-01-25,3.05602220498318
2006-01-26,-2.02901925544414
2006-01-27,0.268356013388837
2006-01-30,-0.782109414558363
2006-01-31,-2.85765586700917
2006-02-01,2.61552880502145
2006-02-02,-0.520826290564758
2006-02-03,-4.49539342219269
2006-02-06,1.36441220418133
2006-02-07,0.787123920809618
2006-02-08,0.249154782745054
2006-02-09,2.09470251445669
2006-02-10,0
2006-02-13,-1.04346559809074
2006-02-14,0
2006-02-15,-2.08751561992062
2006-02-16,-0.28122055092239
2006-02-17,1.31749925447706
2006-02-20,1.05123691636595
2006-02-21,-1.05123691636595
2006-02-22,1.05123691636595
2006-02-23,-1.5534167797679
2006-02-24,1.03078705721797
2006-02-27,-0.777761976561075
2006-02-28,0.249154782745054
2006-03-01,-0.502179863401953
2006-03-02,0
2006-03-03,-0.279720462106114
2006-03-06,-2.42310228328875
2006-03-07,-5.00874313254003
2006-03-08,6.89624648685978
2006-03-09,-0.79891273643673
2006-03-10,0.260429691112574
2006-03-13,6.75300255299507
2006-03-14,0.503408270428984
2006-03-15,-0.771492553936115
2006-03-16,0
2006-03-17,-0.237871013135971
2006-03-20,-2.29636244209406
2006-03-21,-1.8171576386881
2006-03-22,1.8171576386881
2006-03-23,-1.28680588210237
2006-03-24,0
2006-03-27,0
2006-03-28,-1.31007649575627
2006-03-29,0.502179863401953
2006-03-30,0.277544875768587
2006-03-31,-0.526699658513641
2006-04-03,-0.532745542763013
2006-04-04,-1.33451166540572
2006-04-05,1.33451166540572
2006-04-06,0
2006-04-07,-0.535598928968994
2006-04-10,-2.98470093334338
2006-04-11,-0.260122099952387
2006-04-12,0.811903326311869
2006-04-13,1.09451172719677
2006-04-18,1.07937870237467
2006-04-19,0.259029277412459
2006-04-20,1.59504413024565
2006-04-21,7.82934339202717
2006-04-24,5.1856373401816
2006-04-25,-1.85052970466466
2006-04-26,2.77152028754952
2006-04-27,0.461519916299391
2006-04-28,0.453843827265521
2006-05-02,0.667269036355389
2006-05-04,-0.667269036355389
2006-05-05,3.55309149885485
2006-05-08,2.15101982468586
2006-05-09,0
2006-05-10,0.426797186358963
2006-05-11,-0.201388866140251
2006-05-12,-3.46818618885685
2006-05-15,-4.05746949121331
2006-05-16,2.0506948721589
2006-05-17,-1.36992257941309
2006-05-18,0.701227921928638
2006-05-19,-0.91733499302582
2006-05-22,-1.61444580540318
2006-05-23,-4.76600851148641
2006-05-24,1.20852788057872
2006-05-25,-0.23104960069773
2006-05-26,1.42222263860377
2006-05-29,-0.477705581451904
2006-05-30,-3.13924447340646
2006-05-31,0.724903500571639
2006-06-01,1.70087351638069
2006-06-02,3.55748063090768
2006-06-05,1.37252608348968
2006-06-06,-0.222745499735133
2006-06-07,0.46466522164863
2006-06-08,0.697159599945563
2006-06-09,-1.88990430173051
2006-06-12,-2.88746462244505
2006-06-13,-2.45609229387926
2006-06-14,0
2006-06-16,2.45609229387926
2006-06-19,0
2006-06-20,-1.21902457676071
2006-06-21,-0.746371980570748
2006-06-22,-0.257015771617475
2006-06-23,1.99387428632001
2006-06-26,-0.505809047810191
2006-06-27,1.23646462473994
2006-06-28,0.950594029606044
2006-06-29,0
2006-06-30,0.718517777654126
2006-07-03,0
2006-07-04,0
2006-07-05,0.488509591807285
2006-07-06,1.42047039086171
2006-07-07,3.22077902072948
2006-07-10,1.78766371349082
2006-07-11,-1.55939654189883
2006-07-12,0.678995751102418
2006-07-13,-0.678995751102418
2006-07-14,-0.465237334372093
2006-07-17,0.912107957628994
2006-07-18,-0.912107957628994
2006-07-19,0.682151277507481
2006-07-20,1.34248259876344
2006-07-21,-1.78766371349082
2006-07-24,-0.236970162780104
2006-07-25,0.682151277507481
2006-07-26,0.229956680121512
2006-07-27,2.23395352500448
2006-07-28,-0.230167965418016
2006-07-31,1.3156353428426
2006-08-01,-1.98000132622154
2006-08-02,-1.33941957620753
2006-08-03,-1.1250424379099
2006-08-04,1.35716756575541
2006-08-07,0.88040079079641
2006-08-08,0.455933919619333
2006-08-09,1.32396262896624
2006-08-10,-0.658468942223012
2006-08-11,-1.12142760636256
2006-08-14,0
2006-08-16,0
2006-08-17,-0.211340215899325
2006-08-18,0.874555634130525
2006-08-21,-0.436321760665592
2006-08-22,0.436321760665592
2006-08-23,-0.207281498611867
2006-08-24,-0.895165436206113
2006-08-25,0.666125174152388
2006-08-28,0
2006-08-29,0.664365983378934
2006-08-30,-0.664365983378934
2006-08-31,0
2006-09-01,1.09516759582466
2006-09-04,-0.494389564671804
2006-09-05,1.15416300955444
2006-09-06,-0.860407091910353
2006-09-07,1.33610061830289
2006-09-08,1.05049794301593
2006-09-11,1.04213063583778
2006-09-12,0.0204258796604684
2006-09-13,6.18942955488264
2006-09-14,1.98868502838825
2006-09-15,0.38272390839369
2006-09-18,-2.37140893678194
2006-09-19,-2.00455115332749
2006-09-20,-0.53024476160366
2006-09-21,-0.513277210177998
2006-09-22,-0.620426360428405
2006-09-25,0.620426360428405
2006-09-26,0.616600794365851
2006-09-27,-1.23702715479426
2006-09-28,-0.191869288768665
2006-09-29,-4.46297736658172
2006-10-02,-2.20977243960871
2006-10-03,0.229040262053726
2006-10-04,3.05209224806204
2006-10-05,-2.38659856131882
2006-10-06,2.47428845423063
2006-10-09,1.41047506064065
2006-10-10,1.67622108067791
2006-10-11,1.64612770540722
2006-10-12,-0.807282228514206
2006-10-13,-1.87908199844062
2006-10-16,-1.07159299718451
2006-10-17,-1.43998374015948
2006-10-18,-0.693932845845824
2006-10-19,2.98805772881221
2006-10-20,-1.05091362749303
2006-10-23,-2.39197550022059
2006-10-24,-1.7549410407073
2006-10-25,-0.666125174152388
2006-10-26,-0.231102137091499
2006-10-27,-0.210067137118131
2006-10-30,1.10729444836202
2006-10-31,-0.666125174152388
2006-11-02,-0.44116927420963
2006-11-03,-1.1687793211598
2006-11-06,2.41728850596328
2006-11-07,2.06855770316725
2006-11-08,-0.454831398901412
2006-11-09,0
2006-11-10,-1.43017900261913
2006-11-13,-2.13276953274888
2006-11-14,-0.23375928013345
2006-11-15,-0.209760759042377
2006-11-16,2.36877646138383
2006-11-17,-0.55548280101223
2006-11-20,1.58086106360993
2006-11-21,1.49135439840942
2006-11-22,-1.19392705537416
2006-11-23,0.539946793041279
2006-11-24,-0.426998435201575
2006-11-27,0.656769548588754
2006-11-28,2.1339165860053
2006-11-29,5.08668567820596
2006-11-30,0.710817528323249
2006-12-01,0.598092217034107
2006-12-04,0.205741699369
2006-12-05,1.57677746033857
2006-12-06,0
2006-12-07,0
2006-12-08,0
2006-12-11,-1.98868502838825
2006-12-12,0.105533312747141
2006-12-13,-3.15360643785629
2006-12-14,1.04352197178166
2006-12-15,-2.07304888282303
2006-12-18,1.24453558185786
2006-12-19,-1.24453558185786
2006-12-20,0
2006-12-21,2.07304888282303
2006-12-22,0
2006-12-27,-1.04352197178166
2006-12-28,2.9472327804295
2006-12-29,0.100840344679654
2007-01-02,-2.36510635684479
2007-01-03,-1.71249367930573
2007-01-04,-2.53139624146743
2007-01-05,-0.955687906483993
2007-01-08,-2.73939413434099
2007-01-09,2.18134972982735
2007-01-10,0.870742518234691
2007-01-11,0.110889057845931
2007-01-12,0.951667457652317
2007-01-15,-0.196772484686125
2007-01-16,0.632380922740339
2007-01-17,0
2007-01-18,0.418532704752694
2007-01-19,1.77626345976463
2007-01-22,2.77121144566812
2007-01-23,0.289827272726884
2007-01-24,-0.500478553392059
2007-01-25,0.210651280665175
2007-01-26,0
2007-01-29,-0.0217709455497594
2007-01-30,-1.19496670113475
2007-01-31,0
2007-02-01,-0.828513300965161
2007-02-02,-1.24453558185786
2007-02-05,3.07913524884236
2007-02-06,-2.6700346982294
2007-02-07,2.33498534138579
2007-02-08,-2.33498534138579
2007-02-09,0.620426360428405
2007-02-12,-0.190681434148354
2007-02-13,1.23420340593001
2007-02-14,-2.07304888282303
2007-02-15,1.64612770540722
2007-02-16,1.07606809906535
2007-02-19,0.128839369736067
2007-02-20,-1.82150826316727
2007-02-21,0.979844861550383
2007-02-22,-1.60027122197879
2007-02-23,1.04751895784263
2007-02-26,-1.77708445649096
2007-02-27,-3.07348282601927
2007-02-28,-0.204496401979437
2007-03-01,-1.41701983513181
2007-03-02,-4.37567284539404
2007-03-05,-3.95985989308181
2007-03-06,2.81383423321864
2007-03-07,4.51796573274255
2007-03-08,4.54358266963184
2007-03-09,0.109022233584177
2007-03-12,2.29215581276163
2007-03-13,2.15357131654526
2007-03-14,0.210651280665175
2007-03-15,3.05840061985734
2007-03-16,3.75474262448297
2007-03-19,5.3107098415019
2007-03-20,2.55320416712137
2007-03-21,1.82124239232984
2007-03-22,2.53326766186244
2007-03-23,0.41305469337094
2007-03-26,-3.12285215455046
2007-03-27,-2.42047914210697
2007-03-28,-0.709732183714662
2007-03-29,2.70402606250677
2007-03-30,-1.46737470981511
2007-04-02,-0.965682898652886
2007-04-03,7.14421970357733
2007-04-04,6.42432310128802
2007-04-05,4.80198903676099
2007-04-10,3.31183594675695
2007-04-11,0
2007-04-12,0
2007-04-13,4.16855480249181
2007-04-16,-4.09369558535797
2007-04-17,2.03197092651912
2007-04-18,0.702456494196291
2007-04-19,2.04743942484846
2007-04-20,0
2007-04-23,-1.97796051386492
2007-04-24,-0.771935405179835
2007-04-25,0
2007-04-26,1.11366369256549
2007-04-27,0.269914581249076
2007-04-30,-1.38357827381457
2007-05-02,2.2036507995149
2007-05-04,-0.197446317154082
2007-05-07,-0.622626208546251
2007-05-08,0.678146385024281
2007-05-09,1.89841252628309
2007-05-10,-3.25768069092565
2007-05-11,-0.702456494196291
2007-05-14,-0.0583445176872921
2007-05-15,-2.04848562596567
2007-05-16,-0.705401013757001
2007-05-17,0
2007-05-18,0.705401013757001
2007-05-21,2.04848562596567
2007-05-22,1.30047307302119
2007-05-23,7.27997797664273
2007-05-24,-1.79739868604889
2007-05-25,-0.268356013388793
2007-05-28,0.912893286444127
2007-05-29,2.16540879538494
2007-05-30,-2.16540879538494
2007-05-31,5.40289252477208
2007-06-01,-0.991982428574723
2007-06-04,-2.80913128426254
2007-06-05,-1.0829628928521
2007-06-06,0
2007-06-08,-2.47607641787821
2007-06-11,3.80858295818172
2007-06-12,0
2007-06-13,-1.40029375268522
2007-06-14,-0.0662910199947575
2007-06-15,0.251057112560282
2007-06-18,0.133742266343884
2007-06-19,2.40876757023711
2007-06-20,1.23260546034984
2007-06-21,0
2007-06-22,0.991982428574723
2007-06-25,1.33164355954625
2007-06-26,-1.09285934061303
2007-06-27,-5.00588194443878
2007-06-28,0
2007-06-29,-0.0661686092572999
2007-07-02,-1.21416346306455
2007-07-03,3.86032682166455
2007-07-04,2.50340601191628
2007-07-05,0.993628926095891
2007-07-06,-1.11944454967974
2007-07-09,-2.623748053455
2007-07-10,0.376495738540772
2007-07-11,-2.68418521165765
2007-07-12,0
2007-07-13,-0.648010413969491
2007-07-16,-2.19087380870144
2007-07-17,2.83888422267093
2007-07-18,-3.37191423018792
2007-07-19,2.06543454676282
2007-07-20,1.17567320447369
2007-07-23,-3.16955481093562
2007-07-24,-3.41794781486513
2007-07-25,0
2007-07-26,-1.39957399521915
2007-07-27,-4.32197584992604
2007-07-30,-2.98571852534506
2007-07-31,-1.51330393561508
2007-08-01,-4.72819746526771
2007-08-02,2.39110853009468
2007-08-03,1.7065986294071
2007-08-06,0.393380741306748
2007-08-07,3.86151128071024
2007-08-08,0.135190911884386
2007-08-09,-2.24628869252035
2007-08-10,-8.94792699260774
2007-08-13,4.30746017884642
2007-08-14,-1.60103458712149
2007-08-16,-9.29865450382876
2007-08-17,5.00789244050237
2007-08-20,0.171311370356042
2007-08-21,-0.845455493228098
2007-08-22,3.33587952024015
2007-08-23,0
2007-08-24,-0.906819010868931
2007-08-27,4.13688026394872
2007-08-28,1.57580487560671
2007-08-29,0
2007-08-30,3.0646619381546
2007-08-31,4.45009122616886
2007-09-03,1.43985448110513
2007-09-04,-1.43985448110513
2007-09-05,-0.283590616736085
2007-09-06,-4.77304848640667
2007-09-07,-1.06355019822235
2007-09-10,-2.97036873856507
2007-09-11,0
2007-09-12,0
2007-09-13,1.57580487560671
2007-09-14,1.39456386295835
2007-09-17,0.0784278002901928
2007-09-18,-3.84705706894586
2007-09-19,0.959778078585938
2007-09-20,0.772045820448319
2007-09-21,0.642241506663055
2007-09-24,0.779605301359121
2007-09-25,-1.02042643215774
2007-09-26,1.79217913333813
2007-09-27,0.610245264651876
2007-09-28,0
2007-10-01,-3.7374081427981
2007-10-02,-3.06324583634598
2007-10-03,-1.81887201585713
2007-10-04,0.829439874523707
2007-10-05,2.45164339055792
2007-10-08,0
2007-10-09,1.60103458712149
2007-10-10,3.12716287814623
2007-10-11,4.49902246096014
2007-10-12,-0.209212391941538
2007-10-15,2.68790340969005
2007-10-16,-2.47869101774851
2007-10-17,0
2007-10-18,0.451797529474529
2007-10-19,1.08291857012022
2007-10-22,-1.97107027318824
2007-10-23,0.436354173593489
2007-10-24,-0.209212391941538
2007-10-25,-1.27338795064231
2007-10-26,-1.64317925791133
2007-10-29,0
2007-10-30,0
2007-10-31,-1.68707736977423
2007-11-02,-2.81332836883696
2007-11-05,-2.09886240983823
2007-11-06,-1.95381556784118
2007-11-07,-4.22592460185265
2007-11-08,3.39648472732894
2007-11-09,0.913571320188167
2007-11-12,-4.31005604751711
2007-11-13,3.39648472732894
2007-11-14,-3.21900066959988
2007-11-15,-3.68916839404196
2007-11-16,-7.398271666082
2007-11-19,1.90821380112682
2007-11-20,-4.35168875562257
2007-11-21,-3.10706906077809
2007-11-22,5.55054401527384
2007-11-23,1.90821380112682
2007-11-26,4.95994636059911
2007-11-27,-0.364221533853692
2007-11-28,-0.352703891602468
2007-11-29,-0.18218259730145
2007-11-30,1.42921952711368
2007-12-03,-3.62196166374833
2007-12-04,0
2007-12-05,1.82091859289315
2007-12-06,1.80104307085518
2007-12-07,-7.398271666082
2007-12-10,-2.93003700355823
2007-12-11,-1.99897710815473
2007-12-12,-1.01709240679742
2007-12-13,0
2007-12-14,1.01709240679742
2007-12-17,-3.08038055435937
2007-12-18,-1.04907773639704
2007-12-19,-3.18918632738341
2007-12-20,2.12898616402253
2007-12-21,0
2007-12-27,0
2007-12-28,-4.34901513860044
2008-01-02,1.12788561383468
2008-01-03,1.06897525025644
2008-01-04,0.444405216546517
2008-01-07,-2.64126608063764
2008-01-08,-2.25159212468671
2008-01-09,-4.65559048806843
2008-01-10,-0.489039998838292
2008-01-11,-1.89664556895299
2008-01-14,-1.22914854371916
2008-01-15,-1.24740518937965
2008-01-16,2.47655373309881
2008-01-17,5.89617888030038
2008-01-18,3.34930716242519
2008-01-21,-2.87668568293822
2008-01-22,-4.20048470270098
2008-01-23,2.5722558617868
2008-01-24,4.77574281870532
2008-01-25,1.97341470705905
2008-01-28,-3.33761299505411
2008-01-29,5.48976726956343
2008-01-30,1.06020016336088
2008-01-31,0
2008-02-01,-1.14086362466788
2008-02-04,-0.988350670844484
2008-02-05,-5.53159313113567
2008-02-06,2.25159212468671
2008-02-07,-5.12406614235132
2008-02-08,0.571769480678075
2008-02-11,4.55229666167325
2008-02-12,2.19686086409112
2008-02-13,2.89272174302915
2008-02-14,-3.11437703107935
2008-02-15,-0.111012158194868
2008-02-18,0.997258117103561
2008-02-19,-2.86145153494961
2008-02-20,-1.55420181900436
2008-02-21,0
2008-02-22,3.75106268309549
2008-02-25,2.37112970840498
2008-02-26,0
2008-02-27,-9.12028723416936
2008-02-28,0
2008-02-29,-4.69437413975275
2008-03-03,-5.05308966554319
2008-03-04,-6.62747575478511
2008-03-05,2.15358869534126
2008-03-06,3.6874415014168
2008-03-07,-1.81270113906202
2008-03-10,2.59914669708907
2008-03-11,2.53033855332396
2008-03-12,3.19309325156336
2008-03-13,0.49483103700676
2008-03-14,1.17431501231997
2008-03-17,-2.38568556779128
2008-03-18,1.21137055547131
2008-03-19,1.41653453646318
2008-03-25,2.11266642693868
2008-03-26,2.09323278783802
2008-03-27,3.33943428242653
2008-03-28,-0.452317916079847
2008-03-31,0
2008-04-01,1.54715308352946
2008-04-02,0.110889057845931
2008-04-03,-3.87311296759627
2008-04-04,-3.3370478086419
2008-04-07,3.10905870700311
2008-04-08,-1.38168186489782
2008-04-09,0
2008-04-10,0.239306126767236
2008-04-11,2.01663104251582
2008-04-14,-3.41154453071026
2008-04-15,0
2008-04-16,-1.16911792635808
2008-04-17,3.46982246334462
2008-04-18,-1.14509717555933
2008-04-21,0.239306126767236
2008-04-22,-0.801749590575973
2008-04-23,-2.94804984870036
2008-04-24,0
2008-04-25,5.12016427904571
2008-04-28,0
2008-04-29,-2.76527832796383
2008-04-30,2.71972207190014
2008-05-05,-2.71972207190014
2008-05-06,3.20369964667786
2008-05-07,-0.04535691970875
2008-05-08,1.28072600534246
2008-05-13,0
2008-05-14,1.66437536359889
2008-05-15,-1.55114743423721
2008-05-16,0
2008-05-19,1.97520557604092
2008-05-20,-1.52619146940847
2008-05-21,1.6370805272544
2008-05-26,0.575674278776273
2008-05-27,0
2008-05-28,0.618232093785842
2008-05-29,0
2008-05-30,0
2008-06-02,-1.10373852545758
2008-06-03,-0.177837390133995
2008-06-04,1.25865211166802
2008-06-05,0.0229238039235469
2008-06-06,-1.08314014235784
2008-06-09,-2.97359457818298
2008-06-10,0
2008-06-11,0
2008-06-12,0
2008-06-13,0
2008-06-16,-1.47485841059485
2008-06-17,-2.30070453698654
2008-06-18,0
2008-06-19,2.30070453698654
2008-06-20,0
2008-06-23,-4.65559048806843
2008-06-24,-3.61483411151045
2008-06-25,0.227790531299377
2008-06-26,0
2008-06-27,-1.47519572067902
2008-06-30,-1.25416839709147
2008-07-01,0
2008-07-02,-1.01539009456171
2008-07-03,2.26955849165318
2008-07-04,-1.25416839709147
2008-07-08,-0.363391044833561
2008-07-09,0.363391044833561
2008-07-10,0
2008-07-11,-0.285195552127382
2008-07-14,-2.01640550781543
2008-07-15,-1.30297014430591
2008-07-16,-8.35451201328379
2008-07-17,0.461801167890075
2008-07-18,-3.50793090255843
2008-07-21,-1.76044181699231
2008-07-22,-0.305332907809142
2008-07-23,9.83345041788182
2008-07-24,6.2463712373495
2008-07-25,-0.151496817243491
2008-07-28,0.366228711818106
2008-07-29,2.03060252428786
2008-07-30,0
2008-07-31,0
2008-08-01,0.133130206193099
2008-08-04,1.11427498318655
2008-08-05,2.19197949775451
2008-08-06,3.68405083629817
2008-08-07,3.43333682981433
2008-08-08,-6.16090566663066
2008-08-11,6.18487722050167
2008-08-12,-1.06291411815915
2008-08-14,0
2008-08-18,1.13479432092127
2008-08-19,2.44485245824499
2008-08-20,-2.44485245824499
2008-08-21,0.684262051877749
2008-08-22,-6.47464686086745
2008-08-25,1.78311647040381
2008-08-26,-1.17586130097593
2008-08-27,1.67323729178603
2008-08-28,-3.45480747353388
2008-08-29,0
2008-09-01,-1.21137055547131
2008-09-02,2.38568556779128
2008-09-03,0
2008-09-04,-0.585433746379316
2008-09-09,-0.588881265940655
2008-09-12,0.222304648794669
2008-09-17,-3.91022893736479
2008-09-18,0
2008-09-19,-0.124414969541098
2008-09-22,-3.69243921184528
2008-09-23,0
2008-09-24,0
2008-09-25,0
2008-09-26,8.67909348227647
2008-09-29,-6.11640769798156
2008-09-30,1.25416839709147
2008-10-01,6.93303023390284
2008-10-02,-2.53716354728684
2008-10-03,0.466372614274091
2008-10-06,-6.37454981941863
2008-10-07,3.48508484863164
2008-10-08,-4.92604941929957
2008-10-09,-0.863579092189903
2008-10-10,-1.31263106902666
2008-10-13,-2.6717097373715
2008-10-14,7.80119498778453
2008-10-15,0
2008-10-16,-2.03060252428786
2008-10-17,0.310695090285895
2008-10-20,1.77613958547558
2008-10-21,2.83820768912193
2008-10-22,-2.89443984059554
2008-10-23,-5.12948525041304
2008-10-24,2.59914669708907
2008-10-27,-2.59914669708907
2008-10-28,-2.97302098883034
2008-10-29,6.32837213644262
2008-10-30,1.52218133661242
2008-10-31,0.251952766188346
2008-11-03,0
2008-11-04,-1.02061437889862
2008-11-05,1.02061437889862
2008-11-06,2.47655373309881
2008-11-07,0
2008-11-10,0
2008-11-12,-2.47655373309881
2008-11-13,-0.0710753132062258
2008-11-14,4.46694199982223
2008-11-17,-0.485637749251211
2008-11-18,0.190560219214886
2008-11-19,0.201541433875674
2008-11-20,-3.55907396133635
2008-11-21,-1.74293768058882
2008-11-24,0.999681051469814
2008-11-25,2.42166661141701
2008-11-26,-1.17426142203736
2008-11-27,0.974680764278579
2008-11-28,0.254467779440581
2008-12-01,-1.98927370568605
2008-12-02,0.760125161966885
2008-12-03,0
2008-12-04,-1.24740518937965
2008-12-05,0
2008-12-08,0.992717483096683
2008-12-09,-0.992717483096683
2008-12-10,0
2008-12-11,0
2008-12-12,0
2008-12-15,-2.6609840517247
2008-12-16,2.27835889820875
2008-12-17,-2.14771339980802
2008-12-18,0
2008-12-19,-1.02543090371032
2008-12-22,-1.57371579337875
2008-12-23,0
2008-12-29,-1.32377478125782
2008-12-31,-2.70455427643821
2009-01-05,1.08098695454317
2009-01-06,5.02593175631185
2009-01-07,0.152490193933508
2009-01-08,-2.2310798470925
2009-01-09,3.84833317828113
2009-01-12,1.28115207213191
2009-01-13,-1.51231051852854
2009-01-14,1.51231051852854
2009-01-15,-6.45326003167086
2009-01-16,2.42088188989111
2009-01-19,-3.07986285779669
2009-01-20,-0.688953988208096
2009-01-21,0.523527978605465
2009-01-22,-2.58338965669962
2009-01-23,-0.340370153509761
2009-01-26,0
2009-01-27,1.04361251127938
2009-01-28,2.70455427643821
2009-01-29,3.9229214783469
2009-01-30,-2.59914669708907
2009-02-02,0
2009-02-03,-3.08222987772382
2009-02-04,2.46016819782047
2009-02-05,-2.04964805746815
2009-02-06,2.6717097373715
2009-02-09,0
2009-02-10,-1.32377478125782
2009-02-11,0
2009-02-12,-2.84740680552011
2009-02-13,1.63700365531994
2009-02-17,-3.70509206798988
2009-02-18,1.9282850898914
2009-02-19,2.71210679110965
2009-02-20,-1.07283161892466
2009-02-23,-0.108880146536272
2009-02-24,-1.81058939004677
2009-02-25,1.64383717080168
2009-02-26,0
2009-02-27,-5.28180998139041
2009-03-02,2.62140396440533
2009-03-03,-11.5963663372897
2009-03-04,3.97643623620847
2009-03-05,0.581644426007477
2009-03-06,-1.47126961481492
2009-03-09,0
2009-03-10,0
2009-03-11,-9.51451117851612
2009-03-12,0.145930728534172
2009-03-13,1.81606600164295
2009-03-16,0.997408865540361
2009-03-17,-2.13787624107522
2009-03-18,1.14046737553486
2009-03-19,-2.98553087697635
2009-03-20,-5.44084372876958
2009-03-23,3.56515983975934
2009-03-24,1.05085438782089
2009-03-25,1.84836364798859
2009-03-26,-1.67964147724375
2009-03-27,1.17711791502897
2009-03-30,-0.521010584584447
2009-03-31,-2.54016524793856
2009-04-01,1.88405791749404
2009-04-02,5.91455028746664
2009-04-03,1.74765370627901
2009-04-06,0.766627831094402
2009-04-07,2.66837810929075
2009-04-08,-2.34791814113939
2009-04-09,0
2009-04-14,-3.81562607605264
2009-04-15,0.821859888194387
2009-04-16,1.74668728421903
2009-04-17,1.0851355484089
2009-04-20,0.63156558610773
2009-04-21,0.445565179639429
2009-04-22,0.939382712571346
2009-04-23,0.590290739680288
2009-04-24,0.921632586345833
2009-04-27,-0.921632586345833
2009-04-28,-3.08681104740103
2009-04-29,6.07421835854831
2009-04-30,4.31515673584135
2009-05-04,6.6775309094302
2009-05-05,0.137208453607762
2009-05-06,2.59914669708907
2009-05-07,-2.32840104801624
2009-05-08,2.32840104801624
2009-05-11,-2.59914669708907
2009-05-12,2.33768479452006
2009-05-13,-3.14806453641721
2009-05-14,-7.18558140914825
2009-05-15,6.67218636978757
2009-05-18,0
2009-05-19,-0.658980967905576
2009-05-20,-0.165426009602632
2009-05-21,-0.799160344386829
2009-05-22,-1.98372899419832
2009-05-25,-0.765708074122973
2009-05-26,0.283304972726617
2009-05-27,2.74176446137604
2009-05-28,-2.05986167809415
2009-05-29,0.140392141511114
2009-06-01,5.36721917667404
2009-06-02,-1.26022671354082
2009-06-03,0
2009-06-04,0.484186810821319
2009-06-05,0.776039902719505
2009-06-08,-1.45142237115188
2009-06-09,-1.1993578939224
2009-06-10,3.18737143138144
2009-06-12,1.05244806721125
2009-06-15,1.53421709493373
2009-06-16,1.0790935485415
2009-06-17,-2.11846302095329
2009-06-18,-0.260780061670784
2009-06-19,-1.50203958845578
2009-06-22,-2.25996557895995
2009-06-23,-0.160916310931158
2009-06-24,-0.0600154794772045
2009-06-25,2.29270412271649
2009-06-26,0.403717207045196
2009-06-29,0
2009-06-30,1.28651562806241
2009-07-01,1.27617015623249
2009-07-02,2.24688588018815
2009-07-03,1.10768928296689
2009-07-06,-2.10040676606358
2009-07-07,-0.0236861585119374
2009-07-08,-0.996928220386684
2009-07-09,-1.11880866274787
2009-07-10,0.885254644555022
2009-07-13,-0.64962634473793
2009-07-14,3.15119993120905
2009-07-15,3.61483411151045
2009-07-16,0
2009-07-17,-0.466372614274091
2009-07-20,1.6521406389979
2009-07-21,-1.40313793542872
2009-07-22,1.40313793542872
2009-07-23,0.954052220874946
2009-07-24,2.51577024246967
2009-07-27,3.35605518249293
2009-07-28,-1.12815132038295
2009-07-29,-0.0658301868335265
2009-07-30,0.538532556042703
2009-07-31,-0.44901410663245
2009-08-03,-1.3272596986154
2009-08-04,-1.95242437746863
2009-08-05,3.0530998663779
2009-08-06,-1.10067548890926
2009-08-07,1.3272596986154
2009-08-10,0
2009-08-11,0.880370408591302
2009-08-12,0.224092649214924
2009-08-13,1.09239780628489
2009-08-14,-2.19686086409112
2009-08-17,-2.25159212468671
2009-08-18,-1.70754063936807
2009-08-19,-0.593163897618476
2009-08-20,-0.215065705483131
2009-08-21,0.215065705483131
2009-08-24,1.15560736142721
2009-08-25,0
2009-08-26,2.23197710261265
2009-08-27,1.16471219763339
2009-08-28,1.10446305780623
2009-08-31,1.09239780628489
2009-09-01,-2.42344507379726
2009-09-02,-2.16776695930654
2009-09-03,-0.064712704822556
2009-09-04,1.86516736636775
2009-09-07,6.26206320157818
2009-09-08,-1.31915155551026
2009-09-09,-0.214405611274993
2009-09-10,-1.93774866323433
2009-09-11,-2.19686086409112
2009-09-14,-0.660103260326173
2009-09-15,1.29495940241142
2009-09-16,3.4997533852402
2009-09-17,0
2009-09-18,0.214405611274993
2009-09-21,-2.15215427450932
2009-09-22,3.2123544378702
2009-09-23,1.04907773639704
2009-09-24,2.10919572915951
2009-09-25,-2.10919572915951
2009-09-28,0.423447788000919
2009-09-29,-0.443186740420121
2009-09-30,0.0197389524192015
2009-10-01,0
2009-10-02,-0.0197389524192015
2009-10-05,0
2009-10-06,0.0197389524192015
2009-10-07,-1.3887214373582
2009-10-08,-0.80121992370672
2009-10-09,-0.945064484827363
2009-10-12,-0.173257279377914
2009-10-13,-1.53153368728831
2009-10-14,0.178513726986917
2009-10-15,-2.6188418889161
2009-10-16,-4.92466591452985
2009-10-19,-1.45438731719252
2009-10-20,2.38658805293626
2009-10-21,0.024850551672051
2009-10-22,1.04365013085275
2009-10-23,0.141971793306217
2009-10-26,-2.40782541068625
2009-10-27,-0.338741382964747
2009-10-28,-1.56005877051233
2009-10-29,-0.760546911190296
2009-10-30,0.340959887926973
2009-11-02,-1.61184522730387
2009-11-03,3.11080870859746
2009-11-04,0.407744895160445
2009-11-05,0.288632838286729
2009-11-06,-0.3363514677027
2009-11-09,-0.729837688378687
2009-11-10,-2.46812997972996
2009-11-12,-3.82031420006554
2009-11-13,3.76812061869107
2009-11-16,8.8993767928268
2009-11-17,-2.78199270295509
2009-11-18,3.4642462484372
2009-11-19,-0.22690105244294
2009-11-20,0.909766476808338
2009-11-23,0.449192471361748
2009-11-24,-1.13205789572715
2009-11-25,1.13205789572715
2009-11-26,1.11680891297681
2009-11-27,0
2009-11-30,0.665170991869424
2009-12-01,1.52919053811855
2009-12-02,0
2009-12-03,2.15464309031366
2009-12-04,0
2009-12-07,3.14016985863845
2009-12-08,0
2009-12-09,1.02755292590118
2009-12-10,1.01710157785422
2009-12-11,0
2009-12-14,1.00222258308711
2009-12-15,-1.00222258308711
2009-12-16,0
2009-12-17,0
2009-12-18,-1.91801927985531
2009-12-21,5.09720794519963
2009-12-22,-2.17696608225721
2009-12-23,1.18955711347688
2009-12-28,-1.18955711347688
2009-12-29,-0.0208741636596343
2009-12-30,-1.59225257499118
2009-12-31,-1.22834771083147
2010-01-04,3.7372647125685
2010-01-05,0.890115138459358
2010-01-06,0.683355857491597
2010-01-07,-0.489907988245708
2010-01-08,-1.97935327079146
2010-01-11,0.400403252130888
2010-01-12,-0.201158462726569
2010-01-13,2.56145977109488
2010-01-14,0.292845767041783
2010-01-15,0.964806857251954
2010-01-18,0.957793771113469
2010-01-19,-0.668602636815896
2010-01-20,0.668602636815896
2010-01-21,0
2010-01-22,-1.2455894341882
2010-01-25,0.191955775204278
2010-01-26,3.12384778631887
2010-01-27,-1.31184372895126
2010-01-28,0.563394074414392
2010-01-29,-0.469274360331928
2010-02-01,4.60694260561798
2010-02-02,-0.902457434452897
2010-02-03,0.181144206580441
2010-02-04,-1.09607529824625
2010-02-05,0
2010-02-08,-0.0915292904394072
2010-02-09,-0.553083400571275
2010-02-10,-0.0921214783160096
2010-02-11,-2.05500773492791
2010-02-12,0.938544643197936
2010-02-15,-1.41224012752255
2010-02-16,-0.475950042419093
2010-02-17,0
2010-02-18,-0.0928094820673575
2010-02-19,-2.60703215254896
2010-02-22,2.60703215254896
2010-02-24,-0.0928956980897677
2010-02-25,-0.481340695326438
2010-02-26,0.667045875483563
2010-03-01,0.0993432390328675
2010-03-02,0.850302287710836
2010-03-03,1.86836246755022
2010-03-04,0.831850146264967
2010-03-05,-1.57328079018773
2010-03-08,1.66481008062713
2010-03-09,0.914931091665805
2010-03-10,0
2010-03-11,-0.914931091665805
2010-03-12,0.914931091665805
2010-03-15,0
2010-03-16,-0.914931091665805
2010-03-17,0
2010-03-18,0
2010-03-19,1.8173885261187
2010-03-22,-0.902457434452897
2010-03-23,-0.27656110940466
2010-03-24,2.07754577291879
2010-03-25,-0.89852722906123
2010-03-26,2.84447694447216
2010-03-29,0.435651074523857
2010-03-30,0
2010-03-31,-3.28430669936934
2010-04-01,2.84865562484549
2010-04-06,0.698150215643212
2010-04-07,1.46733222885289
2010-04-08,-1.99302138301309
2010-04-09,1.38707972434955
2010-04-12,-1.03496668449163
2010-04-13,1.03496668449163
2010-04-14,-0.861390570189347
2010-04-15,1.55075991976537
2010-04-16,-0.689369349576019
2010-04-19,-1.03496668449163
2010-04-20,0
2010-04-21,-0.701401618681752
2010-04-22,0
2010-04-23,1.65036227745037
2010-04-26,-0.866171675070415
2010-04-27,-0.260714180761257
2010-04-28,0
2010-04-29,-0.523476421618696
2010-04-30,2.33436083623655
2010-05-04,-1.45938310325251
2010-05-05,0
2010-05-06,-2.64409993105414
2010-05-07,-3.63929519188431
2010-05-10,4.79421122084176
2010-05-11,-1.24606429620058
2010-05-12,2.73524819829727
2010-05-13,-1.48918390209669
2010-05-14,0.0859299928072321
2010-05-17,0.35317330955924
2010-05-18,0
2010-05-19,-1.59401933132393
2010-05-20,-0.89852722906123
2010-05-21,0
2010-05-24,0
2010-05-25,0
2010-05-26,0
2010-05-27,2.66764942713134
2010-05-28,0.874977732984039
2010-05-31,-0.690027728533193
2010-06-01,-0.00812248711001828
2010-06-02,-2.66495867307426
2010-06-04,-1.0819757058508
2010-06-07,0
2010-06-08,-1.83831052837018
2010-06-09,-1.39690028246298
2010-06-10,1.39690028246298
2010-06-11,0.648539853007124
2010-06-14,0.274839583697251
2010-06-15,0
2010-06-16,0
2010-06-17,1.99273561206512
2010-06-18,-2.9161150487695
2010-06-21,0
2010-06-22,1.56174941896552
2010-06-23,-1.18880659987441
2010-06-24,-0.372942819091104
2010-06-29,0
2010-06-30,0
2010-07-01,-2.05669468859844
2010-07-02,-3.65876775177756
2010-07-05,-1.97935327079146
2010-07-06,2.85991762868378
2010-07-07,2.01689008818975
2010-07-08,0.949645526743703
2010-07-09,0
2010-07-12,1.86836246755022
2010-07-13,1.83831052837018
2010-07-14,0
2010-07-15,0
2010-07-16,0
2010-07-19,-0.732123456366907
2010-07-20,-1.00960292361103
2010-07-21,1.74172637997794
2010-07-22,0
2010-07-23,0
2010-07-26,1.80098466351413
2010-07-27,2.2925986196888
2010-07-28,-0.346648904277869
2010-07-29,-1.05952873917441
2010-07-30,-0.878138888317403
2010-08-02,-0.00828208791912033
2010-08-03,-0.0828586272159537
2010-08-04,-1.71812603629817
2010-08-05,-0.917058728605946
2010-08-06,-0.921251799764233
2010-08-09,-0.189145677024838
2010-08-10,0.189145677024838
2010-08-11,0
2010-08-12,0
2010-08-13,2.74076796282308
2010-08-16,0
2010-08-17,0.0897994192057716
2010-08-18,0
2010-08-19,0
2010-08-20,-0.265454511316543
2010-08-23,-2.37846760333462
2010-08-24,0.545065314328985
2010-08-25,-0.918704865166253
2010-08-26,0.186994283459585
2010-08-27,-0.281699413224201
2010-08-30,0.281699413224201
2010-08-31,1.73917427118693
2010-09-01,-0.444153772608225
2010-09-02,0.539073467132711
2010-09-03,3.48884637573028
2010-09-06,-0.0875879754937081
2010-09-07,-0.701427196652737
2010-09-08,0.789015172146446
2010-09-09,-1.67536306163827
2010-09-10,1.49807069684682
2010-09-13,1.06714205777165
2010-09-14,-0.532147545425854
2010-09-15,-1.5270905436255
2010-09-16,-2.28573045557203
2010-09-17,-0.0927780772929765
2010-09-20,1.83525906877144
2010-09-21,2.69325637121316
2010-09-22,-2.32938654924362
2010-09-23,0.179379642124022
2010-09-24,2.59057613418268
2010-09-27,3.80480676375301
2010-09-28,0.0830572853248945
2010-09-29,0.845947405384351
2010-09-30,-3.41966920626353
2010-10-01,0
2010-10-04,2.74155724583074
2010-10-05,-1.53250029950747
2010-10-06,0.513447367435926
2010-10-07,-1.63933269820782
2010-10-08,-2.63949058963679
2010-10-11,0.0914160407387232
2010-10-12,0.176501065266121
2010-10-13,4.18017515556941
2010-10-14,2.27937761661532
2010-10-15,1.97925675468573
2010-10-18,0.895769196623819
2010-10-19,-1.96143211097648
2010-10-20,0
2010-10-21,1.88016132704258
2010-10-22,-0.405492283758457
2010-10-25,0.486763067692353
2010-10-26,0
2010-10-27,0.322583898016937
2010-10-28,0
2010-10-29,0.00368066546472257
2010-11-02,-0.00368066546472257
2010-11-03,3.18234604129914
2010-11-04,-0.15521720139331
2010-11-05,0
2010-11-08,0.233626215318505
2010-11-09,0
2010-11-10,-1.49677064335219
2010-11-12,-0.398594577808442
2010-11-15,1.81695620723543
2010-11-16,0
2010-11-17,0
2010-11-18,-0.15521720139331
2010-11-19,-2.86347020624382
2010-11-22,-0.163658633662012
2010-11-23,0.163658633662012
2010-11-24,-0.163658633662012
2010-11-25,0.163658633662012
2010-11-26,1.12363812038301
2010-11-29,-1.28729675404502
2010-11-30,0.163658633662012
2010-12-01,3.01868740763713
2010-12-02,-2.21532324944711
2010-12-03,1.5876219475965
2010-12-06,-0.235283661143004
2010-12-07,-0.953971244241814
2010-12-08,1.18925490538482
2010-12-09,-0.790660327576376
2010-12-10,0.555376666433371
2010-12-13,-0.555376666433371
2010-12-14,0
2010-12-15,-1.35808826711328
2010-12-16,2.93320649282078
2010-12-17,3.077705237801
2010-12-20,0.905481131423347
2010-12-21,1.8572712874386
2010-12-22,0.442263632776907
2010-12-23,1.09387000212466
2010-12-27,0
2010-12-28,0
2010-12-29,0
2010-12-30,-0.289756889901138
2010-12-31,-1.03002627361137
2011-01-03,-2.97910289025101
2011-01-04,-0.152001963836312
2011-01-05,-1.37325825960524
2011-01-07,-0.617030901769677
2011-01-10,-0.157062089447368
2011-01-11,0.92469542932081
2011-01-12,-0.92469542932081
2011-01-13,0
2011-01-14,-2.03573456848316
2011-01-17,0.158490055508675
2011-01-18,-0.476225735875424
2011-01-19,0
2011-01-20,1.26314442803368
2011-01-21,0.311973797673826
2011-01-24,-2.69338285869329
2011-01-25,3.4717348818357
2011-01-26,0
2011-01-27,0
2011-01-28,0
2011-01-31,-0.78547199466561
2011-02-01,0.0071199715232062
2011-02-02,-0.863422744932762
2011-02-03,-0.711695480774743
2011-02-04,-0.79696162002012
2011-02-07,-0.0802290216802781
2011-02-08,-0.402113462450338
2011-02-09,-2.76869631671484
2011-02-10,-1.16473074674035
2011-02-11,0.499749265801563
2011-02-14,-0.833671247597678
2011-02-15,0.666732634635459
2011-02-16,-0.0816737464320649
2011-02-17,-1.09092338382943
2011-02-18,0.339441685988806
2011-02-21,0.500344791433349
2011-02-22,-0.419968165220697
2011-02-23,0.419968165220697
2011-02-24,0
2011-02-25,-0.333921981796115
2011-02-28,0.49951487059241
2011-03-01,-0.165592888796295
2011-03-02,0
2011-03-03,-0.500344791433349
2011-03-04,0
2011-03-07,0.500344791433349
2011-03-08,-0.500344791433349
2011-03-09,-0.172453480311852
2011-03-10,0
2011-03-11,-2.38323686258237
2011-03-14,-2.61869033863111
2011-03-15,-0.891072948763272
2011-03-16,1.77027890134611
2011-03-17,3.27724161974485
2011-03-18,-1.53775723369658
2011-03-21,2.55569034289422
2011-03-22,0.833155444272693
2011-03-23,-0.833155444272693
2011-03-24,-0.845947405384351
2011-03-25,0.845947405384351
2011-03-28,-0.172453480311852
2011-03-29,-0.673493925072499
2011-03-30,0.845947405384351
2011-03-31,-0.00382907030216373
2011-04-01,-1.69333582220217
2011-04-04,-0.257370287130332
2011-04-05,0.257370287130332
2011-04-06,1.52471141219248
2011-04-07,-0.673493925072499
2011-04-08,-0.0830572853248945
2011-04-11,-0.259273020268003
2011-04-12,0.170344601779604
2011-04-13,0
2011-04-14,0.339821148764852
2011-04-15,0.678111960432792
2011-04-18,0.833155444272693
2011-04-19,0
2011-04-20,0
2011-04-21,-0.666732634635459
2011-04-26,-0.338876289949086
2011-04-27,0
2011-04-28,-0.673493925072499
2011-04-29,0.00193074420540285
2011-05-02,-0.00193074420540285
2011-05-04,0.845947405384351
2011-05-05,0
2011-05-06,0
2011-05-09,2.48826435305016
2011-05-10,-3.33421175843451
2011-05-11,0
2011-05-12,-0.0830572853248945
2011-05-13,-0.768160201795087
2011-05-16,-1.7225043137592
2011-05-17,2.31853578268386
2011-05-18,-0.941293245028207
2011-05-19,0
2011-05-20,0.345261776103545
2011-05-23,1.69716489250433
2011-05-24,-1.69716489250433
2011-05-25,-2.59800983643816
2011-05-26,0
2011-05-27,0.875505522678965
2011-05-30,-0.875505522678965
2011-05-31,-0.0879736135914744
2011-06-01,-1.50142379707625
2011-06-02,4.18740724710589
2011-06-03,1.94383072817019
2011-06-06,0.504815862174768
2011-06-07,0.0816737464320649
2011-06-08,-0.0816737464320649
2011-06-09,-0.251136906407279
2011-06-10,-0.500344791433349
2011-06-13,-0.0861895649069133
2011-06-14,0.0861895649069133
2011-06-15,1.16675444958525
2011-06-17,-1.67346365835099
2011-06-20,0
2011-06-21,0
2011-06-22,1.33986465303844
2011-06-24,-1.67910284965704
2011-06-27,1.01237021502159
2011-06-28,-1.35470052061448
2011-06-29,0
2011-06-30,-2.23535377438973
2011-07-01,-1.04756793247618
2011-07-04,0.176024688900656
2011-07-05,1.82586560743148
2011-07-06,-0.00588725899199893
2011-07-07,0.00588725899199893
2011-07-08,-0.0863812213832027
2011-07-11,-1.73948438604827
2011-07-12,-1.77027890134611
2011-07-13,1.33164217582635
2011-07-14,-0.0903696178620184
2011-07-15,-1.41840609574322
2011-07-18,0.177133537778884
2011-07-19,-0.00610283273339007
2011-07-20,0.00610283273339007
2011-07-21,-0.538480098544625
2011-07-22,0.361346560765741
2011-07-25,0
2011-07-26,0.171030705045494
2011-07-27,0.00610283273339007
2011-07-28,-0.360705906624892
2011-07-29,0.354603073891502
2011-08-01,-1.7960805897165
2011-08-02,-0.184507634775777
2011-08-03,-9.42814926169984
2011-08-04,0.0752179646837714
2011-08-05,1.98968891821258
2011-08-08,-3.06865067228297
2011-08-09,-7.25147243534958
2011-08-10,-5.1318058815927
2011-08-11,-3.96702289405755
2011-08-12,6.45656438270592
2011-08-16,-2.07591464536998
2011-08-17,-0.17928835141281
2011-08-18,-6.60880118769258
2011-08-19,-2.47822198501475
2011-08-22,1.49541309138854
2011-08-23,-1.7406510379538
2011-08-24,0.250934004894443
2011-08-25,-0.499637018897747
2011-08-26,-0.755609588214234
2011-08-29,9.64238021394519
2011-08-30,1.13534016443184
2011-08-31,0.686383455437278
2011-09-01,-0.686383455437278
2011-09-02,-0.847683062310889
2011-09-05,-6.45263351126784
2011-09-06,4.87079263455574
2011-09-07,3.23156039698111
2011-09-08,0
2011-09-09,-3.8089123087047
2011-09-12,-9.41368150466455
2011-09-13,1.71779085508197
2011-09-14,0
2011-09-15,0
2011-09-16,0.135351141629991
2011-09-19,0.519541332531448
2011-09-20,1.55107933231178
2011-09-21,1.27443780793208
2011-09-22,-11.8120554340551
2011-09-23,6.56400378396853
2011-09-26,2.16740673597404
2011-09-27,1.8062071061804
2011-09-28,2.53008945220192
2011-09-29,2.47033382337758
2011-09-30,3.35904613014195
2011-10-03,-0.238824681295169
2011-10-04,-0.0233939410759998
2011-10-05,-0.921906217342494
2011-10-06,0
2011-10-07,0.711114107750221
2011-10-10,-2.85922502776668
2011-10-11,2.14811092001645
2011-10-12,0
2011-10-13,0.945300158418494
2011-10-14,-2.63072588131692
2011-10-17,1.44375280922349
2011-10-18,0
2011-10-19,1.18697307209343
2011-10-20,-8.09245983134228
2011-10-21,2.00319163491844
2011-10-24,4.66003673746767
2011-10-25,-1.69098998989061
2011-10-26,3.07342809264939
2011-10-27,1.68881558218401
2011-10-28,0
2011-10-31,2.32492214382569
2011-11-02,3.08677868579337
2011-11-03,-0.201229263107905
2011-11-04,-0.109269724949801
2011-11-07,-0.553032727654923
2011-11-08,0.972462869897983
2011-11-09,-0.972462869897983
2011-11-10,1.12959867962994
2011-11-14,-3.81101652493752
2011-11-15,3.2344505729625
2011-11-16,-2.345067274676
2011-11-17,0.67423784249252
2011-11-18,1.11779670452856
2011-11-21,1.10544000534043
2011-11-22,-5.65360911924686
2011-11-23,4.08046088451304
2011-11-24,-2.03069024751437
2011-11-25,0.250168994455668
2011-11-28,1.35499392945539
2011-11-29,-0.449627715344025
2011-11-30,0.22506656381216
2011-12-01,0
2011-12-02,0
2011-12-05,2.22323670986899
2011-12-06,-2.44830327368115
2011-12-07,0.202829791511538
2011-12-08,-3.12729394922142
2011-12-09,2.92446415770988
2011-12-12,-0.0445787317303381
2011-12-13,0.0445787317303381
2011-12-14,0
2011-12-15,0
2011-12-16,0
2011-12-19,0
2011-12-20,0
2011-12-21,1.34286326834072
2011-12-22,2.19640360721569
2011-12-23,1.0815541789877
2011-12-27,0
2011-12-28,0
2011-12-29,-0.431218978400638
2011-12-30,1.50587864897616
2012-01-02,-0.23885921011555
2012-01-03,1.29052083388514
2012-01-04,1.04987840982198
2012-01-05,0
2012-01-09,-0.42000956845154
2012-01-10,0.42000956845154
2012-01-11,-1.04987840982198
2012-01-12,-2.08377413727154
2012-01-13,0.346792519963346
2012-01-16,-0.174425500911335
2012-01-17,-0.755417589996599
2012-01-18,1.61048505015571
2012-01-19,-1.06998163628469
2012-01-20,0.21491417612558
2012-01-23,0.855067460159109
2012-01-24,4.00282664277856
2012-01-25,2.18504119855392
2012-01-26,1.98108185737191
2012-01-27,0
2012-01-30,-4.00220515778988
2012-01-31,1.79219454253072
2012-02-01,2.01365923435555
2012-02-02,2.1368334405699
2012-02-03,3.77356298275777
2012-02-06,2.56063512170144
2012-02-07,-1.82231002983491
2012-02-08,-0.738325091866532
2012-02-09,-1.96340712954921
2012-02-10,0.0954614387558284
2012-02-13,0
2012-02-14,-1.90561729196439
2012-02-15,4.69763789079725
2012-02-16,-1.01369342433348
2012-02-17,0.08961851629401
2012-02-20,3.54598149549892
2012-02-21,-1.7122891593794
2012-02-22,-1.83369233611952
2012-02-23,-2.24617511569933
2012-02-24,-0.760777819754521
2012-02-27,0.192831751221556
2012-02-28,0
2012-02-29,1.88348235352622
2012-03-01,3.76078918659544
2012-03-02,-0.996458019769841
2012-03-05,-1.09536724425299
2012-03-06,-0.738325091866532
2012-03-07,1.65363106665484
2012-03-08,1.98269709118124
2012-03-09,-0.715182385001656
2012-03-12,1.16178659044897
2012-03-13,3.06212160156232
2012-03-14,-1.73801038485069
2012-03-15,0
2012-03-16,1.73801038485069
2012-03-19,-0.0853331362403065
2012-03-20,0
2012-03-21,-0.691029867417514
2012-03-22,-1.31135550941153
2012-03-23,1.22344509592209
2012-03-26,0.864273417147254
2012-03-27,0
2012-03-28,0
2012-03-29,-1.73801038485069
2012-03-30,0.780008181324243
2012-04-02,-0.780008181324243
2012-04-03,2.76762536406689
2012-04-04,-3.11733349228556
2012-04-05,0.349708128218662
2012-04-10,-0.881438470898388
2012-04-11,0.616854842393266
2012-04-12,-0.79407870688124
2012-04-13,-0.353436607826518
2012-04-16,-1.16479428089278
2012-04-17,3.71031604166552
2012-04-18,-0.520047823297221
2012-04-19,-0.613374994262639
2012-04-20,-1.50212204217293
2012-04-23,-2.07122920170257
2012-04-24,1.80263582171656
2012-04-25,0
2012-04-26,0
2012-04-27,0.712053086772579
2012-04-30,2.53855418409379
2012-05-02,3.15010241195099
2012-05-04,5.37890265486558
2012-05-07,-3.2256571199623
2012-05-08,-0.65817071513381
2012-05-09,-2.25478974651425
2012-05-10,-1.87103380258136
2012-05-11,-1.99924553133228
2012-05-14,-4.48296867195555
2012-05-15,2.17683997910045
2012-05-16,-3.28431144178336
2012-05-17,-1.68454913614995
2012-05-18,-0.378229424905951
2012-05-21,1.22302268403618
2012-05-22,-0.844793259130228
2012-05-23,-3.84609935163067
2012-05-24,1.55496187195685
2012-05-25,3.13593073880405
2012-05-28,0.0925136009570782
2012-05-29,-0.655604863449533
2012-05-30,-0.188403902480916
2012-05-31,0.0973518309640209
2012-06-01,-0.190649925120878
2012-06-04,1.31264956982311
2012-06-05,-1.12406997378112
2012-06-06,1.12406997378112
2012-06-08,-0.375342709735804
2012-06-11,0
2012-06-12,1.11369965800545
2012-06-13,1.65063150882014
2012-06-14,-1.46384838680733
2012-06-15,4.51120831897325
2012-06-18,-1.15445899963262
2012-06-19,4.28096616103772
2012-06-20,-1.55294386682301
2012-06-21,0.605105265737871
2012-06-22,-0.868841682346444
2012-06-25,0
2012-06-26,0.785334370604263
2012-06-27,0.600079413270249
2012-06-28,0
2012-06-29,1.28453315619379
2012-07-02,-0.85326665663672
2012-07-03,0
2012-07-04,0.847676785481788
2012-07-05,-1.79551538656693
2012-07-06,-1.30034388130493
2012-07-09,0.868771968929138
2012-07-10,1.03303766612779
2012-07-11,0.346372847333143
2012-07-12,1.5236436298494
2012-07-13,-0.337412259302861
2012-07-16,-2.91301025253863
2012-07-17,4.25588177783878
2012-07-18,0.822959801791212
2012-07-19,0.00726876249634856
2012-07-20,-0.331264750247318
2012-07-23,-0.498963814040243
2012-07-24,-3.13226376993883
2012-07-25,-0.0870042233015234
2012-07-26,0.088894779030424
2012-07-27,-0.088894779030424
2012-07-30,0
2012-07-31,-0.164758722609681
2012-08-01,-0.00758164484149226
2012-08-02,0
2012-08-03,0
2012-08-06,0
2012-08-07,0
2012-08-08,0
2012-08-09,0
2012-08-10,0
2012-08-13,0
2012-08-14,0.862505464844832
2012-08-16,0.847676785481788
2012-08-17,-3.44819263517731
2012-08-20,0.352333367305446
2012-08-21,1.38567701754524
2012-08-22,0
2012-08-23,-0.34367231190644
2012-08-24,0.689945494409772
2012-08-27,-2.34886719585914
2012-08-28,-2.39942623840794
2012-08-29,-0.452642173634121
2012-08-30,1.34593661838824
2012-08-31,0.00785237534755012
2012-09-03,-1.81048819706411
2012-09-04,-3.31863460856079
2012-09-05,-0.659261032746761
2012-09-06,0.929584450320364
2012-09-07,2.14071088830181
2012-09-10,-0.36981319112388
2012-09-11,-0.739675396953698
2012-09-12,0.0937780383494236
2012-09-13,0
2012-09-14,0.0835107135741531
2012-09-17,-1.38382847306726
2012-09-18,-0.484232383986782
2012-09-19,-0.933670788603314
2012-09-20,1.4179031725901
2012-09-21,1.93609171379037
2012-09-24,0.925083434980367
2012-09-25,3.14577658740629
2012-09-26,-2.77133055964605
2012-09-27,2.03769736208526
2012-09-28,1.64317018853817
2012-10-01,-1.73329382074274
2012-10-02,1.0043867527278
2012-10-03,-1.27917690758088
2012-10-04,0.364913787057652
2012-10-05,-0.364913787057652
2012-10-08,-0.370195759892145
2012-10-09,3.45129252143623
2012-10-10,1.7718969780804
2012-10-11,0
2012-10-12,1.73552629448195
2012-10-15,1.71315478307825
2012-10-16,3.3319517222715
2012-10-17,-0.9881572828637
2012-10-18,-1.50078923088763
2012-10-19,-4.29168628608037
2012-10-22,0.349523266405827
2012-10-23,0.0876563182659496
2012-10-24,0.783618664579189
2012-10-25,0.514728045230983
2012-10-26,1.5447847638514
2012-10-29,-0.0888252467107442
2012-10-30,-1.97068756237164
2012-10-31,1.54723149692706
2012-11-02,-0.0838131380598739
2012-11-05,2.44520644952662
2012-11-06,-0.837736771564401
2012-11-07,-0.335989823145333
2012-11-08,-0.507015385374832
2012-11-09,2.50975492947703
2012-11-12,1.47790254096911
2012-11-13,-0.0834681043816232
2012-11-14,1.05387088298858
2012-11-15,-0.808881315849597
2012-11-16,0.648662143141365
2012-11-19,1.68234977749879
2012-11-20,3.20331677928447
2012-11-21,-0.771402727488724
2012-11-22,2.29981676002611
2012-11-23,0.904677623111905
2012-11-26,0.597541321014106
2012-11-27,2.94148086493973
2012-11-28,1.3687585518328
2012-11-29,-2.09527803975895
2012-11-30,3.01713951656479
2012-12-03,0
2012-12-04,-0.850177432586552
2012-12-05,-2.16696208397824
2012-12-06,-0.953379639200502
2012-12-07,1.67989912712665
2012-12-10,1.29549623896166
2012-12-11,0.144946357090436
2012-12-12,1.13699605805113
2012-12-13,1.26125099125431
2012-12-14,4.23183216591063
2012-12-17,-1.07589619091932
2012-12-18,0
2012-12-19,-0.268623251560562
2012-12-20,0
2012-12-21,-2.40026743665034
2012-12-27,-0.76429325831473
2012-12-28,2.07402148980211
2013-01-02,0.68334242756336
2013-01-03,0.475142857050503
2013-01-04,1.14236048700418
2013-01-07,2.51277654956477
2013-01-08,1.55530580540404
2013-01-09,-7.74978327816553
2013-01-10,-1.32505631808559
2013-01-11,1.18710377857418
2013-01-14,0.13795253951141
2013-01-15,-0.344495106454712
2013-01-16,-1.47447117381718
2013-01-17,1.8900932003632
2013-01-18,0.759966175977311
2013-01-21,0.48102398141836
2013-01-22,-0.685572684543079
2013-01-23,1.43765318619815
2013-01-24,0.407196777599594
2013-01-25,0.473216585757186
2013-01-28,-0.473216585757186
2013-01-29,-0.407196777599594
2013-01-30,-1.23310448307343
2013-01-31,-0.831093096068614
2013-02-01,1.38085515157869
2013-02-04,-2.14718803654428
2013-02-05,-1.47923455056613
2013-02-06,-0.713544337553262
2013-02-07,-1.5867119597412
2013-02-08,-0.288954682953158
2013-02-11,-1.61699844639047
2013-02-12,-0.744312014816551
2013-02-13,0.148033804202807
2013-02-14,7.46520309936445
2013-02-15,-2.38113600998888
2013-02-18,1.963987983408
2013-02-19,0
2013-02-20,-3.81936840658827
2013-02-21,-2.40971759574302
2013-02-22,3.05598539728384
2013-02-25,2.12704725797579
2013-02-26,-2.34149498429836
2013-02-27,1.42356034796203
2013-02-28,0.145021703136106
2013-03-01,1.12579994204847
2013-03-04,0
2013-03-05,0.0671466433256995
2013-03-06,3.36603730319993
2013-03-07,2.80025976225886
2013-03-08,2.78537180841933
2013-03-11,-1.61143012850262
2013-03-12,0.649343959674287
2013-03-13,-0.389100180458701
2013-03-14,-2.49159073504055
2013-03-15,3.52310904800852
2013-03-18,0
2013-03-19,-2.59762065553852
2013-03-20,0
2013-03-21,-0.725840895022944
2013-03-22,-0.597296216390841
2013-03-25,-2.70436822413034
2013-03-26,-2.07402148980211
2013-03-27,0
2013-03-28,-0.984003019719992
2013-04-02,-3.89150573428534
2013-04-03,-0.883101769941064
2013-04-04,2.12599226730763
2013-04-05,1.51161917886764
2013-04-08,2.81416541599455
2013-04-09,2.67509425164842
2013-04-10,-1.29423910006974
2013-04-11,-1.03311106608803
2013-04-12,-0.552516236816292
2013-04-15,0.204772151325638
2013-04-17,-1.53858381192462
2013-04-18,-1.27558160406993
2013-04-19,1.41848497307935
2013-04-22,2.08849145095575
2013-04-23,-2.13209293409697
2013-04-24,0.716258156843086
2013-04-25,-0.672656673701866
2013-04-26,-0.0150328467984906
2013-04-29,0.15322910745148
2013-04-30,2.6383393338409
2013-05-02,-1.79677351826779
2013-05-06,1.79677351826779
2013-05-07,0
2013-05-08,1.35916245672352
2013-05-09,-0.825493463915628
2013-05-10,0.825493463915628
2013-05-13,3.71605798765051
2013-05-14,0.907487414199348
2013-05-15,0.140366351641497
2013-05-16,0.502051780867774
2013-05-17,-2.33396068006826
2013-05-20,1.23882825368566
2013-05-21,1.350675594382
2013-05-22,2.90004048711854
2013-05-23,1.84689342637903
2013-05-24,0.605972022898804
2013-05-27,-1.1946889273676
2013-05-28,-0.0366645719590331
2013-05-29,-2.47423820138817
2013-05-31,-0.76005001627184
2013-06-03,-1.14280738740913
2013-06-04,3.77413415294034
2013-06-05,3.04046569488285
2013-06-06,-3.04046569488285
2013-06-07,-0.558907953691623
2013-06-10,-0.18434407262804
2013-06-11,-0.499032913787811
2013-06-12,0.822404741531901
2013-06-13,2.85780314257016
2013-06-14,-1.20958001543796
2013-06-17,2.40851560347632
2013-06-18,2.58490748618483
2013-06-19,3.08440678575002
2013-06-20,-4.13363509806137
2013-06-21,1.61715210750488
2013-06-24,-0.567923795193526
2013-06-25,2.18114760708774
2013-06-26,3.01650323204212
2013-06-27,-4.3874904805822
2013-06-28,-2.21159218471518
2013-07-01,1.83014246109989
2013-07-02,0.0332809469652418
2013-07-03,-3.04689906808244
2013-07-04,1.18347566001731
2013-07-05,0.93605207473324
2013-07-08,-1.4673253557576
2013-07-09,-1.01114122296559
2013-07-10,0.358938843972645
2013-07-11,3.50921960530686
2013-07-12,-0.287469485436631
2013-07-15,-0.290765928998304
2013-07-16,0.232926536299249
2013-07-17,0.919000230975531
2013-07-18,1.69918888919192
2013-07-19,0
2013-07-22,-0.994241636133797
2013-07-23,2.55530466458946
2013-07-24,1.75423590995427
2013-07-25,1.72513248785737
2013-07-26,-3.36963322612052
2013-07-29,1.64450073826314
2013-07-30,1.45567671649198
2013-07-31,0.693857780574447
2013-08-01,-1.60809210810475
2013-08-02,4.64743869782005
2013-08-05,0
2013-08-06,0.102378379584867
2013-08-07,-1.03520135237609
2013-08-08,3.07615519907891
2013-08-09,2.8429875094524
2013-08-12,4.92216787048232
2013-08-13,-0.449888286926026
2013-08-14,2.1314313703046
2013-08-16,-0.738374016709908
2013-08-19,-3.78311651883845
2013-08-20,-2.92190715674359
2013-08-21,0
2013-08-22,-1.01744755021196
2013-08-23,1.11778077050619
2013-08-26,-0.100333220294235
2013-08-27,-3.42670802575809
2013-08-28,-1.65274794434218
2013-08-29,2.66132442530127
2013-08-30,-0.548178547930078
2013-09-02,4.14909699095443
2013-09-03,1.30613678311287
2013-09-04,-3.48822580121357
2013-09-05,0
2013-09-06,0
2013-09-09,3.92120927661894
2013-09-10,1.76082914982905
2013-09-11,0.709358224830137
2013-09-12,-1.50912762004589
2013-09-13,-0.961059754613292
2013-09-16,-2.92190715674359
2013-09-17,2.92190715674359
2013-09-18,0.392279871505163
2013-09-19,5.22179786686685
2013-09-20,2.68980083101997
2013-09-23,-0.901291618908129
2013-09-24,0.380481767863117
2013-09-25,0.756647892528051
2013-09-26,1.11502677836919
2013-09-27,0.0838262052532457
2013-09-30,-0.270358622703792
2013-10-01,3.01604324600779
2013-10-02,-0.117823007240858
2013-10-03,1.69945195156931
2013-10-04,-0.241017746665051
2013-10-07,-1.12345584631264
2013-10-08,-0.253393800741808
2013-10-09,3.30645456907215
2013-10-10,3.10718014360312
2013-10-11,2.08568657066408
2013-10-14,2.76621240939878
2013-10-15,3.06931503252024
2013-10-16,2.87878736080494
2013-10-17,-3.63535177022518
2013-10-18,0.685879152206503
2013-10-21,3.01048077975228
2013-10-22,-0.872899876382505
2013-10-23,-0.392988369384906
2013-10-24,1.91938601217299
2013-10-25,0.0757116935015567
2013-10-28,-2.91812151697552
2013-10-29,2.12790389533479
2013-10-30,-2.5026408472522
2013-10-31,-3.40499046210967
2013-11-04,-0.153877333460706
2013-11-05,-3.37115204876373
2013-11-06,-0.0838644799237898
2013-11-07,0.335036748609951
2013-11-08,-4.81339701130725
2013-11-12,-1.1738363457912
2013-11-13,-0.427046912345208
2013-11-14,1.68858717535265
2013-11-15,-1.09300338894514
2013-11-18,0.256694099790788
2013-11-19,0.836309289154347
2013-11-20,1.64330090136486
2013-11-21,2.23425342257668
2013-11-22,0.596966501463303
2013-11-25,-0.960249966093762
2013-11-26,-1.44930073025673
2013-11-27,-0.421669227689492
2013-11-28,-1.64330090136486
2013-11-29,-0.677312700584576
2013-12-02,-1.01127447476808
2013-12-03,0
2013-12-04,-2.48241297975813
2013-12-05,1.20828179061228
2013-12-06,0.423519443592912
2013-12-09,0.224547631064009
2013-12-10,-0.224547631064009
2013-12-11,-0.894193737566074
2013-12-12,-2.14588701835607
2013-12-13,0
2013-12-16,1.40827952171696
2013-12-17,-1.84490058787432
2013-12-18,0.880572960693904
2013-12-19,-0.880572960693904
2013-12-20,-0.0465614386583546
2013-12-23,1.71765235006358
2013-12-27,1.76064081502956
2013-12-30,-0.28828848795257
2014-01-02,0.763945655795784
2014-01-03,-0.475657167843213
2014-01-07,-1.76064081502956
2014-01-08,-1.97879780718555
2014-01-09,1.09595227166794
2014-01-10,-1.66724860423164
2014-01-13,-4.58359522720011
2014-01-14,1.54164434838728
2014-01-15,1.23173227775792
2014-01-16,0.181548948628141
2014-01-17,-1.09427085385869
2014-01-20,-0.367434178616222
2014-01-21,3.34364624283001
2014-01-22,4.53312056469368
2014-01-23,4.17348197776146
2014-01-24,-3.83383202664138
2014-01-27,-0.770337023318568
2014-01-28,1.86188622032102
2014-01-29,-1.1718884113213
2014-01-30,-0.689997808999721
2014-01-31,1.70288963175125
2014-02-03,1.00273511480538
2014-02-04,-1.68575546649787
2014-02-05,0.177856872140314
2014-02-06,2.98477367007139
2014-02-07,-0.570787677844198
2014-02-10,2.03466692008245
2014-02-11,-0.964953476090979
2014-02-12,0.325537852811753
2014-02-13,1.20718970055025
2014-02-14,2.77506245508103
2014-02-17,3.21878021902435
2014-02-18,-2.40024409449413
2014-02-19,0.617637071117727
2014-02-20,-0.739991179126331
2014-02-21,0.85335151515249
2014-02-24,2.27227953913669
2014-02-25,-1.96523340262669
2014-02-26,-0.307046136510003
2014-02-27,0.99046588192282
2014-02-28,0.160128136697413
2014-03-03,-6.76794486901384
2014-03-04,5.23627445782449
2014-03-05,-0.774723548665879
2014-03-06,0
2014-03-07,-1.10307341722766
2014-03-10,-0.714407424576891
2014-03-11,-1.83414194322467
2014-03-12,-3.02570165571403
2014-03-13,-1.00273511480538
2014-03-14,-2.55172983776761
2014-03-17,6.26550036234095
2014-03-18,0.484344745975474
2014-03-19,0.7179388073844
2014-03-20,1.35419606859379
2014-03-21,1.40980940902162
2014-03-24,-0.155667558369554
2014-03-25,-1.12967600045524
2014-03-26,0.10774523440924
2014-03-27,0.586415060613366
2014-03-28,-1.37647281063122
2014-03-31,3.89734137736424
2014-04-01,2.36481421623935
2014-04-02,0
2014-04-03,0.641027836091901
2014-04-04,-0.672402846153997
2014-04-07,-1.57346594723524
2014-04-08,-0.759973258942015
2014-04-09,0.759973258942015
2014-04-10,1.04646586806476
2014-04-11,-2.04763557775394
2014-04-14,-2.89922719347251
2014-04-15,-1.55326713632657
2014-04-16,0.796349403182006
2014-04-17,-0.150401097869857
2014-04-22,1.6421002586986
2014-04-23,0.123309646106762
2014-04-24,-2.57139193557583
2014-04-25,1.18989169942507
2014-04-28,-0.551287730996552
2014-04-29,0.317779160211806
2014-04-30,0.790057750017858
2014-05-02,-1.06596612286589
2014-05-05,-3.03452802219635
2014-05-06,-1.56565779691649
2014-05-07,-5.57927967682774
2014-05-08,0
2014-05-09,-2.77260371017096
2014-05-12,3.04106024723785
2014-05-13,2.43836563525797
2014-05-14,0.512937007644787
2014-05-15,-3.56332235740888
2014-05-16,-0.0930578887181177
2014-05-19,-1.69949163377945
2014-05-20,1.26095582484247
2014-05-21,2.97566978313881
2014-05-22,2.38576337983814
2014-05-23,-0.595583786407516
2014-05-26,-0.241017746665051
2014-05-27,0.160743024430676
2014-05-28,-0.72538714167889
2014-05-29,1.73746964428707
2014-05-30,1.16796058756936
2014-06-02,-1.75265396129705
2014-06-03,0.584693373727685
2014-06-04,-0.584693373727685
2014-06-05,0.0799325056990874
2014-06-06,-0.58766084889843
2014-06-09,-0.689997808999721
2014-06-10,0.814942046583678
2014-06-11,-1.02197213988324
2014-06-12,-2.83305066262258
2014-06-13,-1.31562429450138
2014-06-16,1.36196135107403
2014-06-17,2.05417585147183
2014-06-18,-1.21457134369285
2014-06-20,-1.49961155156539
2014-06-23,1.10375372738094
2014-06-24,0.744386105080697
2014-06-25,-1.67109091140523
2014-06-26,-0.0465614386583546
2014-06-27,-0.48552849816117
2014-06-30,0.968711002976885
2014-07-01,-2.48710675188084
2014-07-02,0.350994051944031
2014-07-03,0.368637876700273
2014-07-04,0.658268316420596
2014-07-07,0.2340496317216
2014-07-08,-0.440467419407042
2014-07-09,0
2014-07-10,-1.07649764780646
2014-07-11,-1.04982830972196
2014-07-14,-0.403769054607661
2014-07-15,-0.192845494149374
2014-07-16,0.912721905230551
2014-07-17,-0.546632864382435
2014-07-18,-1.38467474997821
2014-07-21,-0.842069011784563
2014-07-22,0
2014-07-23,0
2014-07-24,-1.7857617400006
2014-07-25,5.00763379801761
2014-07-28,1.53064212826752
2014-07-29,-1.71170664621538
2014-07-30,-2.01365250788612
2014-07-31,1.57392328389232
2014-08-01,0.953477856587259
2014-08-04,-0.189969661994205
2014-08-05,-0.67732193117811
2014-08-06,-2.8644125443285
2014-08-07,-1.68872593646689
2014-08-08,-1.49885473608462
2014-08-11,0
2014-08-12,0.0498172530496888
2014-08-13,3.31491138434004
2014-08-14,2.50522860107871
2014-08-18,0.268148025066495
2014-08-19,2.60539562414568
2014-08-20,1.83728567483215
2014-08-21,-0.688486677913058
2014-08-22,1.33591519206986
2014-08-25,-0.291280016612738
2014-08-26,0.336715975411561
2014-08-27,1.67571488658753
2014-08-28,-0.645337007042546
2014-08-29,1.70288963175125
2014-09-01,2.47961019051921
2014-09-02,0.824463618959026
2014-09-03,0.809238199543305
2014-09-04,3.95078200960635
2014-09-05,-0.122404030134593
2014-09-08,0.122404030134593
2014-09-09,0
2014-09-10,0.0815195284403991
2014-09-11,0.309169557146216
2014-09-12,1.37154227449194
2014-09-15,1.99911464785645
2014-09-16,-1.24077934340434
2014-09-17,2.72979535572517
2014-09-18,-0.698869128073021
2014-09-19,3.41638617458662
2014-09-22,-2.35448416798381
2014-09-23,-1.06190200660281
2014-09-24,-0.226235615470749
2014-09-25,0.739216687538224
2014-09-26,-1.12264373892241
2014-09-29,-1.58840116984349
2014-09-30,-2.0928001410522
2014-10-01,-0.751146575515715
2014-10-02,3.30488689531538
2014-10-03,-0.844021253770855
2014-10-06,0.915356413138735
2014-10-07,-0.532275338115351
2014-10-08,-0.463074679800979
2014-10-09,0.383387051072148
2014-10-10,-1.62343837091763
2014-10-13,0.153827500681025
2014-10-14,0.701361253034971
2014-10-15,-1.09855708994573
2014-10-16,0
2014-10-17,0
2014-10-20,-2.76697494192506
2014-10-21,0
2014-10-22,1.27770758386312
2014-10-23,2.23372782822437
2014-10-24,0.193299029259819
2014-10-27,-2.10602571761376
2014-10-28,1.13577231051325
2014-10-29,0.429689744589012
2014-10-30,0.427851308577498
2014-10-31,0.112712353933997
2014-11-03,-0.816001296141788
2014-11-04,1.04907353345727
2014-11-05,-0.773635899826974
2014-11-06,1.16621742394205
2014-11-07,9.80976785241428
2014-11-10,2.81608088559269
2014-11-12,2.80749451604327
2014-11-13,-1.79773907445302
2014-11-14,-1.00975544159025
2014-11-17,-0.338863719953597
2014-11-18,1.38349761050405
2014-11-19,1.13042571350777
2014-11-20,-1.16530416246796
2014-11-21,0.23693390875037
2014-11-24,0.159961087069416
2014-11-25,-1.06893112676678
2014-11-26,-0.267267003938798
2014-11-27,0.267267003938798
2014-11-28,-1.70726351261665
2014-12-01,1.77747837296529
2014-12-02,-0.443178946318756
2014-12-03,0.33783815916264
2014-12-04,0
2014-12-05,0.0351259268074777
2014-12-08,0
2014-12-09,-0.0702641962578632
2014-12-10,0.0702641962578632
2014-12-11,-1.74299438804599
2014-12-12,-2.74625091124889
2014-12-15,-3.52907435821948
2014-12-16,1.38308519216102
2014-12-17,-1.82546254390541
2014-12-18,2.9079261759807
2014-12-19,1.4082143721927
2014-12-22,-1.05984652923441
2014-12-23,-0.422645496228391
2014-12-29,-2.53597246425477
2014-12-30,-2.1492950751723
2015-01-02,-0.899532836194616
2015-01-05,-0.228122026165156
2015-01-07,5.52271123705621
2015-01-08,6.02256346247687
2015-01-09,-1.81256732381474
2015-01-12,0.349488605076509
2015-01-13,-2.42139091024436
2015-01-14,-0.504589903844721
2015-01-15,-0.205489577665663
2015-01-16,-0.139680228554884
2015-01-19,1.1920138216909
2015-01-20,-1.26560817296655
2015-01-21,3.34474497158528
2015-01-22,0.0640592213798641
2015-01-23,2.20268572585764
2015-01-26,-0.838755179348727
2015-01-27,3.21850984807153
2015-01-28,0.0271831466165828
2015-01-29,0
2015-01-30,0.656939140912183
2015-02-02,0.974044580122602
2015-02-03,-2.01904289338186
2015-02-04,-0.10237161788087
2015-02-05,1.66580233283717
2015-02-06,1.66492924181671
2015-02-09,0.441530915989308
2015-02-10,-0.441530915989308
2015-02-11,1.13611466646963
2015-02-12,-2.37886201132076
2015-02-13,-2.90386753937479
2015-02-16,0
2015-02-17,3.25766117298762
2015-02-18,1.74388460571926
2015-02-19,-1.46440611664636
2015-02-20,0.701896670518476
2015-02-23,0.913008411226723
2015-02-24,-3.18879150309357
2015-02-25,1.29440793227547
2015-02-26,8.56499744794235
2015-02-27,6.64900989636257
2015-03-02,-1.68527102770719
2015-03-03,1.16310659354388
2015-03-04,2.35385249285267
2015-03-05,0.302979528185254
2015-03-06,2.2873646984257
2015-03-09,1.64009324191392
2015-03-10,-1.4868952035255
2015-03-11,-1.93205391565412
2015-03-12,0.472656369697066
2015-03-13,-1.98336940164019
2015-03-16,0.541762047430971
2015-03-17,-0.389094578350946
2015-03-18,1.51399101356997
2015-03-19,-0.995533949167804
2015-03-20,-0.620209475668609
2015-03-23,0.271110022029131
2015-03-24,-0.271110022029131
2015-03-25,-0.436446774710753
2015-03-26,-0.546822962019622
2015-03-27,-2.30532784861373
2015-03-30,1.75549828475399
2015-03-31,1.0398311140432
2015-04-01,-4.41572840410984
2015-04-02,0.0890657066863199
2015-04-07,0.112702802806552
2015-04-08,0.65589504495609
2015-04-09,-1.31015301427793
2015-04-10,0.511875410858664
2015-04-13,2.59024150307647
2015-04-14,1.43589854351589
2015-04-15,2.0097774804996
2015-04-16,2.44581159526875
2015-04-17,-2.82098352229294
2015-04-20,2.50414724719459
2015-04-21,0.523875686529252
2015-04-22,0.60232973704224
2015-04-23,-0.390286705302501
2015-04-24,0.25494304714675
2015-04-27,3.58625364764027
2015-04-28,-1.41592491078502
2015-04-29,-2.11616929012406
2015-04-30,-0.777283435075304
2015-05-04,-2.39671309724203
2015-05-05,-2.22670968865284
2015-05-06,2.87295149203581
2015-05-07,1.48273351678743
2015-05-08,-2.1289753201704
2015-05-11,-0.808085205393816
2015-05-12,-0.276469270804647
2015-05-13,0.445359701086634
2015-05-14,-0.304208448223964
2015-05-15,1.51187156576835
2015-05-18,0.532093041227721
2015-05-19,-0.532093041227721
2015-05-20,-2.24804341644438
2015-05-21,0.464985243801053
2015-05-22,-1.61974568896399
2015-05-25,0.11492933111974
2015-05-26,-3.37589729006664
2015-05-27,3.14590638831911
2015-05-28,-0.826570412230687
2015-05-29,2.58966061456833
2015-06-01,1.18630688746491
2015-06-02,-7.76655145713914
2015-06-03,2.23990251458339
2015-06-05,0.76493459184892
2015-06-08,-1.30389174353613
2015-06-09,-2.05190784343845
2015-06-10,2.02221045955975
2015-06-11,0.284731477214351
2015-06-12,0.684772451490634
2015-06-15,-0.850767272627273
2015-06-16,0.508967187374676
2015-06-17,-2.06365049818151
2015-06-18,2.09316208169215
2015-06-19,-0.996390427075156
2015-06-22,3.07554025131216
2015-06-23,-0.475087799733576
2015-06-24,-0.250036472756943
2015-06-25,-0.531217500922487
2015-06-26,1.05962798630381
2015-06-29,-2.02417113438038
2015-06-30,-1.08738704758071
2015-07-01,2.83318416933671
2015-07-02,0.942176271121919
2015-07-03,-0.942176271121919
2015-07-06,-2.26127745146645
2015-07-07,-0.571906717870263
2015-07-08,-0.978604753875612
2015-07-09,0
2015-07-10,3.81178892321232
2015-07-13,1.9894860413741
2015-07-14,0.465751154330629
2015-07-15,-0.215566228245567
2015-07-16,1.38174377785294
2015-07-17,2.34158660151351
2015-07-20,0.131226439083942
2015-07-21,0.109223974596251
2015-07-22,-0.789088427814555
2015-07-23,-0.723300505865243
2015-07-24,1.79581420652886
2015-07-27,-1.2101448160057
2015-07-28,0.137631115342085
2015-07-29,1.80460124137918
2015-07-30,-0.465746847870996
2015-07-31,0.773248506300028
2015-08-03,-3.41894911917962
2015-08-04,0.528116412159019
2015-08-05,2.84234263306598
2015-08-06,-2.57103214854366
2015-08-07,0.815027365300658
2015-08-10,-0.307608042610585
2015-08-11,0.548638014134362
2015-08-12,-0.526634603516918
2015-08-13,-1.08946190258559
2015-08-14,-0.484937267600927
2015-08-17,1.96963490453763
2015-08-18,-0.869379306494178
2015-08-19,0.951523830704737
2015-08-20,-0.213716277196863
2015-08-21,-0.263663981364815
2015-08-24,-8.2098244580239
2015-08-25,3.62930056080799
2015-08-26,-6.31000445236944
2015-08-27,2.33379284324613
2015-08-28,0.829385105719194
2015-08-31,-2.33861991029016
2015-09-01,-2.60667314418752
2015-09-02,-4.61900635641257
2015-09-03,2.4925420300228
2015-09-04,0.616716835305553
2015-09-07,-1.23084363751378
2015-09-08,2.43419726689291
2015-09-09,1.82443782165373
2015-09-10,1.43474484081416
2015-09-11,-2.35521466023556
2015-09-14,1.12319126980935
2015-09-15,1.05607916181327
2015-09-16,0.67177303496706
2015-09-17,-1.63584176244065
2015-09-18,0.70870286850786
2015-09-21,-0.439292957821547
2015-09-22,-2.58290658622888
2015-09-23,-0.926662160994596
2015-09-24,-2.66990573406103
2015-09-25,3.65929528388955
2015-09-28,-0.894437809825455
2015-09-29,-0.743025677353604
2015-09-30,2.30619508153405
2015-10-01,0.310964862810525
2015-10-02,-3.68737426684431
2015-10-05,1.56617769686687
2015-10-06,-2.51779517107762
2015-10-07,-1.15139306793468
2015-10-08,4.0047908968849
2015-10-09,3.01987272639268
2015-10-12,0
2015-10-13,2.08195435315046
2015-10-14,-1.66574613817172
2015-10-15,2.25271476160112
2015-10-16,1.1637013112642
2015-10-19,0.518105368565802
2015-10-20,-0.111636663669756
2015-10-21,-0.406468704896046
2015-10-22,0.518105368565802
2015-10-23,-0.258717143192033
2015-10-26,2.10889791667244
2015-10-27,-0.676753023943366
2015-10-28,0.255043031825597
2015-10-29,-2.06470267716048
2015-10-30,-2.22297770496827
2015-11-02,-0.587862666862904
2015-11-03,0.587862666862904
2015-11-04,0.440144209402771
2015-11-05,-1.02800687626567
2015-11-06,-7.41640810049082
2015-11-09,-2.26424767497591
2015-11-10,-2.86645992407291
2015-11-12,2.53109171115948
2015-11-13,-2.05674991502276
2015-11-16,-4.18770052754347
2015-11-17,1.56813090221277
2015-11-18,-0.345569651697808
2015-11-19,1.13098743399158
2015-11-20,3.23706234875711
2015-11-23,2.35257792383914
2015-11-24,-0.291063247093959
2015-11-25,0.515396938430168
2015-11-26,2.71121505265812
2015-11-27,-0.192616431943993
2015-11-30,0.0642467095661736
2015-12-01,-6.49410855640218
2015-12-02,-1.35934471962722
2015-12-03,0.816444028716834
2015-12-04,-1.1504735668538
2015-12-07,-1.02996181120227
2015-12-08,-0.692582273712716
2015-12-09,-8.06042912356713
2015-12-10,3.3709358559447
2015-12-11,-1.14363843166396
2015-12-14,-2.86736130215255
2015-12-15,1.39056517967049
2015-12-16,2.2854258656178
2015-12-17,0.0372786584001084
2015-12-18,-1.09429963232888
2015-12-21,-2.01734851126405
2015-12-22,2.75319805476775
2015-12-23,0.35845008882518
2015-12-28,-2.13214842382419
2015-12-29,-0.0761788716659773
2015-12-30,3.33501625804855
2016-01-04,-5.90549470519885
2016-01-05,-1.70337688401387
2016-01-07,-5.93081817764416
2016-01-08,1.22464204570552
2016-01-11,-0.778344306899736
2016-01-12,0.661560843510145
2016-01-13,1.09571943769033
2016-01-14,-1.21263944432863
2016-01-15,-0.20912634665784
2016-01-18,-4.78527373372497
2016-01-19,0.848463432412405
2016-01-20,-3.95308387566358
2016-01-21,-3.34454684232117
2016-01-22,5.88538848432094
2016-01-25,2.89925848160895
2016-01-26,-1.69627606796379
2016-01-27,2.40601439291916
2016-01-28,-0.503994574710198
2016-01-29,-0.0856751251857801
2016-02-01,4.31951085725721
2016-02-02,-2.68723794316346
2016-02-03,3.28469439974182
2016-02-04,4.56962648508323
2016-02-05,-2.94278472992113
2016-02-08,-2.02748004093936
2016-02-09,0.0409550728581287
2016-02-10,0.644873872705887
2016-02-11,0
2016-02-12,1.34165109537534
2016-02-15,-0.708994268663066
2016-02-16,-1.84419751368239
2016-02-17,4.26454011085289
2016-02-18,4.20366302394815
2016-02-19,-1.9407699615015
2016-02-22,1.23453624814482
2016-02-23,0
2016-02-24,-1.58233580266574
2016-02-25,6.38802060132093
2016-02-26,2.38986579458551
2016-02-29,4.08531974941848
2016-03-01,-3.46318978241023
2016-03-02,1.30931329560822
2016-03-03,0.33333364197583
2016-03-04,-0.542232819677313
2016-03-07,1.01946165361362
2016-03-08,1.97444501223156
2016-03-09,0.391601337653924
2016-03-10,0.952324278645733
2016-03-11,0.618826208755774
2016-03-14,-0.192556747521966
2016-03-15,-0.720387320315474
2016-03-16,1.14484743497734
2016-03-17,2.90253540649523
2016-03-18,-0.502707941897818
2016-03-21,1.00290136645649
2016-03-22,0.223635120839738
2016-03-23,0
2016-03-24,-1.25884770926463
2016-03-29,0
2016-03-30,-1.05257290413459
2016-03-31,2.15173229100412
2016-04-01,-5.62751161882833
2016-04-04,1.17652370588628
2016-04-05,-1.84147391009351
2016-04-06,-3.73842902600314
2016-04-07,4.09859386778502
2016-04-08,2.39941810537818
2016-04-11,-0.784526329518709
2016-04-12,-0.750372005362809
2016-04-13,3.14439275996357
2016-04-14,2.14687676948317
2016-04-15,0.337483207383737
2016-04-18,3.70031297031908
2016-04-19,1.95936024683148
2016-04-20,2.01005816006736
2016-04-21,-1.39323433414722
2016-04-22,-0.0895923607785676
2016-04-25,-0.527231465141575
2016-04-26,0
2016-04-27,0
2016-04-28,-0.590434297506715
2016-04-29,0.590434297506715
2016-05-02,0
2016-05-04,0.180050462756842
2016-05-05,-0.770484760263557
2016-05-06,-2.51489376104921
2016-05-09,0.722381432955466
2016-05-10,2.32285769217366
2016-05-11,-0.530345364079921
2016-05-12,-0.14512912990563
2016-05-13,1.32253205084174
2016-05-16,0.672561532912308
2016-05-17,-2.5594668389088
2016-05-18,-2.90824064857818
2016-05-19,-0.458413939760405
2016-05-20,1.67892849918765
2016-05-23,2.98766277171802
2016-05-24,-0.590434297506715
2016-05-25,0
2016-05-27,-1.30768521007223
2016-05-30,1.80797256196277
2016-05-31,0.384061921918732
2016-06-01,-1.18087888683647
2016-06-02,2.05747593097145
2016-06-03,3.99215120241605
2016-06-06,-1.72046017005716
2016-06-07,-1.98119134681409
2016-06-08,-2.28738791396603
2016-06-09,-2.58304492631387
2016-06-10,0.545467167865876
2016-06-13,2.24330179784618
2016-06-14,-1.4919742088523
2016-06-15,-0.658646313244038
2016-06-16,-2.41909474374742
2016-06-17,1.56316940418044
2016-06-20,1.60655951690032
2016-06-21,1.96054957992171
2016-06-22,2.38170129430433
2016-06-23,-0.311554200810171
2016-06-24,-5.5749858103229
2016-06-27,-2.43222877427876
2016-06-28,-0.0638039962946202
2016-06-29,0.623530683413165
2016-06-30,-0.847165804252903
2016-07-01,0
2016-07-04,4.11059687802808
2016-07-05,3.57579321860602
2016-07-06,-4.08664215229946
2016-07-07,3.82566928769386
2016-07-08,1.23946578808436
2016-07-11,1.08512820212594
2016-07-12,1.05051471146709
2016-07-13,0.0287051125776649
2016-07-14,-0.086140069070062
2016-07-15,0.389908750858048
2016-07-18,0.502341506190085
2016-07-19,-0.188082469739381
2016-07-20,1.33172851894461
2016-07-21,-0.445711477241151
2016-07-22,2.1370247134346
2016-07-25,0.265325455525023
2016-07-26,-0.265325455525023
2016-07-27,-0.0553648558046405
2016-07-28,0.0553648558046405
2016-07-29,-3.72720954244681
2016-08-01,1.53362374153145
2016-08-02,1.92200464466117
2016-08-03,-2.19961735517797
2016-08-04,3.46804003046186
2016-08-05,-0.996841519029701
2016-08-08,0.996841519029701
2016-08-09,-0.373339623275459
2016-08-10,-0.429965934435383
2016-08-11,1.41519557873657
2016-08-12,0.42936015306827
2016-08-16,1.89100450839881
2016-08-17,-2.85008765971106
2016-08-18,1.5916031679593
2016-08-19,-2.83679832014352
2016-08-22,-1.55327740156039
2016-08-23,0.600703560718863
2016-08-24,0.574858566466929
2016-08-25,1.62291042655882
2016-08-26,0.240634515897309
2016-08-29,-0.405036131181014
2016-08-30,0.273852728930013
2016-08-31,-1.36573519908652
2016-09-01,0.249204060852826
2016-09-02,0.138178825357382
2016-09-05,0.325347001809995
2016-09-06,-1.26317469059005
2016-09-07,0.43948778702525
2016-09-08,-0.216720931702863
2016-09-09,-5.29459838999333
2016-09-12,-2.94637865198908
2016-09-13,1.86719966892461
2016-09-14,-0.23744520238278
2016-09-15,-0.232053178834501
2016-09-16,-3.54700859319772
2016-09-19,1.96791781262178
2016-09-20,0.62741518558731
2016-09-21,-0.900117836179781
2016-09-22,4.21246228841561
2016-09-23,1.77036599069025
2016-09-26,-1.65407338542227
2016-09-27,0.371230124707722
2016-09-28,2.10256664168336
2016-09-29,1.11625919468263
2016-09-30,-1.67909646321291
2016-10-03,3.41314758302271
2016-10-04,-0.137843596937248
2016-10-05,-1.62424307213236
2016-10-06,2.22385429734997
2016-10-07,0.541502758980972
2016-10-10,-1.66111294316513
2016-10-11,1.55741529435858
2016-10-12,0.103697648806556
2016-10-13,-0.596363414295897
2016-10-14,0.0548606553149256
2016-10-17,-0.676886716174518
2016-10-18,3.09356262818437
2016-10-19,3.38961980556975
2016-10-20,0
2016-10-21,0.258424787194489
2016-10-24,1.57225475192986
2016-10-25,-1.83067953912435
2016-10-26,0
2016-10-27,1.53043250051006
2016-10-28,0.503292793652488
2016-10-31,0.0506970860034706
2016-11-02,-2.03268396841585
2016-11-03,-2.06958000695971
2016-11-04,-1.66129160151449
2016-11-07,1.44984150422784
2016-11-08,0.369744769428326
2016-11-09,-0.475637721558808
2016-11-10,1.10108322084654
2016-11-14,-4.84129954448198
2016-11-15,-1.37322202204384
2016-11-16,1.8614694192653
2016-11-17,-0.405791300418734
2016-11-18,-0.628378211420877
2016-11-21,3.52571893828779
2016-11-22,0.81337999267701
2016-11-23,2.28222415191546
2016-11-24,1.98300249317649
2016-11-25,-0.554553582149087
2016-11-28,-2.19732380898181
2016-11-29,1.79346874994541
2016-11-30,1.00913144217154
2016-12-01,-1.34264466852505
2016-12-02,-2.34521837001154
2016-12-05,2.14457521588303
2016-12-06,-0.770288400418817
2016-12-07,-0.259821389149728
2016-12-08,3.89324952585586
2016-12-09,-3.63342813670613
2016-12-12,-0.567281440105116
2016-12-13,-0.439377210673619
2016-12-14,2.20860239769491
2016-12-15,-0.405909356293144
2016-12-16,0.534019240836425
2016-12-19,-0.920906829762291
2016-12-20,0.386887588925866
2016-12-21,-0.516183461713204
2016-12-22,1.53043250051006
2016-12-23,-0.153014413206876
2016-12-27,0.402435529507184
2016-12-28,0.203148876366122
2016-12-29,1.79505536397517
2016-12-30,0.516925451481587
2017-01-02,3.59337589700903
2017-01-03,2.8942442492756
2017-01-04,-2.91816025637308
2017-01-05,-0.715334671330936
2017-01-09,1.44933539295655
2017-01-10,2.13768681339799
2017-01-11,0.185761442912913
2017-01-12,-2.0910278979196
2017-01-13,2.54930899162504
2017-01-16,-0.690536865147973
2017-01-17,-1.81140569891474
2017-01-18,-0.0473664275623342
2017-01-19,0.467942148512535
2017-01-20,-0.4205757209502
2017-01-23,-4.11831432138321
2017-01-24,-1.62678014797599
2017-01-25,4.73130696177995
2017-01-26,-1.88816967183119
2017-01-27,-0.729019545990983
2017-01-30,0.631472837773206
2017-01-31,-0.097641954738048
2017-02-01,-1.39195125456952
2017-02-02,0.370782775552581
2017-02-03,-0.514521493269804
2017-02-06,1.94514703959623
2017-02-07,1.74563213634471
2017-02-08,1.82839500448919
2017-02-09,0.925067333137619
2017-02-10,-0.831236690550874
2017-02-13,-0.980169008363863
2017-02-14,0.538397446765337
2017-02-15,0.53551424481677
2017-02-16,0.737494007332629
2017-02-17,-2.32891427228115
2017-02-20,0.635826578603105
2017-02-21,1.23162371025867
2017-02-22,0.373065159415553
2017-02-23,0.552372189162575
2017-02-24,3.11264846900228
2017-02-27,0.26886555002843
2017-02-28,0
2017-03-01,1.73462193728557
2017-03-02,0
2017-03-03,0.285469791352622
2017-03-06,-0.960656046034014
2017-03-07,-0.617381871729261
2017-03-08,1.53417249617114
2017-03-09,2.1485667755492
2017-03-10,1.69044497184307
2017-03-13,0.206677003783984
2017-03-14,-0.795300101185159
2017-03-15,0.377286952130618
2017-03-16,2.23844670390161
2017-03-17,-2.87089007768815
2017-03-20,1.8812770118144
2017-03-21,-2.72794246460037
2017-03-22,-0.426036147361231
2017-03-23,0.807495153085735
2017-03-24,-2.6397735918458
2017-03-27,-0.153849565501041
2017-03-28,-1.93663332552285
2017-03-29,-0.130152835732655
2017-03-30,2.72011100278906
2017-03-31,3.0261644156715
2017-04-03,-0.293000060991488
2017-04-04,-0.995798557096172
2017-04-05,0.0214735125049437
2017-04-06,-1.71514447412306
2017-04-07,-0.433422301426134
2017-04-10,0.669045065119001
2017-04-11,-2.33696702393935
2017-04-12,1.12238606999693
2017-04-13,0.479701657035303
2017-04-18,-2.55688799672704
2017-04-19,0.332749081696715
2017-04-20,1.15154140145517
2017-04-21,-1.70523522414356
2017-04-24,1.13112207375679
2017-04-25,1.5368905382724
2017-04-26,-0.696866931609286
2017-04-27,-0.528080394705288
2017-04-28,-1.06460121603895
2017-05-02,1.371138695903
2017-05-04,-1.9981848465342
2017-05-05,0.0904649962185644
2017-05-08,-0.630430461803222
2017-05-09,0.539965465584658
2017-05-10,-1.3531266388374
2017-05-11,-1.8378019853551
2017-05-12,0.925437348578129
2017-05-15,-5.27488295170171
2017-05-16,1.19808383835593
2017-05-17,1.47413409366104
2017-05-18,-1.2092970543117
2017-05-19,3.32938492291364
2017-05-22,1.84802143984442
2017-05-23,2.06081045849968
2017-05-24,-2.17503091637736
2017-05-25,-3.99652188002735
2017-05-26,0
2017-05-29,0
2017-05-30,-0.99455730378617
2017-05-31,0
2017-06-01,0.85172054189222
2017-06-02,4.02500757171333
2017-06-05,-0.500104274634516
2017-06-06,-1.11934563712426
2017-06-07,-1.37222619204049
2017-06-08,0.235504795390629
2017-06-09,0.787258049130468
2017-06-12,-1.25409689476363
2017-06-13,0.697096695069455
2017-06-14,1.13412178664118
2017-06-16,-0.092859139368251
2017-06-19,3.30774787884422
2017-06-20,0.752152543096685
2017-06-21,-0.90956560490234
2017-06-22,0.354952858465651
2017-06-23,-1.31830351664357
2017-06-26,1.31830351664357
2017-06-27,1.93663332552285
2017-06-28,0.263597376073132
2017-06-29,-1.37835721701167
2017-06-30,-0.821873484584312
2017-07-03,2.63365300302212
2017-07-04,-0.043694835965713
2017-07-05,2.016162435309
2017-07-06,0
2017-07-07,1.13712602816172
2017-07-10,-1.43740079049959
2017-07-11,-0.637850716656008
2017-07-12,0.19005664223819
2017-07-13,-3.37036595976379
2017-07-14,1.01248700094825
2017-07-17,1.13348019622794
2017-07-18,-0.741020206215559
2017-07-19,0.741020206215559
2017-07-20,-1.52748650535433
2017-07-21,3.24263097947739
2017-07-24,-0.89721518061916
2017-07-25,-1.25135159493004
2017-07-26,1.57147645734543
2017-07-27,1.30019639351797
2017-07-28,0.506050281528037
2017-07-31,2.52976593189524
2017-08-01,2.70915348811993
2017-08-02,-1.10498361865856
2017-08-03,-0.624657552007335
2017-08-04,1.85032667891774
2017-08-07,-0.140813927635008
2017-08-08,0.181010085423594
2017-08-09,0.0964049080489637
2017-08-10,-0.879108815133822
2017-08-11,-1.7199190229177
2017-08-14,2.81960584162109
2017-08-16,-1.1564083176717
2017-08-17,-1.94792753247448
2017-08-18,1.72478107615071
2017-08-21,-0.0609446438366135
2017-08-22,1.26006271216825
2017-08-23,-1.07734009509253
2017-08-24,2.46035570245873
2017-08-25,-0.174312697651224
2017-08-28,4.00286585008587
2017-08-29,-2.03970896682142
2017-08-30,1.66185313281302
2017-08-31,-0.644495268053102
2017-09-01,3.30095453404056
2017-09-04,5.14198922199176
2017-09-05,0.627624499499913
2017-09-06,1.51742686608891
2017-09-07,-5.91867604142049
2017-09-08,0.275103337189009
2017-09-11,-0.440529346791596
2017-09-12,2.09345954191269
2017-09-13,0.735891322348436
2017-09-14,0.14295928095942
2017-09-15,-0.608993463740415
2017-09-18,1.99223949470806
2017-09-19,1.26007967584796
2017-09-20,0.156399371527627
2017-09-21,0.173490675021704
2017-09-22,1.27456082975472
2017-09-25,-0.980315701835632
2017-09-26,-2.91095426483441
2017-09-27,3.32489069582209
2017-09-28,-2.61566786487286
2017-09-29,-2.50460319260881
2017-10-02,4.56797417550403
2017-10-03,3.10128790332147
2017-10-04,-1.40240534467448
2017-10-05,-3.04048295810686
2017-10-06,-1.78750003083419
2017-10-09,3.93924017106615
2017-10-10,-0.879391821102171
2017-10-11,-1.90581867607733
2017-10-12,-0.833116579791771
2017-10-13,-0.750405522382902
2017-10-16,-0.467374569987999
2017-10-17,-2.53640090977445
2017-10-18,-1.95956629450507
2017-10-19,0.4512982462205
2017-10-20,-0.35710967374909
2017-10-23,2.25272488161332
2017-10-24,-0.221157480484013
2017-10-25,1.10092855083694
2017-10-26,-0.0182498403646036
2017-10-27,2.13081373529445
2017-10-30,-1.56661167443994
2017-10-31,-0.929900036520248
2017-11-02,-2.72972106254885
2017-11-03,0.150489117942065
2017-11-06,-1.13422766039344
2017-11-07,0.13299137516336
2017-11-08,0.81308947525951
2017-11-09,-6.8186094517011
2017-11-10,0.923145227274613
2017-11-13,-0.099930057281572
2017-11-14,2.1757187349376
2017-11-15,-2.31578879285612
2017-11-16,-1.08718606577503
2017-11-17,-1.22201113347753
2017-11-20,3.02747642465917
2017-11-21,-0.598207167754783
2017-11-22,-1.20725812342686
2017-11-23,0.806455983672993
2017-11-24,-0.907721815111628
2017-11-27,-0.365408445564253
2017-11-28,1.49377020576695
2017-11-29,-1.43277599832556
2017-11-30,-2.53178079842895
2017-12-01,8.06679030674546
2017-12-04,-2.3347363996991
2017-12-05,0.392927813988919
2017-12-06,-1.58106060266423
2017-12-07,3.13751225677539
2017-12-08,0.385356931599024
2017-12-11,4.67734800135799
2017-12-12,-0.718301274257094
2017-12-13,-0.185013928816158
2017-12-14,1.30624615114598
2017-12-15,-1.67730409079958
2017-12-18,2.0239881347746
2017-12-19,1.67980108067844
2017-12-20,0.41111864143728
2017-12-21,0.338349534788751
2017-12-22,-1.12631922787108
2017-12-27,2.09934769212872
2017-12-28,-0.352734051796855
2017-12-29,0.704228262541307
2018-01-03,1.94585708675321
2018-01-04,0.822485788088478
2018-01-05,1.89322760880222
2018-01-08,-0.134048277445142
2018-01-09,0.267917106004845
2018-01-10,0.200467825237727
2018-01-11,-0.938974034983886
2018-01-12,-0.269905696916517
2018-01-15,-0.338409798423989
2018-01-16,3.33364202675916
2018-01-17,-1.05472302736631
2018-01-18,0.989127747874274
2018-01-19,1.36854530852544
2018-01-22,-1.69716867360732
2018-01-23,-2.60101358376126
2018-01-24,-3.43676435042077
2018-01-25,1.043487729258
2018-01-26,0.552106302375055
2018-01-29,0
2018-01-30,-0.275672124960114
2018-01-31,-0.692523543331447
2018-02-01,-2.39111251195219
2018-02-02,-0.356506616449614
2018-02-05,-0.21451563463879
2018-02-06,-4.16574663120048
2018-02-07,0.223630357828064
2018-02-08,3.07942220982014
2018-02-09,-2.11609501210983
2018-02-12,-2.01124097870951
2018-02-13,0.450451212110448
2018-02-14,1.04322853734056
2018-02-15,-0.66939632627987
2018-02-16,-0.074654725378398
2018-02-19,-0.14947685892297
2018-02-20,-0.524935588614373
2018-02-21,-1.59154553058993
2018-02-22,1.66670524852117
2018-02-23,3.54280593981899
2018-02-26,-3.31766513177332
2018-02-27,-1.81548102803717
2018-02-28,-3.89154162496732
2018-03-01,-2.65395552346126
2018-03-02,-0.982808893626252
2018-03-05,0.819676720417917
2018-03-06,0.813012608325003
2018-03-07,0.966969661795858
2018-03-08,3.0795959117528
2018-03-09,0.465477954498272
2018-03-12,1.91650174007343
2018-03-13,-1.9939310896639
2018-03-14,-3.2273560550296
2018-03-15,2.37165266173163
2018-03-16,-2.61194112336263
2018-03-19,-3.01203070892493
2018-03-20,1.55804709752481
2018-03-21,0.487013949604265
2018-03-22,-4.13281954928459
2018-03-23,-2.91116448473492
2018-03-26,2.23376985383936
2018-03-27,4.64813959040677
2018-03-28,-1.63535942202939
2018-03-29,-3.95175420336127
2018-04-03,2.87424688656541
2018-04-04,1.65293019512109
2018-04-05,5.34630698688243
2018-04-06,1.69495583137733
2018-04-09,0.457317870196494
2018-04-10,-0.763362485507102
2018-04-11,-1.85620178600603
2018-04-12,2.23861142984632
2018-04-13,3.22972119755915
2018-04-16,0.516035055930963
2018-04-17,0.732604009207272
2018-04-18,-0.438918041876324
2018-04-19,-0.883658180049807
2018-04-20,-1.11566795009663
2018-04-23,-0.449775870683133
2018-04-24,-0.451807997478948
2018-04-25,-0.226671800869127
2018-04-26,-3.30672188327883
2018-04-27,0.933858926779951
2018-04-30,0.309358328699538
2018-05-02,3.41589188113192
2018-05-04,-3.57045141730996
2018-05-07,-1.08865771930144
2018-05-08,-0.0782166641362991
2018-05-09,4.21356852412291
2018-05-10,1.93170939724352
2018-05-11,2.75779451058176
2018-05-14,-0.143266500149597
2018-05-15,-0.0717102934996383
2018-05-16,-0.215439939702655
2018-05-17,-2.99183204909674
