2008-05-07,0.48305105573343
2008-05-08,-0.405260308908995
2008-05-09,-2.36930259430528
2008-05-12,0.0795931945622996
2008-05-13,1.15140801813607
2008-05-14,3.38520296361788
2008-05-15,-0.550638860052999
2008-05-16,-0.161530322050929
2008-05-19,-0.400699628168821
2008-05-20,1.5091426731332
2008-05-21,-0.235888904663017
2008-05-23,0.555136424400393
2008-05-26,-0.319247519737376
2008-05-27,0.235333778134672
2008-05-28,2.78980056238405
2008-05-29,-0.0653327912172763
2008-05-30,3.23127292363852
2008-06-02,2.64600802815163
2008-06-03,4.30441424226022
2008-06-04,-4.0198096118619
2008-06-05,-1.38445306534449
2008-06-06,0.44294279204391
2008-06-09,-1.3897787712907
2008-06-10,-3.07372619000463
2008-06-11,-1.14156490836765
2008-06-12,-1.17134062175697
2008-06-13,1.62136797374934
2008-06-16,2.72996781966119
2008-06-17,0.665085586990966
2008-06-18,-2.77651151433163
2008-06-19,-0.765600742352746
2008-06-20,0.147058850032211
2008-06-23,-1.62136797374934
2008-06-24,-2.91290903990258
2008-06-25,-1.13403277173822
2008-06-26,-0.398234445442558
2008-06-27,0.803494754351552
2008-06-30,1.44379083085426
2008-07-01,-2.00469319452905
2008-07-02,4.28552324248059
2008-07-03,-1.167458223106
2008-07-04,-1.11337182484554
2008-07-07,0.794124305108168
2008-07-08,-0.160006771263399
2008-07-09,0.160006771263399
2008-07-10,-0.870489333637892
2008-07-11,-4.39888746045991
2008-07-14,-2.87032166119534
2008-07-15,-3.66280022830923
2008-07-16,1.14857221994131
2008-07-17,4.46674416249606
2008-07-18,3.54400685629357
2008-07-21,3.73946660367857
2008-07-22,1.55259539612698
2008-07-23,2.94720778036179
2008-07-24,-0.814896256666131
2008-07-25,0
2008-07-28,1.04537519835071
2008-07-29,-0.669058648724796
2008-07-30,0.669058648724796
2008-07-31,0.364501195959477
2008-08-01,-0.961660500664197
2008-08-04,-2.26961242297432
2008-08-05,0.375081979205882
2008-08-06,1.44631455012245
2008-08-07,-1.44631455012245
2008-08-08,-0.375081979205882
2008-08-11,-0.310914994367328
2008-08-12,-1.86101893074317
2008-08-13,1.86101893074317
2008-08-14,0.685996973573211
2008-08-18,0
2008-08-19,0.235743717681958
2008-08-20,-0.235743717681958
2008-08-21,-0.685996973573211
2008-08-22,0.994789677905139
2008-08-25,-0.308792704331928
2008-08-26,0.535715566924244
2008-08-27,0.226409088387758
2008-08-28,-0.380336286925331
2008-08-29,4.61071763267276
2008-09-01,3.21502513140857
2008-09-02,0.351757276220166
2008-09-03,-0.780023455420231
2008-09-04,-1.4180332399214
2008-09-05,-2.09916644538342
2008-09-08,0.730440733096316
2008-09-09,1.93987298320546
2008-09-10,-0.288973585121521
2008-09-11,-2.88957063207151
2008-09-12,2.24780817274581
2008-09-15,-1.37369037720831
2008-09-16,-3.1816380124869
2008-09-17,2.00920000826885
2008-09-18,1.53699144266812
2008-09-19,3.34988691853795
2008-09-22,-1.33410684196558
2008-09-23,1.33410684196558
2008-09-24,0.983467917809167
2008-09-25,-0.282129521165153
2008-09-26,-1.40009025356322
2008-09-29,-2.65113506161874
2008-09-30,-2.50081625258627
2008-10-01,2.57047300243269
2008-10-02,-0.800097482942741
2008-10-03,0.730440733096316
2008-10-06,-2.65175967747169
2008-10-07,0.515444620844896
2008-10-08,-1.1135086816898
2008-10-09,-1.36089389435616
2008-10-10,-8.32300422502992
2008-10-13,6.48193434532272
2008-10-14,2.90559606144298
2008-10-15,-1.67445772738017
2008-10-16,-2.94698919271141
2008-10-17,-1.26819420350257
2008-10-20,-0.400699628168821
2008-10-21,-0.325147886355426
2008-10-22,-3.09859428512578
2008-10-23,2.21191865291854
2008-10-24,-3.46621610946913
2008-10-27,-1.17960937397621
2008-10-28,0.847844891236704
2008-10-29,0.76052798015116
2008-10-30,3.20160660805326
2008-10-31,-0.0863632491713506
2008-11-03,1.29621111806961
2008-11-04,5.44397251062114
2008-11-05,-4.80635079669351
2008-11-06,-1.84746958282589
2008-11-07,-0.0863632491713506
2008-11-10,1.13403277173822
2008-11-12,2.68862851227958
2008-11-13,4.35293450482277
2008-11-14,-0.598923730831613
2008-11-17,-1.21682471624354
2008-11-18,-1.06778534195988
2008-11-19,0.685996973573211
2008-11-20,-0.375081979205882
2008-11-21,1.82139652932833
2008-11-24,3.1816380124869
2008-11-25,-1.02316665623539
2008-11-26,-2.15847135625151
2008-11-27,0
2008-11-28,-7.4243735235012
2008-12-01,7.4243735235012
2008-12-02,0
2008-12-03,0
2008-12-04,-3.2944923357864
2008-12-05,0.157395550863182
2008-12-08,2.60625020735645
2008-12-09,-0.23414487302964
2008-12-10,0.764991450596408
2008-12-11,-1.75606373811106
2008-12-12,-0.376247785584605
2008-12-15,0.685996973573211
2008-12-16,0
2008-12-17,1.44631455012245
2008-12-18,-2.13231152369566
2008-12-19,-3.7573295998985
2008-12-22,3.37143479038295
2008-12-23,-1.0835059062722
2008-12-29,0
2008-12-30,0
2008-12-31,0
2009-01-05,4.12177581913231
2009-01-06,-0.897801621725236
2009-01-07,0.297487656580175
2009-01-08,-0.144613184999987
2009-01-09,0.224863570496137
2009-01-12,-0.983482332579921
2009-01-13,0.605744290503596
2009-01-14,-0.686788139659456
2009-01-15,1.87942243840191
2009-01-16,-0.814896256666131
2009-01-19,0
2009-01-20,0.751222265339369
2009-01-21,-1.12896030741569
2009-01-22,1.78761443638651
2009-01-23,0
2009-01-26,0.748594961941329
2009-01-27,-0.669531074204732
2009-01-28,1.32681043579388
2009-01-29,0.877437007292725
2009-01-30,0.724082658280167
2009-02-02,1.06879405072888
2009-02-03,-1.93987298320546
2009-02-04,-1.76525711697324
2009-02-05,2.91991546922623
2009-02-06,4.21130633801616
2009-02-09,-0.058719907735405
2009-02-10,0.89175358875182
2009-02-11,0.544288146564842
2009-02-12,-0.072400814051754
2009-02-13,-0.683142191629837
2009-02-16,-3.26123913736516
2009-02-17,-2.57950810060725
2009-02-18,-3.31687117550747
2009-02-19,2.88299740276154
2009-02-20,-4.70562850250991
2009-02-23,0
2009-02-24,-0.841817729257377
2009-02-25,0.155820755684166
2009-02-26,0
2009-02-27,-1.46940071578774
2009-03-02,4.12177581913231
2009-03-03,3.67437832783888
2009-03-04,-1.37869118964713
2009-03-05,-3.72634970103887
2009-03-06,2.32047537750839
2009-03-09,-0.0632961489603012
2009-03-10,-1.95003382058019
2009-03-11,-8.78407683153539
2009-03-12,-6.04759413552514
2009-03-13,11.1240415000705
2009-03-16,3.40048405902209
2009-03-17,0.0809192470113018
2009-03-18,-4.02727911040848
2009-03-19,0.470470497295805
2009-03-20,3.92819608988195
2009-03-23,0.0805542173412999
2009-03-24,-1.75457348161934
2009-03-25,1.36732007309925
2009-03-26,-4.72554924090756
2009-03-27,1.10405234220439
2009-03-30,-2.38338748819533
2009-03-31,3.47538350170851
2009-04-01,1.00636005640657
2009-04-02,0.532068541268771
2009-04-03,0.309749187988606
2009-04-06,-0.456808038020817
2009-04-07,1.90312258814327
2009-04-08,-0.224863570496137
2009-04-09,-1.75186962089739
2009-04-14,-1.00321538700281
2009-04-15,-1.0133818760425
2009-04-16,-2.06662494007839
2009-04-17,1.67346704521765
2009-04-20,-0.630598633993218
2009-04-21,0.948590533750249
2009-04-22,1.93618492584688
2009-04-23,1.90744795319953
2009-04-24,0.601180120122047
2009-04-27,-1.06050644443636
2009-04-28,-3.30914055962839
2009-04-29,0
2009-04-30,2.47374091630341
2009-05-04,1.59175986322779
2009-05-05,-1.51848487521482
2009-05-06,0
2009-05-07,0
2009-05-08,1.44631455012245
2009-05-11,0.894431773465287
2009-05-12,3.36921694981105
2009-05-13,-2.85377232896615
2009-05-14,-0.594980137644052
2009-05-15,2.14113973084951
2009-05-18,3.52739221093441
2009-05-19,-2.93723674751307
2009-05-20,3.34988691853795
2009-05-21,-5.48620197516474
2009-05-22,0.158065313871081
2009-05-25,1.97824974275571
2009-05-26,3.28997079930988
2009-05-27,-1.13770298544349
2009-05-28,1.27246380541859
2009-05-29,-0.562705464968261
2009-06-01,3.80885954948194
2009-06-02,0.202590330487418
2009-06-03,-0.275043601299263
2009-06-04,0.614185969149528
2009-06-05,1.01058018271218
2009-06-08,1.06399074402543
2009-06-09,1.24808800040266
2009-06-10,-1.98458307937184
2009-06-12,1.98458307937184
2009-06-15,1.10184407073017
2009-06-16,0.707347659641888
2009-06-17,-0.51456324300716
2009-06-18,0
2009-06-19,0
2009-06-22,-1.62266926312853
2009-06-23,0.786884739860838
2009-06-24,-2.44342704346905
2009-06-25,2.63745385231222
2009-06-26,-1.30301812227618
2009-06-29,0
2009-06-30,0.977115535167439
2009-07-01,3.5211061074492
2009-07-02,0.934336749073683
2009-07-03,2.46699297627293
2009-07-06,-2.1552699581417
2009-07-07,0.310754324589624
2009-07-08,1.84451563355208
2009-07-09,-0.305066280145549
2009-07-10,-2.16192669612738
2009-07-13,0.311723018131227
2009-07-14,2.45940841369703
2009-07-15,4.38644636651842
2009-07-16,0.628777808267067
2009-07-17,0
2009-07-20,3.40121582298467
2009-07-21,0.278774758673261
2009-07-22,-1.9619027495847
2009-07-23,1.18294831289711
2009-07-24,1.33418327003154
2009-07-27,-1.33418327003154
2009-07-28,-0.448712948873897
2009-07-29,0.173741169427277
2009-07-30,-1.70242566170824
2009-07-31,0.109535701330943
2009-08-03,-4.24908639064454
2009-08-04,-0.777222489278806
2009-08-05,-1.02208970000857
2009-08-06,0
2009-08-07,2.98529631496809
2009-08-10,2.72803234837835
2009-08-11,1.58618169986284
2009-08-12,-3.55204380656797
2009-08-13,-1.94815436735394
2009-08-14,-1.20021869775893
2009-08-17,3.08611819165852
2009-08-18,-0.118391140725116
2009-08-19,0
2009-08-20,-2.36581705670864
2009-08-21,1.19305895400341
2009-08-24,-1.60888656914571
2009-08-25,-0.908014095205223
2009-08-26,0.122838224594313
2009-08-27,-4.33774310626815
2009-08-28,2.12965757618004
2009-08-31,-2.38639712670463
2009-09-01,-0.631131001341734
2009-09-02,-2.32792881604831
2009-09-03,2.70844160784449
2009-09-04,0.507357760070137
2009-09-07,2.68298222091761
2009-09-08,-2.68298222091761
2009-09-09,0.632274925366216
2009-09-10,-1.90894580330387
2009-09-11,-1.48028452587976
2009-09-14,-2.57144982055637
2009-09-15,-2.43492796064864
2009-09-16,-0.753947135434219
2009-09-17,-1.10824924467927
2009-09-18,-3.19308555359403
2009-09-21,0.718437819622642
2009-09-22,1.35397855301522
2009-09-23,5.54581629880562
2009-09-24,0.799975948672849
2009-09-25,0.534459781363195
2009-09-28,-0.471019184303634
2009-09-29,-0.863416545732409
2009-09-30,-0.799262086856922
2009-10-01,0.799262086856922
2009-10-02,-3.39040026530699
2009-10-05,-0.686172316337919
2009-10-06,1.3822733136414
2009-10-07,-0.417078861658027
2009-10-08,-0.965194451983376
2009-10-09,0
2009-10-12,0
2009-10-13,2.60874828346775
2009-10-14,0.467744529258951
2009-10-15,-3.00988288538506
2009-10-16,-1.46825816331502
2009-10-19,1.26088140406062
2009-10-20,-2.39348185314165
2009-10-21,2.81518928089755
2009-10-22,0
2009-10-23,-2.3832886284588
2009-10-26,1.19500877198453
2009-10-27,0.692404955170911
2009-10-28,0
2009-10-29,0
2009-10-30,-2.24340728622727
2009-11-02,1.48374026805933
2009-11-03,-1.48374026805933
2009-11-04,0.136487737294022
2009-11-05,0.279974455517529
2009-11-06,-0.416462192811551
2009-11-09,0.0682671547732383
2009-11-10,0.920830719753551
2009-11-12,-0.98909787452679
2009-11-13,-0.364880678488433
2009-11-16,1.42157403420256
2009-11-17,-1.26937858590659
2009-11-18,0.349172967486489
2009-11-19,0.9202056184201
2009-11-20,0.561525826896503
2009-11-23,-1.26222562353879
2009-11-24,-2.15522289363346
2009-11-25,0
2009-11-26,-0.216550742010746
2009-11-27,-1.23867123398758
2009-11-30,1.45522197599832
2009-12-01,0.577746859912409
2009-12-02,0.138163976538141
2009-12-03,-2.91071132121701
2009-12-04,-1.87323639376706
2009-12-07,-1.14101986453665
2009-12-08,0.762124655312002
2009-12-09,3.35164790254878
2009-12-10,-1.47136688033052
2009-12-11,-0.381194870741686
2009-12-14,0
2009-12-15,-1.12019094225193
2009-12-16,1.42208995601174
2009-12-17,-2.56310982054839
2009-12-18,1.51848487521482
2009-12-21,0.447893254556542
2009-12-22,1.41835110182149
2009-12-23,1.5380714651688
2009-12-28,0.787162576637135
2009-12-29,-2.32523404180593
2009-12-30,0.0707853267984504
2009-12-31,0.298320208680547
2010-01-04,1.81766694574428
2010-01-05,1.57327210210969
2010-01-06,0
2010-01-07,2.32185385439347
2010-01-08,2.73849673387647
2010-01-11,5.26178741711725
2010-01-12,-3.25779808563049
2010-01-13,0
2010-01-14,0.724615362358705
2010-01-15,1.88868272065972
2010-01-18,-0.90517114831079
2010-01-19,1.99972305273435
2010-01-20,-2.78016043324043
2010-01-21,1.68560852881687
2010-01-22,-2.28199689534345
2010-01-25,-0.331301187674971
2010-01-26,0.331301187674971
2010-01-27,-0.663703629598578
2010-01-28,0
2010-01-29,0.247638715721088
2010-02-01,-0.106055795283932
2010-02-02,-1.13831621856395
2010-02-03,-1.01399595928662
2010-02-04,-3.09772273189362
2010-02-05,-1.47961691413312
2010-02-08,1.47961691413312
2010-02-09,-1.97265845601255
2010-02-10,0.493041541879435
2010-02-11,-2.07958564624859
2010-02-12,1.43434865607319
2010-02-15,-1.8756795570614
2010-02-16,-2.42697951849422
2010-02-17,0.673509934715977
2010-02-18,3.56058554542145
2010-02-19,-0.290010124654838
2010-02-22,-1.07577493600015
2010-02-23,0.577746859912409
2010-02-24,1.1455753812823
2010-02-25,-2.16465314218293
2010-02-26,4.69890182723733
2010-03-01,0.891843022009287
2010-03-02,3.18472955963562
2010-03-03,-0.327495665056254
2010-03-04,-0.335726591275831
2010-03-05,0.535199479244763
2010-03-08,-0.0711946491697812
2010-03-09,-0.800862342661102
2010-03-10,1.60242719476988
2010-03-11,-1.60242719476988
2010-03-12,1.26981303864708
2010-03-15,-1.34163148471016
2010-03-16,3.7093520672935
2010-03-17,0.579831817100329
2010-03-18,0.514881170418846
2010-03-19,0
2010-03-22,-2.20854281106537
2010-03-23,2.59126607757687
2010-03-24,1.02474514863302
2010-03-25,1.3146610969017
2010-03-26,-0.937276728263869
2010-03-29,-0.952935268468869
2010-03-30,-0.640372785796073
2010-03-31,-0.020505109261526
2010-04-01,0.721975619370863
2010-04-06,0.318460817303734
2010-04-07,-0.828752790418985
2010-04-08,-3.44897662262458
2010-04-09,0
2010-04-12,0.331301187674971
2010-04-13,-0.92616166286188
2010-04-14,0.0639045713514363
2010-04-15,0
2010-04-16,-0.134957579882844
2010-04-19,-4.70041418895772
2010-04-20,4.70041418895772
2010-04-21,-1.27326469798241
2010-04-22,-2.11713556732458
2010-04-23,0.754499422205734
2010-04-26,2.37256486657635
2010-04-27,-1.07473987124354
2010-04-28,-1.35622342023507
2010-04-29,0.814490721897387
2010-04-30,0.375913115265014
2010-05-04,-1.26344985940228
2010-05-05,0.684535151912335
2010-05-06,-2.13452927522662
2010-05-07,-0.908623217062132
2010-05-10,3.44874441500109
2010-05-11,-1.71318204968829
2010-05-12,3.12706428878209
2010-05-13,-0.0641596885313511
2010-05-14,-3.74907691658866
2010-05-17,3.41335032531283
2010-05-18,0.663222256332086
2010-05-19,-2.49734111263775
2010-05-20,0.341930419353664
2010-05-21,0.817334845515649
2010-05-24,-1.35622342023507
2010-05-25,0.61148912967246
2010-05-26,2.08281013833105
2010-05-27,0.33351104179471
2010-05-28,0.332402441923607
2010-05-31,-2.3865093749738
2010-06-01,1.6637171126157
2010-06-02,-1.21638591934263
2010-06-04,1.14524192089509
2010-06-07,-0.742913624764574
2010-06-08,0.407857171586201
2010-06-09,-0.53700053865251
2010-06-10,0.608383224244768
2010-06-11,-0.946379303095002
2010-06-14,1.28119706912866
2010-06-15,-1.96063589540598
2010-06-16,1.35429241771368
2010-06-17,-1.97267858676917
2010-06-18,-4.1877673302563
2010-06-21,3.43326790805056
2010-06-22,-0.686172316337919
2010-06-23,-1.04939004897489
2010-06-24,-0.0748447007470343
2010-06-25,1.12423474972192
2010-06-28,0.686172316337919
2010-06-29,-1.03474685254246
2010-06-30,-1.10564401377293
2010-07-01,2.4853833177124
2010-07-02,-0.447986648686616
2010-07-05,-0.583178119048311
2010-07-06,0.722930265658217
2010-07-07,-0.656320338316574
2010-07-08,0.516568191706668
2010-07-09,0.426001378728902
2010-07-12,0.285432184127377
2010-07-13,1.41506660796842
2010-07-14,0.703672035439817
2010-07-15,1.17368064938841
2010-07-16,-1.52489772546849
2010-07-19,-0.208445717881922
2010-07-20,0
2010-07-21,1.73334344335041
2010-07-22,0.345911184631165
2010-07-23,0.344718762690643
2010-07-26,0
2010-07-27,0.6858929465273
2010-07-28,0
2010-07-29,0.334238873938064
2010-07-30,0
2010-08-02,0.340053764657
2010-08-03,0.944671738163594
2010-08-04,-0.268013767276187
2010-08-05,-1.35095060948247
2010-08-06,0.0627549440111785
2010-08-09,-1.43927783786029
2010-08-10,0
2010-08-11,-0.482031131120886
2010-08-12,0.482031131120886
2010-08-13,0
2010-08-16,0.620375623791469
2010-08-17,-1.30868772573685
2010-08-18,1.58240091904593
2010-08-19,-0.20345886977875
2010-08-20,-0.344718762690643
2010-08-23,-0.0634450692742483
2010-08-24,-5.22550132276303
2010-08-25,3.41813748193762
2010-08-26,0.836585623523112
2010-08-27,0
2010-08-30,-1.39822304456052
2010-08-31,-0.209620952105682
2010-09-01,2.64206728324274
2010-09-02,-1.51959183401957
2010-09-03,1.86431059671022
2010-09-06,0
2010-09-07,0.343534533528578
2010-09-08,1.55558692386375
2010-09-09,-0.878989636926963
2010-09-10,0.947874395454384
2010-09-13,0.199497882008659
2010-09-14,-2.78744268079074
2010-09-15,2.92479590614829
2010-09-16,-0.268013767276187
2010-09-17,-1.63033893119282
2010-09-20,1.22351196084405
2010-09-21,-0.944123639133698
2010-09-22,-0.209468027993376
2010-09-23,0.814455791681912
2010-09-24,1.07572406794962
2010-09-27,-0.536415563111126
2010-09-28,-1.6898284649419
2010-09-29,1.21982483500993
2010-09-30,1.21196911125265
2010-10-01,-0.535311140365247
2010-10-04,-1.01671173554441
2010-10-05,-0.676597286936786
2010-10-06,-0.963473116390912
2010-10-07,-1.38757696457068
2010-10-08,0.699752944547827
2010-10-11,-1.6790234430482
2010-10-12,0.0651018142997728
2010-10-13,0
2010-10-14,0.985796794132199
2010-10-15,-0.488085953170803
2010-10-18,-0.425425164834214
2010-10-19,-1.99240307199053
2010-10-20,0.433967802541968
2010-10-21,1.20373512559029
2010-10-22,-0.99111728091219
2010-10-25,-0.212617844678098
2010-10-26,-1.22583132977292
2010-10-27,2.00808483438673
2010-10-28,0.493971656771341
2010-10-29,-1.06360731670705
2010-11-02,0
2010-11-03,-2.89789206031497
2010-11-04,-0.150897870793898
2010-11-05,0.879539592175682
2010-11-08,-2.50856244700031
2010-11-09,1.77992072561852
2010-11-10,0
2010-11-12,3.60579503478684
2010-11-15,3.14259424311438
2010-11-16,2.24384022008297
2010-11-17,2.65195387587549
2010-11-18,-0.653047057798117
2010-11-19,0.128252742950385
2010-11-22,0.262741418369927
2010-11-23,0.329135477647746
2010-11-24,-0.983901730626169
2010-11-25,1.05093934123492
2010-11-26,-1.31540903052976
2010-11-29,0.589013584707221
2010-11-30,0.0674809391961073
2010-12-01,1.37341789688987
2010-12-02,-0.38666714842579
2010-12-03,1.93166024652855
2010-12-06,2.77194294143213
2010-12-07,-1.18594934652942
2010-12-08,1.86551120087
2010-12-09,-0.494924868133495
2010-12-10,-0.184636986207076
2010-12-13,-0.498308064920705
2010-12-14,2.16043120321077
2010-12-15,3.84248899769419
2010-12-16,1.74582934693248
2010-12-17,-1.74582934693248
2010-12-20,-1.54382206779844
2010-12-21,1.36875939292391
2010-12-22,-0.296493727625213
2010-12-23,-0.77258041608359
2010-12-27,-1.19798698909697
2010-12-28,-0.365314173648423
2010-12-29,-0.242213576790418
2010-12-30,-1.77539872352455
2010-12-31,1.837560719683
2011-01-03,0.786114041801067
2011-01-04,-2.18788918534689
2011-01-05,-1.36419107459975
2011-01-07,1.23807174901636
2011-01-10,-3.12114796292411
2011-01-11,-0.96157731918991
2011-01-12,-0.897932878559926
2011-01-13,-0.39206615660663
2011-01-14,-0.9768577612983
2011-01-17,-1.58582884211862
2011-01-18,6.19778644842421
2011-01-19,1.42795822171951
2011-01-20,-0.615855411464805
2011-01-21,0.615855411464805
2011-01-24,0
2011-01-25,0
2011-01-26,-1.24193552463017
2011-01-27,0.626080113165361
2011-01-28,-1.37871304420263
2011-01-31,-0.252141720782406
2011-02-01,0.252141720782406
2011-02-02,-0.440044714482202
2011-02-03,-1.33844586141061
2011-02-04,-1.93794225257866
2011-02-07,1.42393782601995
2011-02-08,2.48601847918244
2011-02-09,-1.97201405262373
2011-02-10,-2.98888159381359
2011-02-11,-0.529640675883902
2011-02-14,-0.402497388218537
2011-02-15,-1.34193253458679
2011-02-16,0.200712944151338
2011-02-17,0
2011-02-18,0
2011-02-21,-0.270017819057866
2011-02-22,-1.49475437920068
2011-02-23,2.44007796197581
2011-02-24,-0.406015077936628
2011-02-25,0.871928904654817
2011-02-28,4.49776788137108
2011-03-01,-1.21636004430892
2011-03-02,-1.17108264976231
2011-03-03,3.08426424307684
2011-03-04,0.633978058229578
2011-03-07,-0.945970511500338
2011-03-08,0
2011-03-09,-0.640023083402363
2011-03-10,-0.321554235787547
2011-03-11,-0.0591735445781616
2011-03-14,-1.61775058972324
2011-03-15,2.18830006020712
2011-03-16,-1.80137496107227
2011-03-17,-2.16726748988965
2011-03-18,2.81765470420234
2011-03-21,-1.627244975611
2011-03-22,0.261876933277438
2011-03-23,-1.38426870250585
2011-03-24,-0.531771092222755
2011-03-25,1.65416286145117
2011-03-28,0.9768577612983
2011-03-29,0.133076072603222
2011-03-30,1.15692296256333
2011-03-31,1.468071908468
2011-04-01,0.439475922222243
2011-04-04,0.437552979150491
2011-04-05,2.66091087279645
2011-04-06,2.70153347976714
2011-04-07,-0.769704472001287
2011-04-08,-2.67229423837652
2011-04-11,0
2011-04-12,-2.04251048018738
2011-04-13,6.01858826549533
2011-04-14,-3.36072986848559
2011-04-15,-1.78739719162921
2011-04-18,1.29793838314285
2011-04-19,-0.308710278248503
2011-04-20,-0.119960869264846
2011-04-21,-0.310038528587286
2011-04-26,0.120333147298357
2011-04-27,-1.5500230597211
2011-04-28,0.870461205380524
2011-04-29,0.869267235629501
2011-05-02,-0.246687243605059
2011-05-04,-1.18495366231404
2011-05-05,0.249624093522316
2011-05-06,1.05558655344171
2011-05-09,-0.0632751223338612
2011-05-10,1.71941986962922
2011-05-11,2.51280307541877
2011-05-12,-1.19016327497681
2011-05-13,1.19016327497681
2011-05-16,-0.0606906615703284
2011-05-17,-3.86186603292389
2011-05-18,1.70794604976119
2011-05-19,1.02444736975622
2011-05-20,0.892426460772899
2011-05-23,-1.31081136936002
2011-05-24,3.65636032314707
2011-05-25,-0.172531797565156
2011-05-26,0.753377432511781
2011-05-27,-0.580845634946625
2011-05-30,-0.931628117698402
2011-05-31,-2.42922007757227
2011-06-01,0.722776636646172
2011-06-02,0.590259419041361
2011-06-03,-0.590259419041361
2011-06-06,1.7064434409261
2011-06-07,0.0599808079402742
2011-06-08,-0.583337493229319
2011-06-09,-1.0671942177336
2011-06-10,-2.71263813630673
2011-06-13,3.01090052377675
2011-06-14,0.768931830263586
2011-06-15,-1.90586339228322
2011-06-16,-3.53504230082526
2011-06-17,-1.88363384763477
2011-06-20,2.49948925909957
2011-06-21,-0.800716021878101
2011-06-22,-2.33026519613326
2011-06-24,1.8890456933812
2011-06-27,-0.057694158464372
2011-06-28,0.057694158464372
2011-06-29,4.58439697778994
2011-06-30,-1.50490073347678
2011-07-01,-0.304963671860303
2011-07-04,-0.550035763873202
2011-07-05,0.250391367127456
2011-07-06,0
2011-07-07,-0.125117313788303
2011-07-08,-1.34864660701943
2011-07-11,-1.05881841336375
2011-07-12,-1.19985957600504
2011-07-13,0.317491438496331
2011-07-14,0.882368137508704
2011-07-15,-0.250393376626556
2011-07-18,-0.949466199378479
2011-07-19,0.633978058229578
2011-07-20,-0.316486619733247
2011-07-21,0.940062295973076
2011-07-22,0.498626616432007
2011-07-25,1.29876069291561
2011-07-26,0.489766142885895
2011-07-27,-1.04521792760335
2011-07-28,-0.05698186231613
2011-07-29,-0.558873549148675
2011-08-01,1.47926080661787
2011-08-02,-3.74000823511782
2011-08-03,-1.60224059294767
2011-08-04,-1.89107235785291
2011-08-05,0.0674354331307914
2011-08-08,-7.22532511512073
2011-08-09,-3.23285765564023
2011-08-10,-1.47022665610721
2011-08-11,-3.39120280357745
2011-08-12,6.38409415139778
2011-08-16,-1.89007784450355
2011-08-17,6.38716070930987
2011-08-18,-0.345911184631165
2011-08-19,-0.830823170670625
2011-08-22,-0.486062429440581
2011-08-23,2.00751554743301
2011-08-24,2.36660477816546
2011-08-25,-3.74554682743264
2011-08-26,2.73912763438955
2011-08-29,1.0064191930431
2011-08-30,1.85511384668833
2011-08-31,-1.51960050514464
2011-09-01,-1.68198629924379
2011-09-02,0.340053764657
2011-09-05,-3.08864116826646
2011-09-06,2.4143485296714
2011-09-07,2.01622517318185
2011-09-08,0.667668374807606
2011-09-09,-2.48182400914154
2011-09-12,-5.08317846565212
2011-09-13,0.0732118050125408
2011-09-14,-4.23050902503523
2011-09-15,1.25940515970773
2011-09-16,2.1775655351866
2011-09-19,1.00554996052917
2011-09-20,5.13845777402686
2011-09-21,-1.98276015934664
2011-09-22,-7.08039804512142
2011-09-23,0
2011-09-26,-0.372865021267588
2011-09-27,4.509128543569
2011-09-28,2.87334808254562
2011-09-29,3.52719949017941
2011-09-30,-0.397260796423193
2011-10-03,-1.21523279675779
2011-10-04,-3.16881952653203
2011-10-05,-1.05241366356599
2011-10-06,-2.50205649115807
2011-10-07,0.215237400792123
2011-10-10,4.38778189498743
2011-10-11,1.71653880547566
2011-10-12,4.32713882035687
2011-10-13,-1.31784331755376
2011-10-14,1.57134578820157
2011-10-17,-0.581338712485469
2011-10-18,-1.38333458673472
2011-10-19,1.71117082857237
2011-10-20,-1.31784331755376
2011-10-21,2.08968825657756
2011-10-24,1.53909904756793
2011-10-25,-2.96769477231558
2011-10-26,-3.67038803463302
2011-10-27,-0.27938832171035
2011-10-28,0.953680960305414
2011-10-31,-0.0693048749065284
2011-11-02,-3.3700757102197
2011-11-03,0.771432397118677
2011-11-04,0.617132655563379
2011-11-07,0.760834948801214
2011-11-08,-0.760834948801214
2011-11-09,-0.134451423148452
2011-11-10,-1.2541136295336
2011-11-14,-2.11602098027304
2011-11-15,-0.0732654439689284
2011-11-16,-1.36518373048209
2011-11-17,-1.09821431727259
2011-11-18,-2.59497877203163
2011-11-21,-2.7433239245469
2011-11-22,1.53335027029673
2011-11-23,-0.383097298216883
2011-11-24,-1.07104504714659
2011-11-25,-0.778956327245428
2011-11-28,0.39023662790485
2011-11-29,-1.16726621136261
2011-11-30,1.16726621136261
2011-12-01,4.24834384522765
2011-12-02,3.21580759235345
2011-12-05,0.720326525128367
2011-12-06,0
2011-12-07,-1.51277651546766
2011-12-08,1.5859883204802
2011-12-09,-1.51166097946356
2011-12-12,-0.873107296425468
2011-12-13,-1.47233585728568
2011-12-14,-2.09838220840428
2011-12-15,1.64860062299668
2011-12-16,0.221331897261789
2011-12-19,-2.63406879202974
2011-12-20,1.13628742232623
2011-12-21,4.57564029710831
2011-12-22,-1.60218040282043
2011-12-23,-1.54431532422845
2011-12-27,1.8443455522966
2011-12-28,0.0673829247222812
2011-12-29,-0.728641721381784
2011-12-30,-0.741584934725426
2012-01-02,-0.0759820718874149
2012-01-03,-2.93095174140992
2012-01-04,-1.22855537996442
2012-01-05,-1.87160545971983
2012-01-09,0
2012-01-10,0.788102189266393
2012-01-11,0.232027947438507
2012-01-12,2.84416697475063
2012-01-13,0.750632272811202
2012-01-16,-1.82049527509136
2012-01-17,3.2366784719188
2012-01-18,-1.41618319682744
2012-01-19,-1.51476854458248
2012-01-20,0.382798014412167
2012-01-23,-1.07397261643407
2012-01-24,-2.17512459323626
2012-01-25,0.474105914380107
2012-01-26,3.15632955264933
2012-01-27,-2.38171996977301
2012-01-30,1.61758369800173
2012-01-31,0.608663603638293
2012-02-01,3.86849686576625
2012-02-02,0
2012-02-03,2.6660368661942
2012-02-06,1.27445606234367
2012-02-07,2.07925462798157
2012-02-08,-1.03422328657654
2012-02-09,0
2012-02-10,-3.17578860709764
2012-02-13,0.286249232118996
2012-02-14,0.781168418440803
2012-02-15,-1.14094706563734
2012-02-16,0.35977864719654
2012-02-17,1.49131633041812
2012-02-20,-1.4180508864492
2012-02-21,0.423884285933518
2012-02-22,0.567232994978673
2012-02-23,-0.632890484114679
2012-02-24,-0.358226796797512
2012-02-27,-0.212617844678098
2012-02-28,-1.44153300141614
2012-02-29,3.07220173254343
2012-03-01,-3.22123305669937
2012-03-02,2.86678948695722
2012-03-05,0.354443569742147
2012-03-06,0
2012-03-07,-2.71543013365556
2012-03-08,-2.34209774783403
2012-03-09,1.10281350331678
2012-03-12,0.36741315279043
2012-03-13,1.09420869165642
2012-03-14,1.71747340855632
2012-03-15,1.47358921899348
2012-03-16,-1.40811800580116
2012-03-19,0
2012-03-20,-0.781168418440803
2012-03-21,-1.00177620330784
2012-03-22,0.354715122148397
2012-03-23,1.28996218506408
2012-03-26,0.356195629756195
2012-03-27,-0.786774656606326
2012-03-28,0.568846341386298
2012-03-29,-2.14635214892289
2012-03-30,1.36518373048209
2012-04-02,-0.0733191615805762
2012-04-03,1.1377018864617
2012-04-04,-2.42956645536321
2012-04-05,-3.23936361148247
2012-04-10,-0.153609861233983
2012-04-11,1.56342555318387
2012-04-12,-0.74434492232438
2012-04-13,2.57389284185696
2012-04-16,-2.71884804557168
2012-04-17,-0.29819955575916
2012-04-18,0.221822862212084
2012-04-19,0.745988083071669
2012-04-20,0.951022338774488
2012-04-23,0.075091991213494
2012-04-24,-0.075091991213494
2012-04-25,-0.436649041281756
2012-04-26,0.878878896649349
2012-04-27,1.44784798913595
2012-04-30,0
2012-05-02,-0.0737408779083015
2012-05-04,-2.91915046991202
2012-05-07,3.9247004304412
2012-05-08,-1.43432270288821
2012-05-09,-2.19459805721192
2012-05-10,-0.668644691608655
2012-05-11,0.74434492232438
2012-05-14,-2.16476881930658
2012-05-15,2.38397598218132
2012-05-16,1.9737482838321
2012-05-17,-2.7088506808854
2012-05-18,0.364437424082054
2012-05-21,0.957883403569992
2012-05-22,0.292321161576936
2012-05-23,-0.728641721381784
2012-05-24,-1.03824205716685
2012-05-25,-1.19550814627343
2012-05-28,0.377054042188707
2012-05-29,-0.377054042188707
2012-05-30,1.19550814627343
2012-05-31,1.03824205716685
2012-06-01,-0.962092190556785
2012-06-04,0.220507255831359
2012-06-05,-3.76906674998736
2012-06-06,3.76906674998736
2012-06-08,3.63947699504039
2012-06-11,-1.43844917445102
2012-06-12,-0.506518773814957
2012-06-13,-0.516603552244144
2012-06-14,1.31247223302271
2012-06-15,2.00234054237742
2012-06-18,-0.145338300418141
2012-06-19,0.710147911977321
2012-06-20,0.209182461677671
2012-06-21,-1.62723334812687
2012-06-22,1.77124258960468
2012-06-25,-1.41301579280717
2012-06-26,0.987590627972956
2012-06-27,0.841883008073419
2012-06-28,-0.769649546394691
2012-06-29,2.7771650938277
2012-07-02,-0.690629947321808
2012-07-03,1.78025447384997
2012-07-04,-2.74665153520672
2012-07-05,-1.68494769670833
2012-07-06,0.210366041817034
2012-07-09,0.354443569742147
2012-07-10,-0.710147911977321
2012-07-11,0.710147911977321
2012-07-12,0
2012-07-13,0.137099996219625
2012-07-16,1.2611230483409
2012-07-17,1.65246327740829
2012-07-18,-0.414079266603151
2012-07-19,1.50074362358441
2012-07-20,-2.73912763438955
2012-07-23,-2.10837095653784
2012-07-24,2.86737442294269
2012-07-25,-1.87601350522399
2012-07-26,-0.991360917718698
2012-07-27,1.06333961513281
2012-07-30,3.38152045891222
2012-07-31,-0.684025840098901
2012-08-01,-0.964151175462913
2012-08-02,-1.03782563582229
2012-08-03,1.03782563582229
2012-08-06,4.71691096574189
2012-08-07,-1.32416289871093
2012-08-08,3.28140783706217
2012-08-09,-1.23803498220441
2012-08-10,1.23803498220441
2012-08-13,-0.324664853677614
2012-08-14,0.258492273179289
2012-08-16,0.646610856774021
2012-08-17,-1.55093246616285
2012-08-20,0
2012-08-21,0.97049418988715
2012-08-22,-0.198649250863348
2012-08-23,-3.08275858619882
2012-08-24,-2.01622517318185
2012-08-27,1.28211326939245
2012-08-28,-2.65863616324156
2012-08-29,1.37652289384911
2012-08-30,-2.76508794653116
2012-08-31,-3.84465972552834
2012-09-03,3.00217049389859
2012-09-04,0.497710840961396
2012-09-05,-0.707635272897633
2012-09-06,-1.06360731670705
2012-09-07,0
2012-09-10,-0.0732654439689284
2012-09-11,1.49131633041812
2012-09-12,1.32699289695162
2012-09-13,0.759542249554279
2012-09-14,0
2012-09-17,0.141332791528193
2012-09-18,1.23519010232092
2012-09-19,0.334238873938064
2012-09-20,-3.51608390855169
2012-09-21,1.80532214076452
2012-09-24,0
2012-09-25,1.71076176778717
2012-09-26,0.878989636926963
2012-09-27,-0.670656228241562
2012-09-28,-0.542572282623466
2012-10-01,-1.58181089996954
2012-10-02,1.37234287197616
2012-10-03,-1.2307198487298
2012-10-04,-1.32490006980799
2012-10-05,2.69531401124161
2012-10-08,-0.616119011237748
2012-10-09,0
2012-10-10,0.616119011237748
2012-10-11,-0.27258447770917
2012-10-12,-0.822240129141028
2012-10-15,0.8852102204294
2012-10-16,-0.680776043981224
2012-10-17,0.477730288943023
2012-10-18,-1.65363106665484
2012-10-19,-0.629022803127777
2012-10-22,0.977566741709435
2012-10-23,-0.977566741709435
2012-10-24,-1.33542245156746
2012-10-25,2.72398750424951
2012-10-26,-0.20528800612043
2012-10-29,0.141623023246362
2012-10-30,-0.902732078482682
2012-10-31,0.96639706135675
2012-11-02,-1.10930526717166
2012-11-05,-0.2792597855104
2012-11-06,1.0485491410555
2012-11-07,0.134727905506127
2012-11-08,0.20528800612043
2012-11-09,-0.340015911626557
2012-11-12,-1.74651923487934
2012-11-13,1.74651923487934
2012-11-14,1.03064585894836
2012-11-15,0.6858929465273
2012-11-16,0
2012-11-19,0.674292638595064
2012-11-20,5.26295219250281
2012-11-21,0.64207781354888
2012-11-22,-1.60635448808035
2012-11-23,0.258492273179289
2012-11-26,1.02733863713973
2012-11-27,0.320523577761334
2012-11-28,-3.23893457275397
2012-11-29,2.27426521574858
2012-11-30,-2.60535778483826
2012-12-03,2.28833750744091
2012-12-04,-0.0661725804983249
2012-12-05,-0.258492273179289
2012-12-06,0.192275875580439
2012-12-07,-0.517998236215522
2012-12-10,3.82112254209663
2012-12-11,6.65032329950317
2012-12-12,-1.17616482982501
2012-12-13,-0.236902160910279
2012-12-14,-1.3100089398344
2012-12-17,1.24917428654077
2012-12-18,-0.292522604837453
2012-12-19,0
2012-12-20,0
2012-12-21,-2.0470534153501
2012-12-27,-0.731504715503473
2012-12-28,0.425799015274597
2013-01-02,2.88232787305001
2013-01-03,0.0606906615703284
2013-01-04,0.592827336595692
2013-01-07,0.0542675402989357
2013-01-08,-2.37903131721371
2013-01-09,-0.117360030765523
2013-01-10,2.4421238076803
2013-01-11,0
2013-01-14,-0.8905641507996
2013-01-15,1.18566509066245
2013-01-16,3.11415172046359
2013-01-17,2.08250726287389
2013-01-18,-0.33740345965092
2013-01-21,-0.557200511043865
2013-01-22,-1.12962823225486
2013-01-23,-2.76433643428353
2013-01-24,1.04263806096534
2013-01-25,-1.16249185370316
2013-01-28,1.68271057243152
2013-01-29,-1.68271057243152
2013-01-30,-0.113994312629329
2013-01-31,-1.9519320090839
2013-02-01,0
2013-02-04,1.48258882848391
2013-02-05,-0.175062674874527
2013-02-06,-1.54654811645516
2013-02-07,-2.35933213461346
2013-02-08,2.05821038303662
2013-02-11,2.02273254290652
2013-02-12,-1.18308675563705
2013-02-13,-1.80440280632364
2013-02-14,-4.64904243205333
2013-02-15,0.376868542220699
2013-02-18,1.19267764551947
2013-02-19,0
2013-02-20,0
2013-02-21,1.61468132057969
2013-02-22,0.978923480023486
2013-02-25,-0.118716624896065
2013-02-26,-0.614576122274668
2013-02-27,0.489458808486365
2013-02-28,0.125117313788303
2013-03-01,3.59209763056674
2013-03-04,-0.829729497505971
2013-03-05,0.829729497505971
2013-03-06,-0.29597436362736
2013-03-07,-0.412196740499038
2013-03-08,-1.67834394065158
2013-03-11,-1.75727353431454
2013-03-12,5.889617926025
2013-03-13,2.68413622907646
2013-03-14,-0.735489054574812
2013-03-15,2.01968946989055
2013-03-18,-2.64358000994234
2013-03-19,-2.02062883316985
2013-03-20,-1.70347514637852
2013-03-21,0.65351799816602
2013-03-22,-5.25638618667812
2013-03-25,0.431335905034436
2013-03-26,-0.552189527860181
2013-03-27,1.17056605666246
2013-03-28,4.20667375284141
2013-04-02,0.583337493229319
2013-04-03,-1.00036991897463
2013-04-04,-0.766054329891741
2013-04-05,-8.05463437842073
2013-04-08,3.17073532778394
2013-04-09,2.34977086191881
2013-04-10,0.243833938684368
2013-04-11,3.82258962112543
2013-04-12,2.26411311508437
2013-04-15,-2.26411311508437
2013-04-17,-3.33669817741544
2013-04-18,2.98748956196069
2013-04-19,-2.98748956196069
2013-04-22,-1.58470010072587
2013-04-23,2.18567461790857
2013-04-24,0.425309606501179
2013-04-25,-0.425309606501179
2013-04-26,0.302217518088588
2013-04-29,0.301306915116895
2013-04-30,0.122721988771612
2013-05-02,-1.26509756013506
2013-05-06,0.421418571122656
2013-05-07,1.97177412556377
2013-05-08,-0.358390664550079
2013-05-09,1.47390164402892
2013-05-10,3.73116129551505
2013-05-13,1.28567459975488
2013-05-14,2.03783405956872
2013-05-15,4.5282305215455
2013-05-16,-4.31054184190378
2013-05-17,3.94672998056165
2013-05-20,-0.683037049259383
2013-05-21,-3.42551880853041
2013-05-22,-0.711786667752934
2013-05-23,-1.71322547502109
2013-05-24,1.27354043747956
2013-05-27,5.36716851724504
2013-05-28,-3.50894076063351
2013-05-29,-0.433478504708873
2013-05-31,-1.48125919915696
2013-06-03,0.389270187754764
2013-06-04,0.762848662380433
2013-06-05,1.67894233304415
2013-06-06,0.0549329831436296
2013-06-07,1.7475062947562
2013-06-10,-0.579115628189664
2013-06-11,2.66725323342523
2013-06-12,0.663719250679851
2013-06-13,-2.48776982323888
2013-06-14,2.07741571205524
2013-06-17,0.97577104080262
2013-06-18,2.4138569494573
2013-06-19,-1.30284977870829
2013-06-20,-0.808671661053806
2013-06-21,-3.6196092952296
2013-06-24,0
2013-06-25,0
2013-06-26,-1.05792387739787
2013-06-27,-1.11886210796177
2013-06-28,-0.220860340454765
2013-07-01,5.50587901092516
2013-07-02,2.01974758102441
2013-07-03,-0.498549075692534
2013-07-04,0.498549075692534
2013-07-05,0.501177278966747
2013-07-08,-2.77235236659799
2013-07-09,-2.85680517850393
2013-07-10,7.10774035816235
2013-07-11,3.47255398247182
2013-07-12,0.614671731774896
2013-07-15,-0.236709368756616
2013-07-16,-1.42723872321997
2013-07-17,3.2959146312757
2013-07-18,1.83439601249726
2013-07-19,-0.453113002265493
2013-07-22,-1.38128301023177
2013-07-23,3.27806350665951
2013-07-24,0.357683694040611
2013-07-25,-2.25446419046835
2013-07-26,-2.87341973335811
2013-07-29,0.839675782475391
2013-07-30,-0.277512139822678
2013-07-31,-0.938702827582105
2013-08-01,0
2013-08-02,4.33955807589017
2013-08-05,0.719859137352907
2013-08-06,0
2013-08-07,-0.905276146854694
2013-08-08,-0.53966169586781
2013-08-09,-2.44605641320153
2013-08-12,1.02252811118557
2013-08-13,0.599129047738955
2013-08-14,0.684356284885679
2013-08-16,-1.37342829591787
2013-08-19,-4.97117347898839
2013-08-20,-1.2219091385901
2013-08-21,2.66483578914714
2013-08-22,0.95699182588187
2013-08-23,1.50473058565006
2013-08-26,-1.50473058565006
2013-08-27,1.40894972492021
2013-08-28,-2.84789389512032
2013-08-29,-1.94132527795188
2013-08-30,-1.37660962317065
2013-09-02,0.396704822976002
2013-09-03,0.541650062524024
2013-09-04,-1.04032807538981
2013-09-05,-2.36410308190296
2013-09-06,2.16495577478528
2013-09-09,4.48294925073114
2013-09-10,1.51334313681257
2013-09-11,0
2013-09-12,3.23502599867749
2013-09-13,-0.546794211983492
2013-09-16,-3.86978637810174
2013-09-17,0.0486997185041194
2013-09-18,1.08470387043247
2013-09-19,3.10124426605971
2013-09-20,-1.69994440455268
2013-09-23,-1.16077636667922
2013-09-24,-1.13066531157027
2013-09-25,0.281444285157528
2013-09-26,2.51687926663298
2013-09-27,0.68751448054658
2013-09-30,-2.73064249854378
2013-10-01,-0.473751248635779
2013-10-02,1.12750543976268
2013-10-03,0.0957808607298549
2013-10-04,-0.797774319555344
2013-10-07,0.654068604079017
2013-10-08,-0.654068604079017
2013-10-09,-0.663231923085084
2013-10-10,3.39986909248715
2013-10-11,1.41251212194597
2013-10-14,2.45085652072485
2013-10-15,2.00337603940071
2013-10-16,4.39145644791203
2013-10-17,1.23801480149064
2013-10-18,-2.90429277946944
2013-10-21,0.840881869234034
2013-10-22,-2.10688620504977
2013-10-23,-1.41491067730413
2013-10-24,4.34719299109867
2013-10-25,-2.93228231379454
2013-10-28,-2.15223301913814
2013-10-29,-1.53189132538625
2013-10-30,-0.667683537829333
2013-10-31,-0.443034363238137
2013-11-04,0
2013-11-05,-0.357683694040611
2013-11-06,0.714092570292468
2013-11-07,-0.356408876251857
2013-11-08,-0.989036743998684
2013-11-12,2.32132881607234
2013-11-13,-1.46512767322005
2013-11-14,-9.22210385309956
2013-11-15,0
2013-11-18,-0.241558166877009
2013-11-19,-3.24657289605574
2013-11-20,1.00982189521304
2013-11-21,-0.402705898145506
2013-11-22,1.30035497144596
2013-11-25,-0.399099997607921
2013-11-26,-3.30444908116614
2013-11-27,2.0975023068825
2013-11-28,0.708397698591101
2013-11-29,0.252155028754464
2013-12-02,-0.753202075065085
2013-12-03,-1.27157896562808
2013-12-04,-1.54861581675072
2013-12-05,0.260659242724071
2013-12-06,0.0531123870568972
2013-12-09,2.55301785717621
2013-12-10,-0.305850268228669
2013-12-11,0.909614003384451
2013-12-12,-1.67050989875541
2013-12-13,1.02015145902126
2013-12-16,-1.02015145902126
2013-12-17,-1.02009507987519
2013-12-18,-2.08813760523556
2013-12-19,-0.52485037832315
2013-12-20,2.56012268310992
2013-12-23,2.28969752086559
2013-12-27,0.252922941755918
2013-12-30,-0.449508623276262
2014-01-02,0
2014-01-03,-0.103621583283608
2014-01-07,-2.3019656844268
2014-01-08,-2.6172329789854
2014-01-09,-0.535052597708363
2014-01-10,1.42948870027215
2014-01-13,1.04684891060152
2014-01-14,-1.04684891060152
2014-01-15,0
2014-01-16,2.49953059051347
2014-01-17,-0.411392985277903
2014-01-20,-1.56065912294929
2014-01-21,1.56065912294929
2014-01-22,2.13858768706157
2014-01-23,2.14445639336098
2014-01-24,-1.74175049521548
2014-01-27,-1.52119850533188
2014-01-28,-0.461434409011208
2014-01-29,0.21000690240438
2014-01-30,-1.0332739935349
2014-01-31,1.79607811026057
2014-02-03,0.301424196621936
2014-02-04,0.051877984147497
2014-02-05,0.403727256455388
2014-02-06,1.35449200253728
2014-02-07,-0.700608864403574
2014-02-10,-0.902137726456109
2014-02-11,2.58652734464873
2014-02-12,2.33415414733349
2014-02-13,-0.0443776048307587
2014-02-14,0.76643786800803
2014-02-17,-0.958968720066089
2014-02-18,0.143199293660334
2014-02-19,-1.06655772055588
2014-02-20,-0.339711572141477
2014-02-21,-0.240493126583363
2014-02-24,-0.246101427543666
2014-02-25,0
2014-02-26,-2.98590585178111
2014-02-27,0.804999444916854
2014-02-28,1.48959546646101
2014-03-03,-3.77169580365968
2014-03-04,4.99963131724428
2014-03-05,2.0299736571916
2014-03-06,4.11924596346172
2014-03-07,-4.21731883946355
2014-03-10,-1.98193080024409
2014-03-11,3.36079256930111
2014-03-12,-2.24607587608041
2014-03-13,-1.06468667416637
2014-03-14,-1.72030979832933
2014-03-17,2.69092541716138
2014-03-18,-0.481641488199314
2014-03-19,-0.244188195988571
2014-03-20,1.5889456932241
2014-03-21,0.480110661604405
2014-03-24,-0.381941508282901
2014-03-25,-1.34840163170322
2014-03-26,1.11263355746272
2014-03-27,-0.0984009919497986
2014-03-28,1.66947155764259
2014-03-31,0.934766370926754
2014-04-01,0.888088342650883
2014-04-02,-0.323763554728362
2014-04-03,-4.3271062224286
2014-04-04,0.14431094042382
2014-04-07,1.34840163170322
2014-04-08,-0.0981691533215034
2014-04-09,-0.719569393618835
2014-04-10,-1.60553907532979
2014-04-11,1.12459013526469
2014-04-14,-1.16983786736569
2014-04-15,0.296251879948795
2014-04-16,-2.23076423987498
2014-04-17,0.796613516673395
2014-04-22,1.52936734820091
2014-04-23,-1.32612557304177
2014-04-24,-1.75119682551328
2014-04-25,1.2525188126475
2014-04-28,-0.250274666480799
2014-04-29,-1.20390402991073
2014-04-30,3.66892428517649
2014-05-02,1.20516250222735
2014-05-05,-1.44994843687152
2014-05-06,1.11416223424943
2014-05-07,-1.30942101408742
2014-05-08,0.778757929324536
2014-05-09,-0.0945250188538083
2014-05-12,0.337888520226359
2014-05-13,0.672371149257467
2014-05-14,0.481715441934893
2014-05-15,2.08184153423514
2014-05-16,-0.940922283610401
2014-05-19,-0.710327011220446
2014-05-20,-0.288487597090681
2014-05-21,0.337301422134928
2014-05-22,3.45812939201884
2014-05-23,0.136621696986428
2014-05-26,0.647585557352315
2014-05-27,-0.0421062487214741
2014-05-28,-0.883630490957898
2014-05-29,2.21307878905228
2014-05-30,-0.68575933645687
2014-06-02,2.89609683330592
2014-06-03,-1.52924880784564
2014-06-04,-1.27390257774298
2014-06-05,1.36558682364472
2014-06-06,1.48272148300927
2014-06-09,0.31102822071567
2014-06-10,1.19006415243694
2014-06-11,0.0444642070465129
2014-06-12,0.876344459434986
2014-06-13,-1.66629791239759
2014-06-16,-2.46769303045213
2014-06-17,-0.225292630753238
2014-06-18,0.907264287757226
2014-06-20,3.05905677385687
2014-06-23,-1.31815232402896
2014-06-24,-3.19280222637741
2014-06-25,0.498592972325218
2014-06-26,0.953304804224286
2014-06-27,1.25109287896019
2014-06-30,-0.578271320039292
2014-07-01,-0.272220121827038
2014-07-02,-1.30786572485109
2014-07-03,-1.14345157154312
2014-07-04,0.139580351140678
2014-07-07,2.58395706708057
2014-07-08,-3.50880835077114
2014-07-09,1.92872250409302
2014-07-10,-0.225801344758825
2014-07-11,0.680462395718395
2014-07-14,1.79374970372495
2014-07-15,1.19006415243694
2014-07-16,-1.85838906044333
2014-07-17,1.42159036275071
2014-07-18,0.570132050779071
2014-07-21,2.38310270572271
2014-07-22,1.91152917660293
2014-07-23,-0.846014275208695
2014-07-24,0.846014275208695
2014-07-25,0
2014-07-28,0.416101143842385
2014-07-29,-2.92791921686764
2014-07-30,-0.90724440572596
2014-07-31,1.72414301297397
2014-08-01,-0.991571140742176
2014-08-04,3.52118816294884
2014-08-05,0.206537618995517
2014-08-06,-2.69721467316009
2014-08-07,-2.72752153063043
2014-08-08,-0.307206225444689
2014-08-11,4.01618283842118
2014-08-12,-2.35784337751892
2014-08-13,1.67873821451323
2014-08-14,4.08582210603399
2014-08-18,-0.203070999559785
2014-08-19,-0.28665813859039
2014-08-20,2.27464819917174
2014-08-21,0
2014-08-22,-1.53682101778507
2014-08-25,1.1333892678528
2014-08-26,1.99707490167009
2014-08-27,1.76153090933848
2014-08-28,-1.0158390879039
2014-08-29,0.392538320497948
2014-09-01,1.20364903574379
2014-09-02,-3.33543132615244
2014-09-03,3.10447982115249
2014-09-04,-1.3652358512418
2014-09-05,-1.54135605524406
2014-09-08,-0.396168202187752
2014-09-09,0.915273611256273
2014-09-10,1.45435375452889
2014-09-11,1.85763855729353
2014-09-12,0.650207414959159
2014-09-15,-0.957427318656157
2014-09-16,0.57478118552301
2014-09-17,3.20112688819281
2014-09-18,1.5407822489836
2014-09-19,1.09089987474582
2014-09-22,-0.289012255535326
2014-09-23,-2.93701407939517
2014-09-24,0.852795520905447
2014-09-25,-0.258451309704366
2014-09-26,-1.45828047027186
2014-09-29,0.637307266888154
2014-09-30,3.23322867382898
2014-10-01,-2.41225547044528
2014-10-02,-1.08223307823501
2014-10-03,3.0615397894783
2014-10-06,0.940554793713755
2014-10-07,0
2014-10-08,-4.3400931200404
2014-10-09,0.788151554377903
2014-10-10,-2.53032915625879
2014-10-13,-0.383966961933924
2014-10-14,2.53994087583767
2014-10-15,-0.676628574555771
2014-10-16,-2.20975769343856
2014-10-17,0.807802753805076
2014-10-20,0.797492331741667
2014-10-21,2.80376285568189
2014-10-22,0.954350992765018
2014-10-23,-0.734451908607658
2014-10-24,0.182261204651279
2014-10-27,-0.551519937201528
2014-10-28,-0.738868809112203
2014-10-29,-6.52917033679494
2014-10-30,1.80794985046471
2014-10-31,0.429244363167802
2014-11-03,0.888060136777913
2014-11-04,-0.0779271420694005
2014-11-05,0.540342234827174
2014-11-06,-1.23265720546044
2014-11-07,-1.17255928011999
2014-11-10,0
2014-11-12,-0.389941605036492
2014-11-13,0.389941605036492
2014-11-14,0
2014-11-17,-4.40853917940993
2014-11-18,0.410031844536052
2014-11-19,0.769947190152065
2014-11-20,-0.201178398071811
2014-11-21,-1.39052066676126
2014-11-24,0.904382849470187
2014-11-25,2.45576281486346
2014-11-26,-1.72743946368441
2014-11-27,0.405065916673752
2014-11-28,-0.405065916673752
2014-12-01,-2.16755621375033
2014-12-02,-0.125770359931865
2014-12-03,0.0419410315253277
2014-12-04,-0.0419410315253277
2014-12-05,2.2933265736822
2014-12-08,-0.201095834497389
2014-12-09,0.242086161354349
2014-12-10,0.563957359031031
2014-12-11,0.605360696458623
2014-12-12,0
2014-12-15,0
2014-12-16,-4.0420395543491
2014-12-17,-0.249150273518817
2014-12-18,2.06305046833672
2014-12-19,-0.819284697471234
2014-12-22,0.61612950415153
2014-12-23,-0.988475923254217
2014-12-29,-0.205593040298879
2014-12-30,-2.56527945314113
2015-01-02,-0.509786389383882
2015-01-05,-4.06180854196987
2015-01-07,4.36021940240101
2015-01-08,0
2015-01-09,0.426605262074853
2015-01-12,-0.638428533755597
2015-01-13,-0.216609710825688
2015-01-14,-2.16570649330325
2015-01-15,-1.72098206346569
2015-01-16,-1.38928957506694
2015-01-19,-0.091478760438779
2015-01-20,0.543070359235864
2015-01-21,3.22875914071115
2015-01-22,-2.24598363032058
2015-01-23,1.89725129287739
2015-01-26,6.13994790396637
2015-01-27,0.369440655973907
2015-01-28,-3.07561211864669
2015-01-29,-0.213867227246656
2015-01-30,0.716787777532168
2015-02-02,-2.37906727212271
2015-02-03,3.33949436234233
2015-02-04,-1.63440481529777
2015-02-05,-0.252844635335858
2015-02-06,1.26211541905108
2015-02-09,-0.416101143842385
2015-02-10,-2.34180560808976
2015-02-11,-2.17069612765162
2015-02-12,0.173445152551821
2015-02-13,4.16872055426882
2015-02-16,1.42188507003915
2015-02-17,-1.25154904111842
2015-02-18,0.83469755642942
2015-02-19,1.85608538844075
2015-02-20,-2.7759146913815
2015-02-23,0.0851317465113244
2015-02-24,0.708035094910109
2015-02-25,-0.499768097942699
2015-02-26,0.377175028119536
2015-02-27,0.582034540609921
2015-03-02,0.247810782675684
2015-03-03,-3.32681652497548
2015-03-04,1.7411931476822
2015-03-05,1.62756440881862
2015-03-06,-0.163669591900506
2015-03-09,0.782348933408139
2015-03-10,-0.740356827306909
2015-03-11,3.61981972497172
2015-03-12,2.21443769538743
2015-03-13,0.312382863410354
2015-03-16,-3.65065664703939
2015-03-17,1.4835559757604
2015-03-18,0.201523585996366
2015-03-19,2.55211211849491
2015-03-20,-4.8450713193783
2015-03-23,0.689742850280206
2015-03-24,0.522343566750427
2015-03-25,-0.32206147000422
2015-03-26,-1.46018018516201
2015-03-27,-2.65349965356649
2015-03-30,5.67352104678651
2015-03-31,-0.957331650487392
2015-04-01,-2.18706786821969
2015-04-02,-0.203484217135763
2015-04-07,2.5932849934577
2015-04-08,-0.805242465672862
2015-04-09,-0.323102058144631
2015-04-10,0.645163528148851
2015-04-13,-1.5380817126462
2015-04-14,-0.206876651216348
2015-04-15,2.22813935953119
2015-04-16,1.97724462655904
2015-04-17,-2.7824870922319
2015-04-20,2.54790853009847
2015-04-21,-1.34649786223786
2015-04-22,1.11136773497926
2015-04-23,1.83440605430549
2015-04-24,-1.4044177340407
2015-04-27,0.0397203691272274
2015-04-28,-0.549539452423042
2015-04-29,-1.82951588987659
2015-04-30,0.878637092973866
2015-05-04,-1.56421415080592
2015-05-05,0.404569318293202
2015-05-06,2.42548451970506
2015-05-07,1.2106972809101
2015-05-08,-0.777753185191932
2015-05-11,-1.30048106969962
2015-05-12,-0.160739435854484
2015-05-13,-1.3197503510483
2015-05-14,2.97498806224379
2015-05-15,-1.57483569681389
2015-05-18,-0.197099880787155
2015-05-19,0.197099880787155
2015-05-20,1.92627438899975
2015-05-21,0.232297287364691
2015-05-22,-2.99387705978202
2015-05-25,0.117444581688231
2015-05-26,-2.13953468160675
2015-05-27,0.651199597520824
2015-05-28,0.68779440876563
2015-05-29,0.841006846154135
2015-06-01,-0.117397038075762
2015-06-02,-0.723609808078374
2015-06-03,-0.852254605360114
2015-06-05,-0.689558237396382
2015-06-08,-2.06805762847955
2015-06-09,0.333608130186391
2015-06-10,3.19462968345516
2015-06-11,0
2015-06-12,-2.82012105073113
2015-06-15,0.289387246643136
2015-06-16,1.59950232936463
2015-06-17,-1.97292672537133
2015-06-18,1.97292672537133
2015-06-19,-2.68164093412722
2015-06-22,2.80520961283757
2015-06-23,0.283629827382059
2015-06-24,0.84609443863517
2015-06-25,-2.48076014961041
2015-06-26,-0.619430265023713
2015-06-29,-1.71494474602967
2015-06-30,-0.256585840395784
2015-07-01,0.635979692326849
2015-07-02,1.66667008507706
2015-07-03,0.409237636328452
2015-07-06,-3.34762838654927
2015-07-07,-5.2868537525387
2015-07-08,0.0454215124088275
2015-07-09,-0.898626186300344
2015-07-10,3.55589018520019
2015-07-13,-2.61186310826256
2015-07-14,-0.719755293802482
2015-07-15,1.96923590349041
2015-07-16,3.86464182655364
2015-07-17,-0.683748552696439
2015-07-20,-0.649112475428204
2015-07-21,-1.16939829985436
2015-07-22,1.30043129523507
2015-07-23,-0.0436585905210229
2015-07-24,-0.819946277091477
2015-07-27,1.20783928670978
2015-07-28,-1.20783928670978
2015-07-29,0.8636048676125
2015-07-30,-3.50913198112703
2015-07-31,3.07606991020677
2015-08-03,-0.867369224314807
2015-08-04,-0.30558716400062
2015-08-05,1.04574386046727
2015-08-06,-1.61957608830687
2015-08-07,-2.00060741142774
2015-08-10,1.69231683818749
2015-08-11,0.615633636042157
2015-08-12,-0.969774990140904
2015-08-13,0.662431927338991
2015-08-14,0.70238119387831
2015-08-17,-0.921214320530117
2015-08-18,0.0893774917611001
2015-08-19,-2.0077824850445
2015-08-20,-0.223565737010034
2015-08-21,0.9410657498508
2015-08-24,-5.41552090526003
2015-08-25,0.941340030890814
2015-08-26,-0.941340030890814
2015-08-27,0.941340030890814
2015-08-28,1.75891591674167
2015-08-31,3.78195374039882
2015-09-01,-1.19799667331826
2015-09-02,-0.358577875529242
2015-09-03,3.00548878538489
2015-09-04,0.220380907248563
2015-09-07,-1.84404594438998
2015-09-08,0.308966998275384
2015-09-09,1.5350789461146
2015-09-10,2.27653523410067
2015-09-11,-0.68230173578101
2015-09-14,1.40271651535135
2015-09-15,-0.849608200063567
2015-09-16,1.18658891863244
2015-09-17,-2.47032586462739
2015-09-18,-1.43318055142161
2015-09-21,0.872905952653191
2015-09-22,-0.303330268844082
2015-09-23,-0.742413591623192
2015-09-24,1.39190900687867
2015-09-25,1.28647086939924
2015-09-28,-1.72046317761283
2015-09-29,0
2015-09-30,1.37873039127778
2015-10-01,0.553108315287787
2015-10-02,-0.639808511459172
2015-10-05,3.53634599860726
2015-10-06,1.39263542322601
2015-10-07,0.0825320890325276
2015-10-08,-2.09665267378982
2015-10-09,2.09665267378982
2015-10-12,1.8189379701385
2015-10-13,-0.283941293270118
2015-10-14,0.283941293270118
2015-10-15,1.50753593716701
2015-10-16,0.469708689392023
2015-10-19,-5.10822134748552
2015-10-20,3.92576838989775
2015-10-21,-3.02293102850246
2015-10-22,2.22813935953119
2015-10-23,-0.764417807012352
2015-10-26,1.95625024300958
2015-10-27,0.11600697342744
2015-10-28,-0.633675016841595
2015-10-29,-3.30902769939185
2015-10-30,2.27371291528455
2015-11-02,0.999098208592253
2015-11-03,0.513850990146825
2015-11-04,2.3819128064587
2015-11-05,0.347378425472611
2015-11-06,-1.90384541258712
2015-11-09,2.13346663862213
2015-11-10,-0.307578743138492
2015-11-12,-2.06046645761706
2015-11-13,-1.34649786223786
2015-11-16,1.97345916359741
2015-11-17,-2.81211494508695
2015-11-18,1.59428638651664
2015-11-19,-0.0400496621157043
2015-11-20,1.56989095431039
2015-11-23,0.969300240908666
2015-11-24,-2.3790886954421
2015-11-25,-1.6736623606167
2015-11-26,0.918941797078388
2015-11-27,-1.32237354701066
2015-11-30,-3.03034648974254
2015-12-01,1.15913004050308
2015-12-02,-0.575793304411976
2015-12-03,-0.0837240504365511
2015-12-04,-1.12448277883699
2015-12-07,0.998765124094358
2015-12-08,-1.33391593735608
2015-12-09,-3.76275582854158
2015-12-10,-3.68073544268865
2015-12-11,-7.94820701338947
2015-12-14,2.75235519800741
2015-12-15,2.72086799744393
2015-12-16,-2.24941862275809
2015-12-17,2.53058094481116
2015-12-18,1.14457118867866
2015-12-21,-1.93382643669371
2015-12-22,3.79010266731492
2015-12-23,-0.0454215124088275
2015-12-28,-1.30786572485109
2015-12-29,-1.60545393331848
2015-12-30,-3.61961510106932
2016-01-04,0.575478532850848
2016-01-05,1.60248340789892
2016-01-07,-3.04499123972355
2016-01-08,-1.35942594925087
2016-01-11,-0.591879572265697
2016-01-12,2.38575984281679
2016-01-13,1.29215145049413
2016-01-14,2.06536322259736
2016-01-15,-1.63832997044007
2016-01-18,-1.47593476514531
2016-01-19,-0.0972289818939043
2016-01-20,-0.629408532928943
2016-01-21,-1.11727506518688
2016-01-22,2.60871615302802
2016-01-25,0.0915773048697499
2016-01-26,-0.0915773048697499
2016-01-27,-0.764803573018291
2016-01-28,-1.64612770540722
2016-01-29,4.80748228929166
2016-02-01,2.20699897420373
2016-02-02,-2.06586233052719
2016-02-03,-1.12044665836768
2016-02-04,1.53798379941574
2016-02-05,0.736978007972322
2016-02-08,-2.55585418184472
2016-02-09,2.00129396107407
2016-02-10,1.82905105906834
2016-02-11,-1.32097436072627
2016-02-12,1.00387122040244
2016-02-15,-0.138185190114193
2016-02-16,-0.452740309503818
2016-02-17,3.10452282677223
2016-02-18,-0.802203589929107
2016-02-19,1.37511716128245
2016-02-22,3.50820857888223
2016-02-23,-2.58416824123002
2016-02-24,-0.879419391840219
2016-02-25,2.52408510617257
2016-02-26,-0.0435085283577941
2016-02-29,-1.16433075835198
2016-03-01,-2.19896690909782
2016-03-02,4.09174038036508
2016-03-03,1.31332359774881
2016-03-04,-1.39976523342051
2016-03-07,1.23333679122459
2016-03-08,-1.14689515555289
2016-03-09,0.12952251184708
2016-03-10,-0.0431555332090383
2016-03-11,-0.471607147757025
2016-03-14,-2.51643605880916
2016-03-15,-0.0400346972718957
2016-03-16,0.828556546684212
2016-03-17,1.29763777791001
2016-03-18,-1.69112149624593
2016-03-21,0.613864625584482
2016-03-22,1.72414301297397
2016-03-23,-0.42934341816232
2016-03-24,2.91675744332984
2016-03-29,2.71502352816708
2016-03-30,0.201095834497389
2016-03-31,-1.75363276293243
2016-04-01,-0.208838101128661
2016-04-04,-2.33931269786649
2016-04-05,-2.61038973183649
2016-04-06,2.27168975746426
2016-04-07,-1.53632795645278
2016-04-08,1.07143107506098
2016-04-11,-0.901492691280525
2016-04-12,1.53802660257902
2016-04-13,3.37229004916417
2016-04-14,0.611597426876287
2016-04-15,-2.09824108425978
2016-04-18,1.15864519015028
2016-04-19,0.654924620735775
2016-04-20,-0.984002459206046
2016-04-21,0.735801785747858
2016-04-22,0.165535545166362
2016-04-25,-0.859621995752313
2016-04-26,1.63398948666145
2016-04-27,-0.733026384859148
2016-04-28,-0.165467068447311
2016-04-29,-0.735496033354988
2016-05-02,0.859621995752313
2016-05-04,-2.35551106015861
2016-05-05,-2.9254035174346
2016-05-06,1.23902291223414
2016-05-09,-1.11268601159487
2016-05-10,0.130525601545584
2016-05-11,-2.52297366843846
2016-05-12,-0.662135561569066
2016-05-13,0
2016-05-16,0.840341079637952
2016-05-17,0.479574631405688
2016-05-18,1.47746949319698
2016-05-19,-0.0436585905210229
2016-05-20,-4.40568425469277
2016-05-23,1.25166025710133
2016-05-24,2.7646205171922
2016-05-25,1.12034999969648
2016-05-27,-2.9117595616635
2016-05-30,1.70808170590759
2016-05-31,-2.99274205414735
2016-06-01,-4.10197988923766
2016-06-02,-0.932220166392073
2016-06-03,1.07342323983919
2016-06-06,3.15281998990709
2016-06-07,0.540873531832675
2016-06-08,-0.627502968459792
2016-06-09,-0.0456246015761774
2016-06-10,-2.05166136986841
2016-06-13,-2.08988120123821
2016-06-14,-2.3290437801788
2016-06-15,0
2016-06-16,-3.27606119545987
2016-06-17,-0.196389518517881
2016-06-20,5.6586985252971
2016-06-21,1.12256951481515
2016-06-22,-0.462657798174249
2016-06-23,0.697885607051951
2016-06-24,-1.40544132859617
2016-06-27,-1.37231653185914
2016-06-28,3.47080675949636
2016-06-29,1.23366744093691
2016-06-30,0.138185190114193
2016-07-01,-2.53119067299785
2016-07-04,2.53119067299785
2016-07-05,-1.37185263105111
2016-07-06,-0.463061235768558
2016-07-07,1.83491386681967
2016-07-08,-0.179678010146578
2016-07-11,0.858610844241303
2016-07-12,0.9011530125834
2016-07-13,1.06808289090701
2016-07-14,-0.224386397607379
2016-07-15,-0.486399806008908
2016-07-18,1.59000102537514
2016-07-19,1.13549721148023
2016-07-20,2.19005885348764
2016-07-21,-0.941406961234703
2016-07-22,0
2016-07-25,1.5327950143762
2016-07-26,-3.26146544365913
2016-07-27,2.02759841100417
2016-07-28,4.34676244260532
2016-07-29,-3.66560788623622
2016-08-01,2.64149502644311
2016-08-02,-4.00847569316682
2016-08-03,1.070084942946
2016-08-04,1.10138463622302
2016-08-05,0.878371123830846
2016-08-08,0.0422386489912441
2016-08-09,-0.376552665110985
2016-08-10,1.08350730110751
2016-08-11,-0.0419410315253277
2016-08-12,0.618938074901232
2016-08-16,0.0416822981317289
2016-08-17,-1.70218664261514
2016-08-18,0.835800559843447
2016-08-19,-0.042045072936947
2016-08-22,0.042045072936947
2016-08-23,0.373424396006694
2016-08-24,0.701112962952077
2016-08-25,-0.537915939598932
2016-08-26,-0.827092902720317
2016-08-29,0.747619929803722
2016-08-30,0.696372932751066
2016-08-31,0.942974024887366
2016-09-01,1.00754456522725
2016-09-02,0.605360696458623
2016-09-05,2.72106605797102
2016-09-06,-0.93860216598145
2016-09-07,0.194780734569466
2016-09-08,-1.18245295758777
2016-09-09,0
2016-09-12,-3.8422157259737
2016-09-13,-1.24376577086549
2016-09-14,-0.211631332691065
2016-09-15,3.69757869488612
2016-09-16,-0.122574070504999
2016-09-19,0.566666144653638
2016-09-20,-1.82557938523793
2016-09-21,0.206791090689151
2016-09-22,3.68279107795773
2016-09-23,0.0398136725408893
2016-09-26,-2.26655704274412
2016-09-27,0.722171265839622
2016-09-28,1.50457210436361
2016-09-29,-1.70285239188472
2016-09-30,-2.02126270831484
2016-10-03,1.5380817126462
2016-10-04,-2.27652107730125
2016-10-05,1.34829785612589
2016-10-06,-1.01989033600689
2016-10-07,0
2016-10-10,0
2016-10-11,-1.15207685745187
2016-10-12,-0.543056334708325
2016-10-13,-0.792494559390278
2016-10-14,0.165798741349743
2016-10-17,0.335008688528182
2016-10-18,-0.628532242882063
2016-10-19,-0.804144801240936
2016-10-20,-0.124621317776574
2016-10-21,1.6842234085551
2016-10-24,1.85989527501702
2016-10-25,2.43129455285089
2016-10-26,-0.764417807012352
2016-10-27,-0.646986409831651
2016-10-28,-1.63601984015842
2016-10-31,-0.125355189405285
2016-11-02,-5.12558850090152
2016-11-03,-0.0396170358433423
2016-11-04,1.93596628465471
2016-11-07,0.93271828751389
2016-11-08,1.42726065663488
2016-11-09,0.952847891693942
2016-11-10,-3.26965267059212
2016-11-14,-3.5142193960199
2016-11-15,1.05402234394636
2016-11-16,0.260675694919676
2016-11-17,1.98346388826462
2016-11-18,1.65597949773515
2016-11-21,-0.974824941366048
2016-11-22,-0.508271252730452
2016-11-23,3.18741924478942
2016-11-24,0.949176602873569
2016-11-25,-1.81880209713707
2016-11-28,-1.80952249779547
2016-11-29,0.719211970424993
2016-11-30,1.71284135083893
2016-12-01,-2.72894904504164
2016-12-02,0.258220146922072
2016-12-05,3.0894082396272
2016-12-06,3.63780625196712
2016-12-07,-0.677394630895511
2016-12-08,-1.32770542042238
2016-12-09,-2.78956376678141
2016-12-12,-1.76506443048203
2016-12-13,0.252844635335858
2016-12-14,1.00927078371522
2016-12-15,-0.458657957830511
2016-12-16,0.165869256529927
2016-12-19,1.12823659857662
2016-12-20,-0.416851484688996
2016-12-21,-1.93419739195693
2016-12-22,1.72723231206096
2016-12-23,0.37559918393959
2016-12-27,0.993364833811183
2016-12-28,1.06203030989431
2016-12-29,-0.243766518131139
2016-12-30,0.491056756668096
2017-01-02,0
2017-01-03,1.29239866847763
2017-01-04,-0.0813041225323552
2017-01-05,0.320766866584732
2017-01-09,1.35289549403197
2017-01-10,-1.59235823808435
2017-01-11,1.11529826217951
2017-01-12,1.38081849117251
2017-01-13,-0.588307138621236
2017-01-16,1.01543849791343
2017-01-17,-0.0394726459692407
2017-01-18,-6.02496279797022
2017-01-19,1.03039937165259
2017-01-20,-0.61612950415153
2017-01-23,-0.577939459401566
2017-01-24,1.48002618197296
2017-01-25,0.532432072745159
2017-01-26,0.201501044841867
2017-01-27,-0.651199597520824
2017-01-30,0
2017-01-31,-1.23150166803221
2017-02-01,-0.832322262614049
2017-02-02,-2.48741402516752
2017-02-03,-0.385891605538102
2017-02-06,3.24828763701221
2017-02-07,0.704021681702072
2017-02-08,-2.08446365713408
2017-02-09,0.756099090985707
2017-02-10,-0.207570023481551
2017-02-13,0.249878367317935
2017-02-14,0.829845323285605
2017-02-15,-1.83739981345274
2017-02-16,-0.763460710242336
2017-02-17,-1.15623243276723
2017-02-20,0.858709413993264
2017-02-21,0.637081918887805
2017-02-22,2.05553591384251
2017-02-23,-0.248321851545752
2017-02-24,-2.23292045223182
2017-02-27,-0.596449017218736
2017-02-28,-0.857664326994456
2017-03-01,1.45411334421319
2017-03-02,0.215229733122113
2017-03-03,2.22396749771852
2017-03-06,-1.58958903077706
2017-03-07,-1.14738802004442
2017-03-08,1.39916445620387
2017-03-09,-1.26958599992517
2017-03-10,-1.5924457640621
2017-03-13,0.306533783551055
2017-03-14,0.944326954829311
2017-03-15,0.255218047043693
2017-03-16,3.39778725488289
2017-03-17,0.943462038648457
2017-03-20,-1.02701470257252
2017-03-21,-3.05966624861864
2017-03-22,-0.384258832591389
2017-03-23,0.809965222526454
2017-03-24,2.21934299417366
2017-03-27,-1.20752997761522
2017-03-28,0.542236353560366
2017-03-29,-0.499768097942699
2017-03-30,1.24896138293047
2017-03-31,0.209441705179181
2017-04-03,-0.5833367360911
2017-04-04,1.20072564860663
2017-04-05,0.613600598493935
2017-04-06,-1.48237224771397
2017-04-07,0.989301162367218
2017-04-10,0.493071085346752
2017-04-11,-1.56210870198792
2017-04-12,0.577697520907483
2017-04-13,-0.456020035108207
2017-04-18,0.0419234483983733
2017-04-19,1.51830041693408
2017-04-20,-0.119792649143813
2017-04-21,-2.68939259911911
2017-04-24,-2.55007260505717
2017-04-25,2.55007260505717
2017-04-26,-0.0849545544256092
2017-04-27,1.74818580485714
2017-04-28,0.162727175874844
2017-05-02,2.12027907411523
2017-05-04,-1.91204110789998
2017-05-05,1.50714085942267
2017-05-08,0.0409735316721616
2017-05-09,1.08783080937118
2017-05-10,0.157910752522072
2017-05-11,3.41631457559779
2017-05-12,1.3437617243643
2017-05-15,1.13541687744338
2017-05-16,3.15365124055509
2017-05-17,-1.17473469886944
2017-05-18,-0.483554498591454
2017-05-19,-2.44192873048128
2017-05-22,1.50947704340316
2017-05-23,1.1201535216002
2017-05-24,0.81056791031684
2017-05-25,2.03641526178591
2017-05-26,-4.15315500750237
2017-05-29,-0.563961407859281
2017-05-30,2.19963517016613
2017-05-31,-1.37382893592677
2017-06-01,1.00681481711744
2017-06-02,0.553748562075906
2017-06-05,-3.21905223205157
2017-06-06,-1.57287850069303
2017-06-07,0.884633894012721
2017-06-08,0.383372204595522
2017-06-09,0
2017-06-12,-1.1545542154614
2017-06-13,0.195304932984408
2017-06-14,-0.387074555185452
2017-06-16,-0.814211825955446
2017-06-19,-1.1399642841877
2017-06-20,0.199537140193184
2017-06-21,0
2017-06-22,1.01543849791343
2017-06-23,-1.84814277705083
2017-06-26,0.988067322040465
2017-06-27,-0.155363042903067
2017-06-28,-1.58730302152255
2017-06-29,-3.50363495602881
2017-06-30,2.174359521725
2017-07-03,0.723914737845188
2017-07-04,-1.41590201185622
2017-07-05,1.09344617213698
2017-07-06,1.28363124118751
2017-07-07,-1.24275652163215
2017-07-10,1.16603998545686
2017-07-11,-0.279098168834357
2017-07-12,1.46722936724912
2017-07-13,0.863228936055149
2017-07-14,1.60906001679129
2017-07-17,-0.585824756836795
2017-07-18,-0.984066197473599
2017-07-19,2.03609226489152
2017-07-20,2.22316553615967
2017-07-21,-1.18209193437582
2017-07-24,-0.268868992392823
2017-07-25,-2.29537406894096
2017-07-26,1.52316945954993
2017-07-27,0.772204609391025
2017-07-28,0
2017-07-31,-1.55041865359653
2017-08-01,1.70414658548514
2017-08-02,0.688866099518526
2017-08-03,-0.84259403140714
2017-08-04,2.01796301281663
2017-08-07,-1.25167573825973
2017-08-08,0.570886422032046
2017-08-09,-0.304067128992314
2017-08-10,-0.610922098641087
2017-08-11,0.952932692326902
2017-08-14,-0.952932692326902
2017-08-16,-0.576149087514821
2017-08-17,0.576149087514821
2017-08-18,1.44489205729408
2017-08-21,-1.48319889553306
2017-08-22,1.33208439756607
2017-08-23,-0.189214815203798
2017-08-24,2.61697177333846
2017-08-25,-1.86225120980015
2017-08-28,4.41248049089378
2017-08-29,-3.66341331797804
2017-08-30,-0.786668226188247
2017-08-31,0.786668226188247
2017-09-01,-1.50378773645405
2017-09-04,1.16740169695988
2017-09-05,-0.940386843505969
2017-09-06,-0.949314135149448
2017-09-07,0.114394674057294
2017-09-08,0.910476699291918
2017-09-11,-0.492145608143568
2017-09-12,0.303145362882606
2017-09-13,-0.493078943247882
2017-09-14,-1.4554067699645
2017-09-15,-1.51606402306812
2017-09-18,0.0391619351000738
2017-09-19,0.234650088112343
2017-09-20,1.47346597569364
2017-09-21,-1.39537147738649
2017-09-22,2.23861142984627
2017-09-25,-0.99732318787531
2017-09-26,-1.31938274027812
2017-09-27,1.55041865359653
2017-09-28,1.14724011622367
2017-09-29,-1.33973295718213
2017-10-02,-0.192864090640565
2017-10-03,0.385356931599024
2017-10-04,-2.65019407455065
2017-10-05,1.48963946251985
2017-10-06,-0.898970290980872
2017-10-09,0.470036118033201
2017-10-10,-1.89354770022039
2017-10-11,1.14830008549971
2017-10-12,0.784317746102614
2017-10-13,-0.195503483580328
2017-10-16,0.546449447207875
2017-10-17,-1.52974153883179
2017-10-18,-1.19285708652739
2017-10-19,-2.02027073175191
2017-10-20,-0.327064886812289
2017-10-23,-0.122925645472982
2017-10-24,-0.328542389979702
2017-10-25,0.778532922264974
2017-10-26,3.68631482106268
2017-10-27,2.10206260745811
2017-10-30,-2.77307361145205
2017-10-31,0.434697384765625
2017-11-02,-3.12400254311362
2017-11-03,-0.325998658720739
2017-11-06,1.41846349919561
2017-11-07,2.77795641070759
2017-11-08,-0.195886448533322
2017-11-09,-0.392927813988964
2017-11-10,-1.86772764890244
2017-11-13,-2.02600122658172
2017-11-14,-1.52611747231162
2017-11-15,0.414766252008114
2017-11-16,0.783347646198473
2017-11-17,1.9923407536679
2017-11-20,-0.565201343134625
2017-11-21,1.2072581234269
2017-11-22,0.478851673179737
2017-11-23,-1.24175438962881
2017-11-24,0.402253157037924
2017-11-27,-0.442567610315248
2017-11-28,-0.809721023261956
2017-11-29,-0.0813338800428109
2017-11-30,1.41387933975774
2017-12-01,-2.43617407400349
2017-12-04,0.492005912544968
2017-12-05,4.67430805477074
2017-12-06,-4.87901641694322
2017-12-07,-2.531780798429
2017-12-08,0.878850603307946
2017-12-11,-0.375704887771233
2017-12-12,-0.04183225327683
2017-12-13,0.334169066190304
2017-12-14,-0.963761911871774
2017-12-15,0.168279383421588
2017-12-18,1.70873088477745
2017-12-19,-0.248241749325517
2017-12-20,-0.0414336032445117
2017-12-21,0.94865632047556
2017-12-22,-0.041059331309734
2017-12-27,1.83118036423378
2017-12-28,1.20241929668019
2017-12-29,-0.960776005517339
2018-01-03,-2.77342408959185
2018-01-04,-0.414422474602638
2018-01-05,0.0830220055989095
2018-01-08,-0.917055197220806
2018-01-09,-0.335570784697214
2018-01-10,-0.928668556820433
2018-01-11,0.76045993852194
2018-01-12,0.754720563538314
2018-01-15,0.166944946954084
2018-01-16,1.07840116017455
2018-01-17,1.55549595551938
2018-01-18,-1.55549595551938
2018-01-19,0.329489589685261
2018-01-22,-0.0822706751463453
2018-01-23,-0.247218914538916
2018-01-24,1.3114942077828
2018-01-25,0.891777292205465
2018-01-26,-0.0807428384600684
2018-01-29,0.804509568483125
2018-01-30,-1.04712998672953
2018-01-31,-2.62525330873986
2018-02-01,-0.333056094716477
2018-02-02,0.166666705246943
2018-02-05,-0.25010434045889
2018-02-06,-1.93853520971352
2018-02-07,-0.683179429170355
2018-02-08,-0.0857265376118299
2018-02-09,-2.6065767629341
2018-02-12,1.57208477869482
2018-02-13,1.3769580723757
2018-02-14,0.341297259623996
2018-02-15,-2.06547790307461
2018-02-16,0.433840159859811
2018-02-19,1.37577406418234
2018-02-20,-0.513699759791653
2018-02-21,-0.775531676747798
2018-02-22,0.431593246556883
2018-02-23,0.0860955713964717
2018-02-26,1.79109265665303
2018-02-27,-1.27607005902144
2018-02-28,0
2018-03-01,-1.81430462588015
2018-03-02,-0.61215757408295
2018-03-05,0.0876808473534219
2018-03-06,0.0876040353880114
2018-03-07,1.39132679169851
2018-03-08,2.3048395436291
2018-03-09,0.923988094134565
2018-03-12,1.49380371088661
2018-03-13,0.902015135938417
2018-03-14,-0.408998525152526
2018-03-15,0.816331063916076
2018-03-16,-2.63606696910683
2018-03-19,0.499584719337154
2018-03-20,-0.166251077361323
2018-03-21,0.415110600237867
2018-03-22,0.578275052191168
2018-03-23,0.0823384155205442
2018-03-26,0.246609249519336
2018-03-27,3.39015516756813
2018-03-28,-2.08507954801904
2018-03-29,1.04797412147035
2018-04-03,1.19570974211216
2018-04-04,-0.158604315563471
2018-04-05,-1.43887374520997
2018-04-06,-1.13361537863361
2018-04-09,0.162733965937534
2018-04-10,1.69290621004481
2018-04-11,-1.12541380744231
2018-04-12,2.23830287691325
2018-04-13,-0.237435806046227
2018-04-16,-0.079270713623858
2018-04-17,1.33912989725604
2018-04-18,-2.29531248119024
2018-04-19,3.07473965387213
2018-04-20,-0.46692691836836
2018-04-23,-0.0780335583880909
2018-04-24,-3.09180394033106
2018-04-25,2.70072014113114
2018-04-26,-1.97869534378241
2018-04-27,-0.883185186782853
2018-04-30,3.40897060165539
2018-05-02,0.776401415622097
2018-05-04,-1.40189211793311
2018-05-07,-0.235571369245902
2018-05-08,3.01997398636322
2018-05-09,-3.33493487665284
2018-05-10,3.02935786270506
2018-05-11,-0.922373949058386
2018-05-14,-0.775197680431772
2018-05-15,2.83870230823116
2018-05-16,-1.60125418991264
2018-05-17,-2.0187020919979
