2008-11-18,-8.55265084069829
2008-11-19,0.290454809665075
2008-11-20,-3.18791226190509
2008-11-21,2.89745745224002
2008-11-24,2.82443280666596
2008-11-25,0.683179429170355
2008-11-26,-1.38831606830641
2008-11-27,0.353189840380219
2008-11-28,1.86570986545913
2008-12-01,0.412719052889132
2008-12-02,3.14413257043138
2008-12-03,0.79507152560514
2008-12-04,0.322711050537583
2008-12-05,-0.460179232134195
2008-12-08,-0.657603344008528
2008-12-09,-0.334516691004572
2008-12-10,-0.655955123411012
2008-12-11,0
2008-12-12,0.394089179987667
2008-12-15,-0.394089179987667
2008-12-16,0
2008-12-17,-5.13106132538583
2008-12-18,-2.70334173351436
2008-12-19,0.222172941866283
2008-12-22,-1.01713939009831
2008-12-23,0.286558806282677
2008-12-29,-0.0715627546418851
2008-12-30,0.722217931245561
2008-12-31,0.787579841971686
2009-01-05,0.571304564217945
2009-01-06,1.05488969149947
2009-01-07,-1.69673477535177
2009-01-08,-0.504046696554861
2009-01-09,-0.863647802386147
2009-01-12,-1.82282614304752
2009-01-13,-1.11722773808127
2009-01-14,0
2009-01-15,-2.26319322048569
2009-01-16,-0.226329783525392
2009-01-19,-3.1943630089077
2009-01-20,-1.43336441855424
2009-01-21,-1.44417628749358
2009-01-22,-1.55700243773857
2009-01-23,-2.17343880118759
2009-01-26,-2.13339459955302
2009-01-27,0
2009-01-28,-0.862189433876459
2009-01-29,-0.882677240203078
2009-01-30,-1.05669080938009
2009-02-02,-2.3320832208289
2009-02-03,-2.75314965841265
2009-02-04,4.38259731170412
2009-02-05,11.2266521882013
2009-02-06,10.293512477974
2009-02-09,4.295192077808
2009-02-10,0
2009-02-11,-3.35787864552328
2009-02-12,0.561700616733551
2009-02-13,2.45517173073551
2009-02-16,1.71870632075981
2009-02-17,-4.8853122585419
2009-02-18,-0.70765443475973
2009-02-19,0.70765443475973
2009-02-20,0
2009-02-23,-1.00993062509058
2009-02-24,1.00993062509058
2009-02-25,2.82443280666596
2009-02-26,0.683179429170355
2009-02-27,1.37770002270559
2009-03-02,-2.47303871643103
2009-03-03,-2.05153231240236
2009-03-04,1.26545302600891
2009-03-05,-1.8998163868015
2009-03-06,3.37188704450804
2009-03-09,-0.350982682784862
2009-03-10,2.1380300279028
2009-03-11,0.33520520786201
2009-03-12,-0.0669512118071314
2009-03-13,-5.15356625459678
2009-03-16,2.1192961675299
2009-03-17,1.38831606830641
2009-03-18,0.348328800436803
2009-03-19,-0.348328800436803
2009-03-20,-0.0595922207224042
2009-03-23,-0.700737784474814
2009-03-24,-1.32074948488943
2009-03-25,1.39790006091629
2009-03-26,0
2009-03-27,-0.70513663913605
2009-03-30,-0.762304453789975
2009-03-31,0.41652264314842
2009-04-01,-0.41652264314842
2009-04-02,4.73813046980096
2009-04-03,0.809453498733292
2009-04-06,2.63044878867347
2009-04-07,-2.63044878867347
2009-04-08,3.59533008330093
2009-04-09,1.97232653660557
2009-04-14,-1.00880620930486
2009-04-15,-1.28146034554475
2009-04-16,-0.390859190216064
2009-04-17,-0.915301452322748
2009-04-20,-2.1688579453393
2009-04-21,0.197628522821214
2009-04-22,1.97122942251808
2009-04-23,1.30616064253881
2009-04-24,0.571566214278452
2009-04-27,-1.21850749066188
2009-04-28,0.646941276383428
2009-04-29,0.966573838017659
2009-04-30,1.51025993512692
2009-05-04,-0.5607491328945
2009-05-05,0
2009-05-06,0
2009-05-07,-0.438322555252668
2009-05-08,-0.133443247558152
2009-05-11,0.57176580281082
2009-05-12,-1.01260726303698
2009-05-13,0
2009-05-14,0.377982968331647
2009-05-15,5.8759653288087
2009-05-18,4.40746844064428
2009-05-19,0
2009-05-20,0.509302932967515
2009-05-21,-2.18989456644696
2009-05-22,-0.651185283492373
2009-05-25,0
2009-05-26,1.17627190623746
2009-05-27,-0.229835625127572
2009-05-28,-0.946436281109886
2009-05-29,-0.159825678773062
2009-06-01,2.49160259574488
2009-06-02,1.14230546861922
2009-06-03,-0.569521665948036
2009-06-04,-0.0634808697036693
2009-06-05,-0.509302932967515
2009-06-08,-0.583216446869406
2009-06-09,-1.4007340324699
2009-06-10,0.245647114348957
2009-06-12,0
2009-06-15,-0.593473551981472
2009-06-16,-0.582412828598855
2009-06-17,-0.241237004303541
2009-06-18,-0.359277433059102
2009-06-19,1.24823694500003
2009-06-22,-1.71944971500499
2009-06-23,-0.125540023134185
2009-06-24,1.721591181487
2009-06-25,0
2009-06-26,-0.831453991314968
2009-06-29,0.423884285933518
2009-06-30,2.68390394729123
2009-07-01,-0.469684894193723
2009-07-02,0.469684894193723
2009-07-03,6.23396197018415
2009-07-06,2.15133016522393
2009-07-07,1.10376396516205
2009-07-08,-0.582827708625588
2009-07-09,1.56590498693836
2009-07-10,-1.09290705321903
2009-07-13,-0.524969610326043
2009-07-14,2.03261645088952
2009-07-15,0.571430126343886
2009-07-16,1.06427529324389
2009-07-17,0.711569071928153
2009-07-20,-1.22025230527512
2009-07-21,-0.771082065961393
2009-07-22,-0.50249763846737
2009-07-23,1.27357970442876
2009-07-24,0.264084660520902
2009-07-27,0
2009-07-28,0.650938018551717
2009-07-29,-0.707468907906206
2009-07-30,1.76246193733189
2009-07-31,2.43326942382551
2009-08-03,0.348830569635705
2009-08-04,0.932240527025696
2009-08-05,-0.83622515719135
2009-08-06,0.0539681600961739
2009-08-07,5.06696361320489
2009-08-10,8.04984961955566
2009-08-11,4.22112178611109
2009-08-12,3.63298391314588
2009-08-13,1.79204179069048
2009-08-14,-9.73030929597778
2009-08-17,-3.49672869386413
2009-08-18,0.0926001645818797
2009-08-19,2.97168402032257
2009-08-20,0.432444508959673
2009-08-21,0.435822055584145
2009-08-24,-0.868266564543818
2009-08-25,0.479794240213893
2009-08-26,-0.522084244544541
2009-08-27,-0.307138559599673
2009-08-28,1.2596018865521
2009-08-31,1.67233188484586
2009-09-01,4.13163099035287
2009-09-02,-5.37542811957459
2009-09-03,0.820570691033051
2009-09-04,0.469569221129751
2009-09-07,0
2009-09-08,-0.94135380152891
2009-09-09,-0.124798518615421
2009-09-10,-0.223987592018471
2009-09-11,0
2009-09-14,-0.953635731132252
2009-09-15,-0.734500911043989
2009-09-16,1.4740988167345
2009-09-17,-0.214496930182406
2009-09-18,-0.430379082407883
2009-09-21,0.430379082407883
2009-09-22,2.34988298320666
2009-09-23,-0.847658616377034
2009-09-24,1.06228387123113
2009-09-25,-0.0459523635259362
2009-09-28,0.849251207542645
2009-09-29,-2.46065316286419
2009-09-30,-0.0467204825899348
2009-10-01,-0.645936506440936
2009-10-02,1.07597784171056
2009-10-05,-0.637952424250354
2009-10-06,0
2009-10-07,-0.270932276395186
2009-10-08,0.0469446843767152
2009-10-09,-0.428534755624144
2009-10-12,-4.10533330328202
2009-10-13,-3.77550192819256
2009-10-14,0.237718020027478
2009-10-15,-7.41992977447383
2009-10-16,0.054782848252044
2009-10-19,0.0973176890868288
2009-10-20,-3.58341505517035
2009-10-21,-1.30654487501629
2009-10-22,-1.0589580073241
2009-10-23,4.73174030608328
2009-10-26,-0.301994004746531
2009-10-27,-1.53633872393435
2009-10-28,-1.67497516381192
2009-10-29,0.101930313979137
2009-10-30,4.12879795331369
2009-11-02,-1.68205807998056
2009-11-03,-1.40159971856235
2009-11-04,1.55061253640021
2009-11-05,-1.80929591987185
2009-11-06,-0.627398363341491
2009-11-09,0.627398363341491
2009-11-10,0.986963850022615
2009-11-12,-1.25265226542375
2009-11-13,-1.57694716100885
2009-11-16,0.423811075506819
2009-11-17,0.108873173519664
2009-11-18,-2.08913590313764
2009-11-19,-2.62902934317339
2009-11-20,-0.167892319750607
2009-11-23,1.92384033001098
2009-11-24,-0.264078848919747
2009-11-25,-1.65976148109124
2009-11-26,-0.552673779894208
2009-11-27,-1.35408458217667
2009-11-30,3.56651984316212
2009-12-01,-0.218391271738572
2009-12-02,-0.3849988160745
2009-12-03,0.543876116805331
2009-12-04,1.67916840569555
2009-12-07,0.272816018512501
2009-12-08,-0.272816018512501
2009-12-09,-0.214878806430407
2009-12-10,-0.267615446424641
2009-12-11,0.215454005586224
2009-12-14,1.2315426590054
2009-12-15,5.03748801181887
2009-12-16,6.61260811240365
2009-12-17,-1.91606683824292
2009-12-18,-1.50750705539404
2009-12-21,0.538478770885309
2009-12-22,0
2009-12-23,-1.17536673066736
2009-12-28,-0.544862587972794
2009-12-29,1.72022931864015
2009-12-30,0.629469384394898
2009-12-31,3.66754785584069
2010-01-04,-0.470322442265614
2010-01-05,-1.65510750687008
2010-01-06,-0.770995964355947
2010-01-07,-2.88095485515547
2010-01-08,-0.0898822602981131
2010-01-11,0.143772863680125
2010-01-12,-1.2953939237212
2010-01-13,0.254376007797852
2010-01-14,0
2010-01-15,-0.254376007797852
2010-01-18,0.254376007797852
2010-01-19,0
2010-01-20,0.548938190383641
2010-01-21,-0.694216666298741
2010-01-22,-2.4404914701452
2010-01-25,-4.24138878501559
2010-01-26,0.103566583145431
2010-01-27,-0.649057902662564
2010-01-28,1.29393019614286
2010-01-29,0.231139749776377
2010-02-01,-1.35590920291344
2010-02-02,0.376330576511341
2010-02-03,-1.13326730639218
2010-02-04,-2.64151275597193
2010-02-05,-2.92071255706579
2010-02-08,-2.14173919988747
2010-02-09,1.73234335347487
2010-02-10,3.39061870888475
2010-02-11,-3.16142806787845
2010-02-12,0.918419603437703
2010-02-15,1.12779295910674
2010-02-16,-1.69995182877116
2010-02-17,0
2010-02-18,0
2010-02-19,0.289935312866696
2010-02-22,-0.289935312866696
2010-02-23,0.572158869664419
2010-02-24,1.69033468454654
2010-02-25,1.32932471106626
2010-02-26,-0.334023959438356
2010-03-01,1.48121335827729
2010-03-02,2.1653490645654
2010-03-03,1.0589580073241
2010-03-04,-0.262089835838841
2010-03-05,1.56863471085513
2010-03-08,2.82671406241772
2010-03-09,-1.88597335222815
2010-03-10,0.155933292160704
2010-03-11,0.199240461900274
2010-03-12,0.15538086969662
2010-03-15,-1.60894947349051
2010-03-16,0.371665677133404
2010-03-17,0.357759678620306
2010-03-18,-0.622193503929358
2010-03-19,2.61953071209557
2010-03-22,-0.609851891663915
2010-03-23,-3.00439668748345
2010-03-24,-0.261404720245517
2010-03-25,-0.531286255293706
2010-03-26,0.269196419454865
2010-03-29,0.0511934483567789
2010-03-30,-0.0511934483567789
2010-03-31,-0.893695471436473
2010-04-01,0.412478027457519
2010-04-06,1.00471200006331
2010-04-07,-0.523494556084358
2010-04-08,-2.14797674037519
2010-04-09,-0.0981450662744354
2010-04-12,2.24612180664963
2010-04-13,-0.848497730554021
2010-04-14,-1.02518416699739
2010-04-15,-1.51139688700477
2010-04-16,0.422861548505526
2010-04-19,-1.36751998371643
2010-04-20,1.10344113479668
2010-04-21,0.69829005745019
2010-04-22,1.19418039575012
2010-04-23,-0.827231553358887
2010-04-26,0.664930741934056
2010-04-27,-0.162564655237363
2010-04-28,-3.78004024752356
2010-04-29,1.10899412618877
2010-04-30,0.89829928341536
2010-05-04,-2.00729340960413
2010-05-05,-0.508182819433189
2010-05-06,1.89751353290006
2010-05-07,-1.65326346235641
2010-05-10,2.87880958882436
2010-05-11,-3.16382606841197
2010-05-12,0.744756319835282
2010-05-13,-0.568221781864819
2010-05-14,0.108481941617145
2010-05-17,-0.857498108528709
2010-05-18,0
2010-05-19,0
2010-05-20,1.03353065229275
2010-05-21,2.80806792080495
2010-05-24,0
2010-05-25,-2.24145594957883
2010-05-26,0.623598091511735
2010-05-27,1.84123355044865
2010-05-28,-0.223375692381556
2010-05-31,1.71501709290007
2010-06-01,-0.76583967247319
2010-06-02,-1.22580276971589
2010-06-04,0
2010-06-07,-1.73639728407888
2010-06-08,1.69021857164431
2010-06-09,-0.78831848078349
2010-06-10,0.112998117643537
2010-06-11,0.444106387302012
2010-06-14,0.619768582372249
2010-06-15,-0.447958588347852
2010-06-16,-0.171809994024397
2010-06-17,-0.0595415319763593
2010-06-18,1.45191920866852
2010-06-21,0.273562340863176
2010-06-22,-2.22304452250088
2010-06-23,0
2010-06-24,0
2010-06-25,0.225868693647246
2010-06-28,-1.24192021540277
2010-06-29,-0.114281885316236
2010-06-30,1.017207459223
2010-07-01,-1.017207459223
2010-07-02,1.52858164350351
2010-07-05,-0.85152190944604
2010-07-06,1.85337579400575
2010-07-07,4.54492575164442
2010-07-08,-2.14094825527051
2010-07-09,-1.63308454301418
2010-07-12,-0.770892953359725
2010-07-13,0
2010-07-14,-0.223229033673666
2010-07-15,0.772609094319909
2010-07-16,-0.772609094319909
2010-07-19,0.491755900336699
2010-07-20,-0.268526866663032
2010-07-21,1.31606564319084
2010-07-22,0.381149723356122
2010-07-23,0.109553740617274
2010-07-26,0.379287523581207
2010-07-27,-0.269853671853992
2010-07-28,0
2010-07-29,-0.270583852760353
2010-07-30,0.482673009674128
2010-08-02,0.0577645149402173
2010-08-03,-0.327774322184515
2010-08-04,0.545695187812978
2010-08-05,0.701802038292021
2010-08-06,0.108022250377005
2010-08-09,0.101561516918247
2010-08-10,-0.266819293039733
2010-08-11,-0.92025189311622
2010-08-12,1.18707118615595
2010-08-13,1.49242403551169
2010-08-16,0.318262928945012
2010-08-17,0.317253228677661
2010-08-18,2.53271241324353
2010-08-19,2.28092141710166
2010-08-20,-0.760505121058275
2010-08-23,1.15628789838378
2010-08-24,-1.40709419252163
2010-08-25,1.45424732318427
2010-08-26,0.546529729899303
2010-08-27,1.2290104312966
2010-08-30,-1.42847078136263
2010-08-31,-0.742665207642679
2010-09-01,0
2010-09-02,0.448616536583391
2010-09-03,0.493509021125327
2010-09-06,0
2010-09-07,0
2010-09-08,0.0995811815295955
2010-09-09,0.885993205360913
2010-09-10,0.486280916570125
2010-09-13,0.397683588009068
2010-09-14,2.01578400469775
2010-09-15,-0.237047181775463
2010-09-16,0
2010-09-17,2.59363655785889
2010-09-20,-0.934870589725501
2010-09-21,0.747491091526875
2010-09-22,-2.31588710151907
2010-09-23,0.146677223634262
2010-09-24,-0.718511761329488
2010-09-27,0.481464579554025
2010-09-28,0
2010-09-29,0.237047181775463
2010-09-30,-0.237047181775463
2010-10-01,-0.481464579554025
2010-10-04,5.91405750439398
2010-10-05,0.496490889890833
2010-10-06,-0.812751773688936
2010-10-07,0.679528551831865
2010-10-08,2.97353279926322
2010-10-11,1.47465742291173
2010-10-12,-0.475473172667273
2010-10-13,0
2010-10-14,0
2010-10-15,-0.436558562936318
2010-10-18,-0.0411861620319698
2010-10-19,-0.17523067927625
2010-10-20,-1.00576305330229
2010-10-21,-0.0886178284073669
2010-10-22,1.48564991464775
2010-10-25,1.84799211211146
2010-10-26,1.40247728283254
2010-10-27,-0.423676646216276
2010-10-28,-1.27684839330824
2010-10-29,1.04681378669507
2010-11-02,-0.105191985054898
2010-11-03,0
2010-11-04,2.29883791836687
2010-11-05,-0.747262707379059
2010-11-08,-0.375735845218506
2010-11-09,-0.59117388198402
2010-11-10,0
2010-11-12,2.45589251877796
2010-11-15,-1.44458110358183
2010-11-16,-1.51582058989534
2010-11-17,-1.66636859281684
2010-11-18,1.07369985649459
2010-11-19,1.27141566512052
2010-11-22,0.624754114603965
2010-11-23,0.625787353487128
2010-11-24,0.0392888719325413
2010-11-25,0.743570591604747
2010-11-26,0.248253833050516
2010-11-29,-0.614456239315553
2010-11-30,-0.04403454336388
2010-12-01,-1.96196157576232
2010-12-02,-0.932618071357671
2010-12-03,0.847739018904248
2010-12-06,0.164699460782192
2010-12-07,0.258977185434084
2010-12-08,0.367391933450989
2010-12-09,-0.586482794379606
2010-12-10,-0.249550938052456
2010-12-13,0.468641798981073
2010-12-14,0
2010-12-15,1.45663605009334
2010-12-16,-1.25291433296812
2010-12-17,0.963279609986056
2010-12-20,-1.76065251807525
2010-12-21,-0.290625047971815
2010-12-22,0.0351202873439149
2010-12-23,0.215468727663959
2010-12-27,-0.637728441192609
2010-12-28,0.211352735680848
2010-12-29,0.721265335676824
2010-12-30,0.755733721647811
2010-12-31,-0.850603283125961
2011-01-03,0.00999050902472653
2011-01-04,-0.210010577711639
2011-01-05,-0.637728441192609
2011-01-07,0.847739018904248
2011-01-10,-0.210010577711639
2011-01-11,0
2011-01-12,0
2011-01-13,0
2011-01-14,-0.0851298281212554
2011-01-17,-2.53165234289483
2011-01-18,-1.44393762455963
2011-01-19,-0.926975136507746
2011-01-20,-0.268696982082517
2011-01-21,-0.714761481106452
2011-01-24,-2.76912591946461
2011-01-25,4.59090009589826
2011-01-26,1.1413280148846
2011-01-27,-1.97964372812929
2011-01-28,-0.670452557621726
2011-01-31,1.10620597058584
2011-02-01,-2.54669182596743
2011-02-02,0.0913119440375976
2011-02-03,2.8579421822104
2011-02-04,0
2011-02-07,0.046947133174946
2011-02-08,-1.32820809710674
2011-02-09,-0.673438926611114
2011-02-10,-0.0904905179785587
2011-02-11,-0.362783155035729
2011-02-14,-0.219374603080791
2011-02-15,0.219374603080791
2011-02-16,-0.219374603080791
2011-02-17,-0.182286132396881
2011-02-18,-0.274053746311376
2011-02-21,-0.409792442335455
2011-02-22,0.409792442335455
2011-02-23,0.22574586313584
2011-02-24,-0.586922504378729
2011-02-25,-0.0972552486426803
2011-02-28,0
2011-03-01,0.54986661455616
2011-03-02,0.364905154037665
2011-03-03,0
2011-03-04,0.539545634322725
2011-03-07,0
2011-03-08,-0.539545634322725
2011-03-09,1.11857989577158
2011-03-10,-0.2227172412824
2011-03-11,-0.676488051408386
2011-03-14,0.410700099916372
2011-03-15,-0.630074702997163
2011-03-16,0
2011-03-17,-0.0535790840078487
2011-03-18,-0.402760794700407
2011-03-21,-0.685729314295358
2011-03-22,-0.925327743265836
2011-03-23,-0.504359382837283
2011-03-24,1.06602075521067
2011-03-25,0.823139056856093
2011-03-28,-2.07069299171541
2011-03-29,0.877102432538024
2011-03-30,1.19359055917738
2011-03-31,-3.46233799416691
2011-04-01,-0.49252912014075
2011-04-04,-6.46021114067854
2011-04-05,-1.21031132695246
2011-04-06,-2.28556868506216
2011-04-07,1.81800855343943
2011-04-08,0.255303767631165
2011-04-11,0
2011-04-12,0.460327887367651
2011-04-13,1.71948040138727
2011-04-14,-0.900987627833905
2011-04-15,0.245442967959342
2011-04-18,-0.509517062122944
2011-04-19,-0.711660925274948
2011-04-20,0.921776566137433
2011-04-21,-0.613572666028084
2011-04-26,-0.61128954159182
2011-04-27,0
2011-04-28,-0.0485790633794725
2011-04-29,0.0364365097854868
2011-05-02,-0.0364365097854868
2011-05-04,-0.462681940706888
2011-05-05,-1.03659651790724
2011-05-06,-1.04745449295276
2011-05-09,0
2011-05-10,-0.268272301146455
2011-05-11,-1.06140107763397
2011-05-12,-0.91336420829391
2011-05-13,-3.17199225782794
2011-05-16,4.77748783921066
2011-05-17,1.05411860214724
2011-05-18,1.14131841316847
2011-05-19,1.03741700532227
2011-05-20,0.864393208106895
2011-05-23,-1.27806942767448
2011-05-24,-1.92029534422709
2011-05-25,1.71281372955017
2011-05-26,0.669713309828213
2011-05-27,0.466144864414808
2011-05-30,0.409861341644424
2011-05-31,0.108212106267169
2011-06-01,-0.0180272211526944
2011-06-02,0.11411755345172
2011-06-03,-0.565857517572077
2011-06-06,-0.71489459927272
2011-06-07,-0.103415770995507
2011-06-08,-0.782113237691107
2011-06-09,0
2011-06-10,-0.147329676741625
2011-06-13,0.147329676741625
2011-06-14,0
2011-06-15,0
2011-06-16,0.0184009569016652
2011-06-17,-0.744870937583819
2011-06-20,-0.253658069005214
2011-06-21,-0.577766959936721
2011-06-22,-0.531002340927955
2011-06-24,0.425027203995487
2011-06-27,-2.6160976331115
2011-06-28,-1.03614531909058
2011-06-29,-0.766287274556943
2011-06-30,-0.890524481210786
2011-07-01,2.31449676232436
2011-07-04,3.01950337764261
2011-07-05,-1.2549578017083
2011-07-06,0.554122694863812
2011-07-07,0.426092505050679
2011-07-08,0.374462148854349
2011-07-11,-0.0186898421252302
2011-07-12,-1.82972189360906
2011-07-13,1.82972189360906
2011-07-14,-0.788144443795424
2011-07-15,-0.648923367114396
2011-07-18,-2.59322403548614
2011-07-19,-0.533334597536284
2011-07-20,1.03157238774525
2011-07-21,0.861187841700906
2011-07-22,0.898238241925498
2011-07-25,1.0221554071538
2011-07-26,-0.857400284656773
2011-07-27,1.23334057704736
2011-07-28,-0.690307102687315
2011-07-29,0.220160491506638
2011-08-01,0.326203162350813
2011-08-02,-0.988144113618361
2011-08-03,-2.26453737512187
2011-08-04,-4.59409661223011
2011-08-05,5.65598515010111
2011-08-08,-9.05968953522267
2011-08-09,-7.90911467208124
2011-08-10,0
2011-08-11,-1.32098282514188
2011-08-12,4.87535616182302
2011-08-16,5.19921716386365
2011-08-17,5.05459166924012
2011-08-18,-5.6051348905322
2011-08-19,2.94027446627663
2011-08-22,1.73554739698463
2011-08-23,0.346182357576863
2011-08-24,-1.62136742231862
2011-08-25,2.77110917439751
2011-08-26,-1.08330539566235
2011-08-29,-1.86357451084707
2011-08-30,1.22395609996597
2011-08-31,1.380705637744
2011-09-01,-0.628246618825701
2011-09-02,-3.51055354963838
2011-09-05,-4.76330765360209
2011-09-06,0
2011-09-07,0
2011-09-08,1.55163815159569
2011-09-09,-0.562099028807905
2011-09-12,-3.52926549955281
2011-09-13,2.53972637676503
2011-09-14,0
2011-09-15,-2.59887610122527
2011-09-16,-4.18363638098738
2011-09-19,0.331062395766679
2011-09-20,4.56007196180241
2011-09-21,-0.648348252121478
2011-09-22,-2.59074088453906
2011-09-23,-0.463790985314683
2011-09-26,4.01816432199582
2011-09-27,2.81505416371108
2011-09-28,0
2011-09-29,-0.113943894965818
2011-09-30,-0.500036758730715
2011-10-03,-0.624979585391605
2011-10-04,-0.245310368327578
2011-10-05,0.245310368327578
2011-10-06,0.932441126803596
2011-10-07,0.619197024792095
2011-10-10,1.82794741030494
2011-10-11,0.306065903923125
2011-10-12,4.58820973741672
2011-10-13,4.336089429898
2011-10-14,0
2011-10-17,0
2011-10-18,2.7072714953372
2011-10-19,-0.371655531862602
2011-10-20,-1.51949148295829
2011-10-21,3.75932985031713
2011-10-24,2.74727754708146
2011-10-25,-2.22072163233351
2011-10-26,-1.58805929347898
2011-10-27,0.532160169531615
2011-10-28,0.213291162246421
2011-10-31,0.316052046952997
2011-11-02,-2.93731286006604
2011-11-03,-3.75672876640212
2011-11-04,2.93471177615103
2011-11-07,-1.37031897470523
2011-11-08,1.32620364391256
2011-11-09,0.214092393342602
2011-11-10,-1.03693392438702
2011-11-14,1.68897385208817
2011-11-15,2.93731286006604
2011-11-16,1.05035373475411
2011-11-17,-3.71931058143136
2011-11-18,-0.977022865559052
2011-11-21,1.46197780753732
2011-11-22,-0.909663593616861
2011-11-23,-0.665664352001283
2011-11-24,-0.765317925377929
2011-11-25,-1.27154200324417
2011-11-28,1.38576246112185
2011-11-29,-0.994272053205059
2011-11-30,4.87535616182302
2011-12-01,-0.740902877941663
2011-12-02,1.00896688639813
2011-12-05,-1.86691740100415
2011-12-06,-1.07819435940724
2011-12-07,1.62221152702173
2011-12-08,0.786051701476387
2011-12-09,-1.54105250304886
2011-12-12,-0.279929267426482
2011-12-13,0.812735186816704
2011-12-14,-2.49629778554894
2011-12-15,0
2011-12-16,-3.80278866845756
2011-12-19,-4.55740988238285
2011-12-20,4.43888744801701
2011-12-21,5.01759224353284
2011-12-22,-0.552938889162791
2011-12-23,-1.09602288207995
2011-12-27,1.91803987233103
2011-12-28,-0.269078101088294
2011-12-29,1.3382081256581
2011-12-30,-3.51089850028936
2012-01-02,1.0764092339218
2012-01-03,0.543342251546663
2012-01-04,2.6978264715861
2012-01-05,-1.60745346794622
2012-01-09,-2.18639588571983
2012-01-10,4.80072284849267
2012-01-11,-2.88268297616163
2012-01-12,0
2012-01-13,-1.6381414707674
2012-01-16,0.272782228969648
2012-01-17,-0.272782228969648
2012-01-18,0.816124480516311
2012-01-19,-0.429374909845492
2012-01-20,0.982313799008283
2012-01-23,-1.3690633696791
2012-01-24,0.272782228969648
2012-01-25,-0.552680630533287
2012-01-26,-0.274296092625281
2012-01-27,-2.41146895529942
2012-01-30,2.078753823367
2012-01-31,0.307160924932059
2012-02-01,0.0255542070003667
2012-02-02,0.0574731009785445
2012-02-03,-0.332523646978622
2012-02-06,0.447370849036188
2012-02-07,-1.56167821489408
2012-02-08,0.445924414889332
2012-02-09,0.109560801085973
2012-02-10,-0.89936227827998
2012-02-13,0.89936227827998
2012-02-14,-1.68890016327015
2012-02-15,0.450995894986139
2012-02-16,0.169414258282341
2012-02-17,2.67230701407537
2012-02-20,-1.04499485419112
2012-02-21,-1.06897791712961
2012-02-22,-0.727748501036984
2012-02-23,0
2012-02-24,0.448971050561831
2012-02-27,-2.33836598655799
2012-02-28,-4.1730672456473
2012-02-29,0.297506013879101
2012-03-01,0.599237251346052
2012-03-02,1.88434540514701
2012-03-05,-2.35240793368998
2012-03-06,-0.0690178783695039
2012-03-07,1.77916284641273
2012-03-08,-2.07648372230937
2012-03-09,0.297320875896645
2012-03-12,0.605728724292254
2012-03-13,0.294651941689184
2012-03-14,1.23760589571882
2012-03-15,1.9674082116016
2012-03-16,1.82539539887618
2012-03-19,-3.62399300960079
2012-03-20,-1.70106843828499
2012-03-21,1.17343412212048
2012-03-22,-1.95883257894165
2012-03-23,1.43521776865128
2012-03-26,-0.416766906670007
2012-03-27,-0.652542068896222
2012-03-28,1.5929237858566
2012-03-29,-1.29703504426275
2012-03-30,1.56796449744339
2012-04-02,-0.38629711553031
2012-04-03,-0.763414518081618
2012-04-04,-0.714141605425311
2012-04-05,-0.663765141859063
2012-04-10,-2.19526997935167
2012-04-11,0.917631906668515
2012-04-12,2.36089287827834
2012-04-13,-1.99618494141154
2012-04-16,-0.364707936866804
2012-04-17,0.126395635112564
2012-04-18,0
2012-04-19,0.420168685370026
2012-04-20,-0.11886866413815
2012-04-23,-0.490953433888741
2012-04-24,1.45875907321771
2012-04-25,-2.36987884154374
2012-04-26,0.184305716026545
2012-04-27,1.33663615032638
2012-04-30,0.932050984685162
2012-05-02,-1.41539751779205
2012-05-04,1.45692863211502
2012-05-07,-0.360510651132984
2012-05-08,-1.82938341622156
2012-05-09,-0.988101161754784
2012-05-10,1.35525542578288
2012-05-11,0.239335606291435
2012-05-14,-1.28075339930338
2012-05-15,1.23152522572934
2012-05-16,0
2012-05-17,-2.60106586593887
2012-05-18,-2.35219025717384
2012-05-21,-1.46683691757299
2012-05-22,0.187343154947461
2012-05-23,-2.70912345334313
2012-05-24,-3.52286918837437
2012-05-25,0.143323537552709
2012-05-28,-0.143323537552709
2012-05-29,2.18316587399205
2012-05-30,1.55485630962735
2012-05-31,6.34201111789849
2012-06-01,-3.19880887301127
2012-06-04,-2.42426989401734
2012-06-05,-1.52815413796317
2012-06-06,0.670962298135969
2012-06-08,6.38657352983629
2012-06-11,-1.76042954713007
2012-06-12,1.0657813124801
2012-06-13,-1.1318533333839
2012-06-14,0.315284200020605
2012-06-15,0.314293282141964
2012-06-18,-0.0583984249022507
2012-06-19,0
2012-06-20,2.63030836674778
2012-06-21,-2.50625245270952
2012-06-22,1.82112273873658
2012-06-25,-1.82112273873658
2012-06-26,0.69043480785913
2012-06-27,0.440831788876173
2012-06-28,-2.84511090666442
2012-06-29,2.0923569179101
2012-07-02,-0.561001070610434
2012-07-03,0.626367670606509
2012-07-04,-1.76529030167325
2012-07-05,0.464482716597203
2012-07-06,-1.25089525678743
2012-07-09,-1.56135884682986
2012-07-10,1.0461054946707
2012-07-11,0.909232676116467
2012-07-12,-2.74525569147048
2012-07-13,1.81356035942493
2012-07-16,-1.22811865688943
2012-07-17,2.41914062632
2012-07-18,0.597589295445111
2012-07-19,1.17003162921039
2012-07-20,-0.189201046107002
2012-07-23,-1.78582736030775
2012-07-24,0.00741482223300949
2012-07-25,-1.61450550796083
2012-07-26,0.959887385135882
2012-07-27,2.03892710015738
2012-07-30,-0.491149321448425
2012-07-31,-0.693166996357775
2012-08-01,-0.593737828531005
2012-08-02,1.32364116856634
2012-08-03,-0.397468505016407
2012-08-06,2.02233575947504
2012-08-07,0.834897609170149
2012-08-08,0.642997142843305
2012-08-09,4.1772973616288
2012-08-10,-0.802335865925574
2012-08-13,-0.0619856075496195
2012-08-14,-2.43378701451622
2012-08-16,1.19988809326999
2012-08-17,0.118504074374925
2012-08-20,-0.174319327341399
2012-08-21,-1.51890973025961
2012-08-22,0.374836889956098
2012-08-23,0.948473755936741
2012-08-24,0.0629128677561486
2012-08-27,-1.63452983824199
2012-08-28,-1.02096342520284
2012-08-29,1.14874082599123
2012-08-30,3.30735510132896
2012-08-31,1.09216102674257
2012-09-03,0.122124989735894
2012-09-04,0
2012-09-05,0
2012-09-06,-0.122124989735894
2012-09-07,-0.29915714451203
2012-09-10,0.421282134247924
2012-09-11,-1.84081565726135
2012-09-12,1.53522307962355
2012-09-13,0.610254131457877
2012-09-14,2.08717189285368
2012-09-17,-1.12514085992141
2012-09-18,0.480898602444757
2012-09-19,0.286104190635683
2012-09-20,-0.833977546102993
2012-09-21,-1.13871122278835
2012-09-24,-0.604929627223294
2012-09-25,1.69002873238919
2012-09-26,-0.181153392490341
2012-09-27,-0.721148870873956
2012-09-28,-1.14971163361193
2012-10-01,0.177741364813588
2012-10-02,0.728166816055298
2012-10-03,-0.0610438517277156
2012-10-04,-1.2837322076479
2012-10-05,0.130490042897158
2012-10-08,-1.4239543843277
2012-10-09,1.78021675072877
2012-10-10,-0.356262366401072
2012-10-11,-0.378202273052031
2012-10-12,0.123932816744032
2012-10-15,-1.30204762107051
2012-10-16,1.55631707737851
2012-10-17,0
2012-10-18,0.602164129654525
2012-10-19,-2.15848120703304
2012-10-22,0.0627199574551707
2012-10-23,1.36310707702618
2012-10-24,-1.79597796169784
2012-10-25,-1.50866449752236
2012-10-26,-0.641347598481046
2012-10-29,-2.32156512184658
2012-10-30,0.649092458735634
2012-10-31,0.0581395365213844
2012-11-02,4.70449630284016
2012-11-05,-0.681599522916931
2012-11-06,-0.195599084366771
2012-11-07,-2.21296456896689
2012-11-08,1.64496051739653
2012-11-09,-2.21852102294799
2012-11-12,0.573560505551463
2012-11-13,-0.322222898824531
2012-11-14,-0.770369913796154
2012-11-15,-1.43405551301843
2012-11-16,1.56406636556752
2012-11-19,-0.964649366137538
2012-11-20,-1.97253764356322
2012-11-21,1.63672188046391
2012-11-22,-1.24353171553948
2012-11-23,1.11181795436375
2012-11-26,0.131713761175734
2012-11-27,2.32736726304639
2012-11-28,-0.0643201737379417
2012-11-29,0.953404589302576
2012-11-30,-1.27562748812711
2012-12-03,-2.60113473345731
2012-12-04,1.11994729133791
2012-12-05,0.710817528323249
2012-12-06,-0.318517715358535
2012-12-07,-0.203222598610342
2012-12-10,-0.912315199049551
2012-12-11,2.71234940036038
2012-12-12,-0.37174764001322
2012-12-13,-0.581835495523775
2012-12-14,0.31647872203755
2012-12-17,-1.02498371010458
2012-12-18,-1.44697058339909
2012-12-19,1.96077567221025
2012-12-20,0.324289550220769
2012-12-21,0.638292409850827
2012-12-27,0
2012-12-28,0.513406718138976
2013-01-02,0.4399978711636
2013-01-03,0
2013-01-04,0.571934480483582
2013-01-07,-0.508224429838178
2013-01-08,-0.0637100506454047
2013-01-09,0.501502022296574
2013-01-10,2.55291574514191
2013-01-11,-0.917659180490471
2013-01-14,-0.570000153030703
2013-01-15,-1.56675843391731
2013-01-16,-0.0637506662285237
2013-01-17,0.0637506662285237
2013-01-18,-0.696371747522173
2013-01-21,0.0712809211163457
2013-01-22,-0.650536661721279
2013-01-23,-1.4811874421194
2013-01-24,0.130937677832987
2013-01-25,0.709890703039351
2013-01-28,-1.30046512923685
2013-01-29,0.975120519516892
2013-01-30,-1.23872175584756
2013-01-31,0.131887475154935
2013-02-01,-0.528596781797663
2013-02-04,-1.3860800792235
2013-02-05,1.3860800792235
2013-02-06,-3.33052298218464
2013-02-07,2.07870114644431
2013-02-08,0.860922639755435
2013-02-11,0.390899195984895
2013-02-12,-0.783332412217819
2013-02-13,0.783332412217819
2013-02-14,-0.257969555260074
2013-02-15,0.59600632629957
2013-02-18,-0.59600632629957
2013-02-19,0.257969555260074
2013-02-20,1.30902450569228
2013-02-21,-0.575614544259118
2013-02-22,0.575614544259118
2013-02-25,0.651751166517966
2013-02-26,-0.964649366137538
2013-02-27,0.312898199619571
2013-02-28,0.651751166517966
2013-03-01,0.640359061247064
2013-03-04,-3.32513316781635
2013-03-05,0.333099238374146
2013-03-06,-0.192321976581189
2013-03-07,-0.266904073037733
2013-03-08,0.126126811244776
2013-03-11,0.723998434359041
2013-03-12,0.660310542973397
2013-03-13,-0.977338124459104
2013-03-14,-0.406970852873334
2013-03-15,0.797581954971349
2013-03-18,-0.0735835206123081
2013-03-19,-2.7916426982094
2013-03-20,-7.59321254920859
2013-03-21,4.29202408239591
2013-03-22,-3.55971812467701
2013-03-25,-0.732305957718893
2013-03-26,-1.46432363126672
2013-03-27,4.12362618943392
2013-03-28,5.40211806582622
2013-04-02,-0.468208074784826
2013-04-03,-1.77941996972404
2013-04-04,-2.58355833011374
2013-04-05,-1.42546709927487
2013-04-08,-3.2028162366454
2013-04-09,-0.598058099542875
2013-04-10,-2.47988416766201
2013-04-11,4.25524973609877
2013-04-12,0.514307840067163
2013-04-15,-4.70125739422285
2013-04-17,-4.75406251208175
2013-04-18,-1.86093897871289
2013-04-19,0.327719910970359
2013-04-22,2.96390948596517
2013-04-23,0.536760495022026
2013-04-24,-0.775265974453943
2013-04-25,2.73057484706571
2013-04-26,-1.6311310796199
2013-04-29,-0.324177792991875
2013-04-30,1.98112309639233
2013-05-02,2.0944065412797
2013-05-06,3.1187731329763
2013-05-07,-1.46432363126672
2013-05-08,0.512482523527957
2013-05-09,2.04829879297068
2013-05-10,1.06059165465049
2013-05-13,-0.705809795656931
2013-05-14,-0.718933586506587
2013-05-15,-0.365482640337644
2013-05-16,1.79022602250116
2013-05-17,-0.352282189786468
2013-05-20,-0.498513535416478
2013-05-21,-3.82023699996781
2013-05-22,2.36687646108056
2013-05-23,1.74312249307751
2013-05-24,0.93596939431615
2013-05-27,-0.43089757064072
2013-05-28,-0.649847848319673
2013-05-29,1.80271293271437
2013-05-31,4.53587235581043
2013-06-03,-3.16195476748007
2013-06-04,1.0548457384405
2013-06-05,3.3832110178186
2013-06-06,-2.63759858549824
2013-06-07,-2.85078919364143
2013-06-10,-0.973917987470729
2013-06-11,2.24233461746746
2013-06-12,0.836760131324343
2013-06-13,-0.347799554520956
2013-06-14,-0.349013422878786
2013-06-17,-1.11724276317551
2013-06-18,0.0706852572136984
2013-06-19,0.493402731794879
2013-06-20,-1.33702345631717
2013-06-21,-1.6444850516014
2013-06-24,-2.62593576462562
2013-06-25,-3.79787149623256
2013-06-26,1.26227688799783
2013-06-27,-0.842594031407184
2013-06-28,1.13879024507919
2013-07-01,2.5446665661164
2013-07-02,0.877594314009622
2013-07-03,2.08492400634128
2013-07-04,-3.50770387689252
2013-07-05,-0.0828637767003482
2013-07-08,-2.29760232732565
2013-07-09,-0.390957492704613
2013-07-10,2.60562732232628
2013-07-11,0.768630586917673
2013-07-12,2.23081790299493
2013-07-15,-0.0644329919198938
2013-07-16,1.0180040622267
2013-07-17,1.52747222114455
2013-07-18,1.43483434761822
2013-07-19,1.47558779405395
2013-07-22,-2.26844076197383
2013-07-23,0.854772474542198
2013-07-24,0.717014752207179
2013-07-25,-1.20567192003738
2013-07-26,-1.81245399215499
2013-07-29,2.16173831512481
2013-07-30,-1.64841043570059
2013-07-31,-2.40764180739048
2013-08-01,2.40764180739048
2013-08-02,3.62016482866285
2013-08-05,-0.556128352146201
2013-08-06,0.487731495735089
2013-08-07,0.349093471316575
2013-08-08,-0.144043086199641
2013-08-09,1.86401488687093
2013-08-12,-0.694940215054496
2013-08-13,-0.541354705555408
2013-08-14,6.16175296994261
2013-08-16,-1.57179773751221
2013-08-19,2.29224159386954
2013-08-20,-2.6890818274949
2013-08-21,-0.601865418589265
2013-08-22,0.341260087949768
2013-08-23,-1.6738321571423
2013-08-26,-2.05532590639756
2013-08-27,-2.23685528397444
2013-08-28,-2.7061346425922
2013-08-29,-0.292918706847356
2013-08-30,4.54888014872692
2013-09-02,-1.89666132169912
2013-09-03,-2.35930012018044
2013-09-04,1.43627630887946
2013-09-05,-2.74920545305877
2013-09-06,0.797770485554272
2013-09-09,1.23979951070172
2013-09-10,3.31897408198216
2013-09-11,-0.487063367754992
2013-09-12,1.11521089044211
2013-09-13,-0.9018287030917
2013-09-16,-2.19349233850679
2013-09-17,1.98011015115638
2013-09-18,-2.04238150056493
2013-09-19,1.34572796534047
2013-09-20,0.345105599614204
2013-09-23,0.770261196280497
2013-09-24,-0.0683968564111126
2013-09-25,1.03612195600364
2013-09-26,0
2013-09-27,1.17432816671186
2013-09-30,-3.61142997477781
2013-10-01,0.423126376567362
2013-10-02,0.764763592732098
2013-10-03,-0.343420034544106
2013-10-04,-1.77391663810855
2013-10-07,0.077784695894545
2013-10-08,-1.29912611273078
2013-10-09,2.15078812018943
2013-10-10,1.40097985206231
2013-10-11,0
2013-10-14,0.349093471316575
2013-10-15,-1.25787822068602
2013-10-16,1.46221476584452
2013-10-17,0.482691939528568
2013-10-18,1.50839180094544
2013-10-21,3.20890946828043
2013-10-22,0
2013-10-23,-2.66197536282831
2013-10-24,2.26644789741859
2013-10-25,-1.79582418886515
2013-10-28,1.20320844858886
2013-10-29,0.657445564264858
2013-10-30,-0.0648298239885658
2013-10-31,-4.32177380381615
2013-11-04,0.697284924532715
2013-11-05,-0.28432492031083
2013-11-06,1.64236590217568
2013-11-07,-0.546934105452124
2013-11-08,-1.57612973301284
2013-11-12,-0.278961239448883
2013-11-13,1.52102733822814
2013-11-14,0.1263330157248
2013-11-15,-0.334759472002677
2013-11-18,5.51569089356732
2013-11-19,-0.977898949316547
2013-11-20,1.55447205552419
2013-11-21,0.259076572457628
2013-11-22,0.953481838181602
2013-11-25,-1.27567865679987
2013-11-26,2.85625031849395
2013-11-27,0.435404456818311
2013-11-28,0.183119180337332
2013-11-29,-0.251026286029887
2013-12-02,-0.244848112529228
2013-12-03,0
2013-12-04,-2.01540680023515
2013-12-05,1.89275756163862
2013-12-06,-1.26245244458989
2013-12-09,0
2013-12-10,-2.05085312935429
2013-12-11,-1.94996215473222
2013-12-12,-3.0055511998949
2013-12-13,-0.207576618384442
2013-12-16,-0.677615311053792
2013-12-17,-0.697284924532715
2013-12-18,-0.687028484687069
2013-12-19,-1.75007332337889
2013-12-20,-2.50588811850068
2013-12-23,0
2013-12-27,-1.46522767868706
2013-12-30,0
2014-01-02,5.23516143234133
2014-01-03,1.17305617291237
2014-01-07,-3.9362172259044
2014-01-08,-0.502119366593456
2014-01-09,0.572528131481409
2014-01-10,-1.95852426206304
2014-01-13,4.99326115219278
2014-01-14,-13.6081597751638
2014-01-15,5.19971495441065
2014-01-16,0.608804842149313
2014-01-17,-0.452136082006582
2014-01-20,-0.156668760142731
2014-01-21,0.608804842149313
2014-01-22,-0.164176690956586
2014-01-23,-1.81559391388806
2014-01-24,-1.77249745129
2014-01-27,-2.45691423965582
2014-01-28,1.27478637400147
2014-01-29,0.704107322461933
2014-01-30,1.00460575864565
2014-01-31,-2.73942680953714
2014-02-03,0.789146878148639
2014-02-04,-0.146950797936007
2014-02-05,0.861331767811491
2014-02-06,2.71578807354156
2014-02-07,1.29365764664628
2014-02-10,0
2014-02-11,0.975697487401073
2014-02-12,4.24134168307959
2014-02-13,2.54800690039776
2014-02-14,2.01508648515141
2014-02-17,1.96062951895355
2014-02-18,0.671780547557876
2014-02-19,-0.0728014010022537
2014-02-20,-0.328263780930849
2014-02-21,0.0657390184735096
2014-02-24,0.393529148005545
2014-02-25,-0.803275825035854
2014-02-26,-2.29912233228569
2014-02-27,-2.72260162633451
2014-02-28,2.43710180806596
2014-03-03,-3.07904685645224
2014-03-04,1.69260849618946
2014-03-05,2.21066002015231
2014-03-06,-0.824221659889535
2014-03-07,1.37490023558651
2014-03-10,0.333395381975699
2014-03-11,0.472255895417373
2014-03-12,-0.954184539012237
2014-03-13,0
2014-03-14,-1.3618887534804
2014-03-17,2.85935338948322
2014-03-18,-1.75792989953618
2014-03-19,1.08942419596358
2014-03-20,0
2014-03-21,1.20156768364432
2014-03-24,-0.131176232189789
2014-03-25,0.936316040195484
2014-03-26,0.984875506931981
2014-03-27,0.783814758214829
2014-03-28,1.7449257192991
2014-03-31,2.27564640004876
2014-04-01,0
2014-04-02,-0.636095301652784
2014-04-03,0.567891779707308
2014-04-04,0.0682035219454757
2014-04-07,-1.26245244458989
2014-04-08,-0.957409838539114
2014-04-09,-0.118578467491748
2014-04-10,-3.45082163387391
2014-04-11,-0.805139808005695
2014-04-14,0.131004385548206
2014-04-15,-1.00143375564374
2014-04-16,-0.611622701743597
2014-04-17,1.55485347284139
2014-04-22,0.732338407003441
2014-04-23,-0.0722700038682245
2014-04-24,-2.21492187597661
2014-04-25,-0.950619858313217
2014-04-28,2.17014716769501
2014-04-29,0.0583984249022507
2014-04-30,2.18710222692624
2014-05-02,0.853126175340435
2014-05-05,-1.44031010375381
2014-05-06,-1.79714981721375
2014-05-07,-0.800209827388354
2014-05-08,1.93443748778179
2014-05-09,1.84096026901504
2014-05-12,0.848121558479864
2014-05-13,2.85832847793626
2014-05-14,2.4190368751281
2014-05-15,-0.254010831763418
2014-05-16,0
2014-05-19,-0.610924662023926
2014-05-20,1.2912901466978
2014-05-21,-1.7231979580778
2014-05-22,0.431907811380006
2014-05-23,1.16490572171983
2014-05-26,-0.862333630066114
2014-05-27,0
2014-05-28,0.308352570370207
2014-05-29,2.72017828078144
2014-05-30,-4.57108224121439
2014-06-02,0.435404456818311
2014-06-03,-0.435404456818311
2014-06-04,0.618523637155644
2014-06-05,0
2014-06-06,0.924027752907097
2014-06-09,0
2014-06-10,0.127478295635752
2014-06-11,-0.0603641991568704
2014-06-12,-0.991141849385979
2014-06-13,-0.686727159101119
2014-06-16,0.937124880700946
2014-06-17,-0.311400197480749
2014-06-18,1.72748372461715
2014-06-20,0.119880134236983
2014-06-23,-1.96948056331054
2014-06-24,0.918987479841249
2014-06-25,-0.796870775384839
2014-06-26,-0.557521161274721
2014-06-27,-0.636095301652784
2014-06-30,-0.626357142937106
2014-07-01,-1.20868378941217
2014-07-02,-4.32739229605339
2014-07-03,1.66453401673907
2014-07-04,-0.129273215360026
2014-07-07,1.75243122630673
2014-07-08,1.86790558003711
2014-07-09,0.0623592606384893
2014-07-10,-2.31232275553124
2014-07-11,0.783763941492621
2014-07-14,1.08426790618035
2014-07-15,-0.768267502780962
2014-07-16,0.189122040049083
2014-07-17,-1.800578212793
2014-07-18,-1.45694614328566
2014-07-21,3.05437903736405
2014-07-22,2.37669250387604
2014-07-23,0.587152639239541
2014-07-24,0.448278954864367
2014-07-25,0.709055204200304
2014-07-28,0.637222533843484
2014-07-29,-2.4502071771439
2014-07-30,-1.77668770792976
2014-07-31,0.729701976485941
2014-08-01,-0.59726547436294
2014-08-04,0.326854493155215
2014-08-05,-0.794650773007977
2014-08-06,-2.4297281688014
2014-08-07,-1.64838897216892
2014-08-08,0.755268659207253
2014-08-11,3.1967980449052
2014-08-12,-0.674965650443848
2014-08-13,2.25998319172409
2014-08-14,0.330510526026817
2014-08-18,1.75126277325846
2014-08-19,-0.446822217910192
2014-08-20,2.10152418254181
2014-08-21,2.44154675712513
2014-08-22,-1.18051264975514
2014-08-25,-0.183871866881624
2014-08-26,0.183871866881624
2014-08-27,-1.5737943024285
2014-08-28,-4.547322395551
2014-08-29,-0.33535977772976
2014-09-01,0.794650773007977
2014-09-02,3.70740925867645
2014-09-03,-1.54393762992702
2014-09-04,3.49835407395185
2014-09-05,0
2014-09-08,0.249000849444858
2014-09-09,-0.314630568936503
2014-09-10,0.999453072499579
2014-09-11,-0.933823353007934
2014-09-12,-1.19461540142143
2014-09-15,-0.0664187059485677
2014-09-16,0.635805837466252
2014-09-17,1.99359522591465
2014-09-18,0.122885893289704
2014-09-19,0.791892115047643
2014-09-22,-0.424137902069921
2014-09-23,-2.98724784291697
2014-09-24,2.06206413364658
2014-09-25,0.860763169775236
2014-09-26,0.680755310262038
2014-09-29,-0.61633477076688
2014-09-30,-0.613677194801454
2014-10-01,-0.937445834021799
2014-10-02,-0.682551708076451
2014-10-03,1.9240769663869
2014-10-06,0.309597770512804
2014-10-07,-0.122434528939319
2014-10-08,-2.99760664070901
2014-10-09,-1.27041023937933
2014-10-10,-0.770065950762877
2014-10-13,-0.714556104435271
2014-10-14,3.39083813204373
2014-10-15,0
2014-10-16,-2.54752519079147
2014-10-17,-1.69379817743245
2014-10-20,0.590620493074123
2014-10-21,4.27593114505354
2014-10-22,-0.308834887516918
2014-10-23,0.747446438118748
2014-10-24,-0.314033624120658
2014-10-27,0.314033624120658
2014-10-28,-1.12988129695157
2014-10-29,0.999153779804818
2014-10-30,-0.307884033455075
2014-10-31,0
2014-11-03,1.24532986747687
2014-11-04,-1.87055813738062
2014-11-05,1.68247234077743
2014-11-06,0.43400877842692
2014-11-07,0.303333673482564
2014-11-10,0.064420539495158
2014-11-12,1.09521701914717
2014-11-13,0.723537048299905
2014-11-14,2.62138207875284
2014-11-17,-0.234365470541542
2014-11-18,1.2273857673319
2014-11-19,2.23766159190539
2014-11-20,0
2014-11-21,2.25285225200649
2014-11-24,0.604653004986622
2014-11-25,-1.4479468289053
2014-11-26,0.67403472960974
2014-11-27,-0.503631891420087
2014-11-28,0.111486002452343
2014-12-01,0
2014-12-02,-0.842147434667151
2014-12-03,-1.47153470035746
2014-12-04,-2.84281249294249
2014-12-05,-1.06773625975496
2014-12-08,0.479408196467412
2014-12-09,-1.43887374520997
2014-12-10,-0.0504222877189875
2014-12-11,-0.359996599354684
2014-12-12,0.536363488104374
2014-12-15,0
2014-12-16,-2.00229158751077
2014-12-17,-1.91222809351426
2014-12-18,0.86665254262086
2014-12-19,-2.05165653437041
2014-12-22,-0.325030965065309
2014-12-23,-2.62535272140982
2014-12-29,-1.56736555707013
2014-12-30,0.325113557214429
2015-01-02,4.75397115401415
2015-01-05,0.190795807739752
2015-01-07,0.929022056344175
2015-01-08,1.96672683457457
2015-01-09,1.57114413388055
2015-01-12,-2.85642627026448
2015-01-13,2.2511662420722
2015-01-14,2.3870166082113
2015-01-15,-2.3870166082113
2015-01-16,-0.602583409719637
2015-01-19,-1.82984785252889
2015-01-20,-0.370022169075801
2015-01-21,1.77908521202297
2015-01-22,0.42078480958172
2015-01-23,2.75468398507099
2015-01-26,2.90352815137047
2015-01-27,-3.56175208773175
2015-01-28,-1.54448072634996
2015-01-29,-1.34401207801726
2015-01-30,0.428732059688874
2015-02-02,-0.666284737931244
2015-02-03,2.2374288718118
2015-02-04,-1.20784343791192
2015-02-05,2.09646004870971
2015-02-06,0.304811905933677
2015-02-09,-1.19342851673148
2015-02-10,0.714020320264064
2015-02-11,-0.181153811604506
2015-02-12,-0.231604748140768
2015-02-13,-1.5091051984307
2015-02-16,-1.39665285187824
2015-02-17,-0.433195000650644
2015-02-18,0.858097461850216
2015-02-19,-1.91334435661519
2015-02-20,1.05524689476497
2015-02-23,-0.872060713345268
2015-02-24,1.48573790814672
2015-02-25,-0.801762991404642
2015-02-26,0.737342451909484
2015-02-27,-0.490957058513342
2015-03-02,1.77154825573593
2015-03-03,0
2015-03-04,0.24146926646762
2015-03-05,-1.21321965714629
2015-03-06,0.608449694710034
2015-03-09,0.547632545397558
2015-03-10,-1.03409577189719
2015-03-11,-1.10976040547177
2015-03-12,-2.31026879348715
2015-03-13,-0.0664187059485677
2015-03-16,-2.30528707312003
2015-03-17,1.16264659659207
2015-03-18,1.27543380325932
2015-03-19,2.98724784291697
2015-03-20,1.81875406744707
2015-03-23,0.0632191195666376
2015-03-24,1.43065751942344
2015-03-25,-0.174596290533735
2015-03-26,0.124742734319572
2015-03-27,-0.958263682031424
2015-03-30,0.295346932887197
2015-03-31,-1.25652797647051
2015-04-01,-1.15674720078069
2015-04-02,-0.988348215232193
2015-04-07,-0.181936372472613
2015-04-08,0.493059257609829
2015-04-09,0.548583130582925
2015-04-10,1.39969689987955
2015-04-13,-2.13613433671824
2015-04-14,0.980716293203976
2015-04-15,0.913948777046647
2015-04-16,0
2015-04-17,-1.77154825573593
2015-04-20,1.35076344615421
2015-04-21,0.66225407604934
2015-04-22,-0.298744859085698
2015-04-23,-0.914474798060594
2015-04-24,-0.244420267048762
2015-04-27,0.186585223827551
2015-04-28,0.908631795319614
2015-04-29,-0.728810283888004
2015-04-30,-0.366406735259162
2015-05-04,1.09521701914717
2015-05-05,-0.178514551710185
2015-05-06,-0.916702467436981
2015-05-07,1.94515236525881
2015-05-08,1.25527286874032
2015-05-11,-0.776411138359778
2015-05-12,0.888616610797799
2015-05-13,0
2015-05-14,1.18293269291385
2015-05-15,-2.25400240412292
2015-05-18,1.3137505185302
2015-05-19,1.29057952332041
2015-05-20,-0.701886885928804
2015-05-21,-0.943578917150756
2015-05-22,-1.02185636683827
2015-05-25,-1.56223409639398
2015-05-26,-1.54151848003727
2015-05-27,4.65436511283146
2015-05-28,-1.36804457357478
2015-05-29,0.301450959926308
2015-06-01,0.29429281438631
2015-06-02,-1.0117282390401
2015-06-03,-0.728981707531373
2015-06-05,-1.89466507025062
2015-06-08,-0.181712036501347
2015-06-09,0.492452236046814
2015-06-10,2.49590079241959
2015-06-11,0.295867516197479
2015-06-12,-2.12179221495856
2015-06-15,1.40263695805318
2015-06-16,-2.87734190610909
2015-06-17,-1.06119166952459
2015-06-18,0.374667674621376
2015-06-19,-1.44724151636391
2015-06-22,2.56289490842962
2015-06-23,-1.11565339206572
2015-06-24,-0.249622411692352
2015-06-25,-0.752627834724473
2015-06-26,0.0662471041121382
2015-06-29,-0.444695917518168
2015-06-30,1.07186417230594
2015-07-01,-0.574202151854619
2015-07-02,-1.8437396026711
2015-07-03,-1.74792765869434
2015-07-06,-0.391847337390683
2015-07-07,-0.725868176168332
2015-07-08,-3.22210537764382
2015-07-09,0.343347976789188
2015-07-10,3.41157532401715
2015-07-13,0.32383671115972
2015-07-14,-0.32383671115972
2015-07-15,-1.25700464079932
2015-07-16,1.31909716064591
2015-07-17,1.04289109881193
2015-07-20,-2.03406192338154
2015-07-21,-1.24059765299398
2015-07-22,0.344985733078795
2015-07-23,0.280741341043633
2015-07-24,0
2015-07-27,0.272966048755174
2015-07-28,-2.78534004827473
2015-07-29,-1.49888762522052
2015-07-30,0.929496198964497
2015-07-31,4.65331574482004
2015-08-03,-0.887046703447991
2015-08-04,4.61149369554801
2015-08-05,-0.787458189889412
2015-08-06,-1.12515925095571
2015-08-07,-2.42776976631469
2015-08-10,2.75922067347047
2015-08-11,-1.26403314000725
2015-08-12,0.0683667217440398
2015-08-13,0
2015-08-14,-0.472684558812109
2015-08-17,-2.39049670862062
2015-08-18,1.64612770540722
2015-08-19,-0.819676720417872
2015-08-20,-1.10816115087098
2015-08-21,-1.18478914201803
2015-08-24,-9.25805372746007
2015-08-25,3.85489990673626
2015-08-26,-0.824481808231781
2015-08-27,0.89225544688154
2015-08-28,6.38607847510735
2015-08-31,-1.4010114305516
2015-09-01,-1.85043227108133
2015-09-02,-2.1756822645262
2015-09-03,1.0974453908267
2015-09-04,-3.84894171935368
2015-09-07,1.05207953723951
2015-09-08,4.30461232850647
2015-09-09,-0.429513272692805
2015-09-10,3.73052028369645
2015-09-11,-2.65656757712671
2015-09-14,1.19813464698342
2015-09-15,-2.1991585288506
2015-09-16,-1.5131771018448
2015-09-17,1.86976154983505
2015-09-18,-2.16625572597415
2015-09-21,-0.215509316865692
2015-09-22,-4.94859872128761
2015-09-23,-2.80614481070702
2015-09-24,-0.47544309713774
2015-09-25,4.65567310719024
2015-09-28,-1.4522835142468
2015-09-29,0.841323027508301
2015-09-30,3.00309100535325
2015-10-01,-0.369546783543573
2015-10-02,-2.47851744864831
2015-10-05,-0.996349800669671
2015-10-06,-0.61992586811046
2015-10-07,1.3836452909171
2015-10-08,0.0776036047016593
2015-10-09,1.06482487598267
2015-10-12,0.977629416290693
2015-10-13,3.01703461285481
2015-10-14,-2.12417153842468
2015-10-15,0.0677736386497596
2015-10-16,0.443159924578351
2015-10-19,1.02893839486433
2015-10-20,-1.09641225130588
2015-10-21,-1.11615035047605
2015-10-22,1.04112596403256
2015-10-23,-4.06687739965355
2015-10-26,0.763124712606977
2015-10-27,0.834303796491431
2015-10-28,0.15373974893782
2015-10-29,-3.61315499084331
2015-10-30,0.468757065391001
2015-11-02,3.06755759586852
2015-11-03,0.153621660137215
2015-11-04,-1.90614790349097
2015-11-05,-1.86345700083219
2015-11-06,-1.81764695350317
2015-11-09,-2.99882427050879
2015-11-10,2.8363678949205
2015-11-12,0.720913575440285
2015-11-13,-3.39015516756813
2015-11-16,0.980400009662086
2015-11-17,3.74861349448365
2015-11-18,-2.70406725341035
2015-11-19,1.67948452906508
2015-11-20,-1.11651645305306
2015-11-23,-2.26281922110649
2015-11-24,-4.51972588807172
2015-11-25,0.425735905215952
2015-11-26,1.01786439039673
2015-11-27,0.419646913963279
2015-11-30,-3.23967712854571
2015-12-01,-0.265181804829373
2015-12-02,-3.27485184302629
2015-12-03,0.0914160407387232
2015-12-04,1.95445960729703
2015-12-07,-1.77187785126254
2015-12-08,-1.1743254217691
2015-12-09,-2.29637646095333
2015-12-10,5.24257973398496
2015-12-11,-3.58500561195849
2015-12-14,-2.77808722259811
2015-12-15,0.751561355235619
2015-12-16,-0.751561355235619
2015-12-17,4.8553677989128
2015-12-18,4.03816173901839
2015-12-21,-2.53043670337458
2015-12-22,0.179051077378833
2015-12-23,0.792912524325917
2015-12-28,-0.792912524325917
2015-12-29,0.437324986344834
2015-12-30,-1.05641089885298
2016-01-04,-4.34091140676429
2016-01-05,-0.178747872043594
2016-01-07,-3.78055191559854
2016-01-08,-1.64657405056063
2016-01-11,-2.87419573042382
2016-01-12,0.60182769500563
2016-01-13,5.73109497497399
2016-01-14,0
2016-01-15,1.03182342783916
2016-01-18,-3.80693944243302
2016-01-19,-0.48498140290798
2016-01-20,4.01590106318865
2016-01-21,1.29730525468172
2016-01-22,3.10310638890949
2016-01-25,2.21890586435292
2016-01-26,-0.447028013090378
2016-01-27,-0.0806776969940248
2016-01-28,0.438459831782412
2016-01-29,2.85180389212334
2016-02-01,-1.89213773909382
2016-02-02,-2.64340466485371
2016-02-03,-1.80498738821986
2016-02-04,1.80498738821986
2016-02-05,0
2016-02-08,-2.25904923492268
2016-02-09,-1.46889482076884
2016-02-10,3.72794405569152
2016-02-11,0.534300569250679
2016-02-12,1.84345265096768
2016-02-15,0.52177876504711
2016-02-16,-2.01361044335897
2016-02-17,0.797816969917697
2016-02-18,-4.76345821116406
2016-02-19,0.63474496696081
2016-02-22,1.63355577524422
2016-02-23,-0.993568431085023
2016-02-24,1.53221035056008
2016-02-25,1.15869857956628
2016-02-26,-0.622942474001897
2016-02-29,-1.52396068871048
2016-03-01,-2.56125758567265
2016-03-02,-0.368603035368409
2016-03-03,5.60636423167717
2016-03-04,0.704762272957993
2016-03-07,-2.56620573701496
2016-03-08,-1.35906591399313
2016-03-09,0.635917538590247
2016-03-10,0.896292811969834
2016-03-11,-0.804465440962598
2016-03-14,1.52118431759032
2016-03-15,0.180635887267178
2016-03-16,0.0901957308373724
2016-03-17,5.84798147169492
2016-03-18,2.15351525512979
2016-03-21,-0.659627490887749
2016-03-22,0.40964819230922
2016-03-23,-2.23571972949501
2016-03-24,-1.0118419375635
2016-03-29,0.421415373177991
2016-03-30,0.675707142639492
2016-03-31,-0.0852805782539878
2016-04-01,-0.762218394987979
2016-04-04,0.343289042932104
2016-04-05,-2.73585173109754
2016-04-06,-0.777870093929689
2016-04-07,-1.50203986197019
2016-04-08,0
2016-04-11,-0.171302390535244
2016-04-12,-0.806346384843115
2016-04-13,2.55952187882635
2016-04-14,0.088628916552258
2016-04-15,-0.961374682355975
2016-04-18,0.437324986344834
2016-04-19,0.877781936096245
2016-04-20,0.431623660621572
2016-04-21,-1.13145377468906
2016-04-22,0.52312040206548
2016-04-25,-0.265651444635351
2016-04-26,1.55723905204685
2016-04-27,0.435540758187036
2016-04-28,-0.34828071774613
2016-04-29,1.19647690555404
2016-05-02,0.507200743455583
2016-05-04,-1.27720065463466
2016-05-05,-2.07097608686273
2016-05-06,-1.05179684318255
2016-05-09,-1.06297730913121
2016-05-10,-1.61595701534596
2016-05-11,-1.82042734990691
2016-05-12,0
2016-05-13,0
2016-05-16,1.6454008209545
2016-05-17,-1.18717773462107
2016-05-18,-1.85513112465077
2016-05-19,-4.97886664990217
2016-05-20,0
2016-05-23,2.90446210152933
2016-05-24,-0.476631416410811
2016-05-25,2.08421284292846
2016-05-27,-6.29609528095796
2016-05-30,2.27236803541819
2016-05-31,-2.06917788118637
2016-06-01,-7.46015008469705
2016-06-02,1.28211063383699
2016-06-03,2.9288237044296
2016-06-06,0.408057066344947
2016-06-07,7.03493698428161
2016-06-08,4.03430477267599
2016-06-09,-2.32634604506923
2016-06-10,-1.89304474800518
2016-06-13,-0.292940352050675
2016-06-14,-1.25961122210834
2016-06-15,0.779288777307041
2016-06-16,-1.85456795493324
2016-06-17,0.100050033358379
2016-06-20,4.14298097631391
2016-06-21,-1.04157562339697
2016-06-22,1.04157562339697
2016-06-23,1.87241130566078
2016-06-24,-6.11544231533308
2016-06-27,2.81291677218363
2016-06-28,-3.40525824610771
2016-06-29,-2.70466044983291
2016-06-30,0.711306540127055
2016-07-01,0
2016-07-04,-0.205655599475918
2016-07-05,-1.22205331939131
2016-07-06,1.42770891886723
2016-07-07,0.102669413536116
2016-07-08,-4.0202210569916
2016-07-11,4.91919534084113
2016-07-12,1.48390145253536
2016-07-13,0.987096104936791
2016-07-14,3.63392962856253
2016-07-15,3.42331716422422
2016-07-18,0
2016-07-19,-0.454061846702825
2016-07-20,-0.45613297609215
2016-07-21,-0.83384565212139
2016-07-22,-0.462068812129113
2016-07-25,2.48309219887157
2016-07-26,0.175026528952404
2016-07-27,0.815807265313628
2016-07-28,-0.540071796494646
2016-07-29,-1.08897347818884
2016-08-01,-1.38281190632501
2016-08-02,0.55355022428456
2016-08-03,-0.0842420604882044
2016-08-04,2.35980042833992
2016-08-05,1.51579938777031
2016-08-08,-2.32388459316413
2016-08-09,-1.18717773462107
2016-08-10,-0.918555525886555
2016-08-11,0.731779229526541
2016-08-12,0.186776296360014
2016-08-16,-1.20144114593432
2016-08-17,-2.44707297483222
2016-08-18,-0.57256694826946
2016-08-19,-2.41331584084543
2016-08-22,1.93528946839634
2016-08-23,-1.0617480788063
2016-08-24,-0.197863143302035
2016-08-25,-1.36599162736952
2016-08-26,-1.8951669315066
2016-08-29,-0.502590934345282
2016-08-30,-3.29056821479625
2016-08-31,2.98160813380677
2016-09-01,-2.35658623617625
2016-09-02,1.34061233026377
2016-09-05,3.91325406878824
2016-09-06,0.987096104936791
2016-09-07,-1.27810027397155
2016-09-08,-1.59030953528996
2016-09-09,-1.52266316333454
2016-09-12,-3.20978927960396
2016-09-13,0.942945866197231
2016-09-14,-1.0479113871666
2016-09-15,1.56830518298574
2016-09-16,-0.938028553204928
2016-09-19,0.522566005255332
2016-09-20,0
2016-09-21,-0.418259633110285
2016-09-22,-7.04087217924023
2016-09-23,-1.01527208710652
2016-09-26,-0.796457216005875
2016-09-27,0.113837016289242
2016-09-28,1.13474266309876
2016-09-29,1.56821745095335
2016-09-30,-5.59806031758376
2016-10-03,-0.70757274965505
2016-10-04,4.39822761682871
2016-10-05,1.12694024523448
2016-10-06,-4.11499379878295
2016-10-07,-1.76584680971801
2016-10-10,2.69425110640733
2016-10-11,0.11632758686555
2016-10-12,2.73373986347325
2016-10-13,0.559485048099884
2016-10-14,-0.447565618398382
2016-10-17,-0.225108221233672
2016-10-18,-0.338041402490719
2016-10-19,9.57066284642001
2016-10-20,-0.302951393889295
2016-10-21,-0.82996746850621
2016-10-24,4.65823524503168
2016-10-25,-0.10074552534558
2016-10-26,1.58003287049753
2016-10-27,-0.487344939889667
2016-10-28,0.189252509297733
2016-10-31,-1.77706599037895
2016-11-02,-2.51308163672022
2016-11-03,4.48897461376481
2016-11-04,0.0992654439262886
2016-11-07,0.770907158462331
2016-11-08,0.491063646399725
2016-11-09,1.23656704436317
2016-11-10,-0.475290676007267
2016-11-14,-3.40189038749124
2016-11-15,-5.59260155697023
2016-11-16,-3.51190548730438
2016-11-17,-1.96948751933395
2016-11-18,0.330953390879785
2016-11-21,3.03683696150663
2016-11-22,2.94732483531179
2016-11-23,2.66488133532583
2016-11-24,-2.56154830912338
2016-11-25,-0.727706714465715
2016-11-28,-2.85895269177492
2016-11-29,2.01998671802182
2016-11-30,-2.12709523573738
2016-12-01,1.06920317892736
2016-12-02,0.952926535840648
2016-12-05,1.15284263503614
2016-12-06,-0.522566005255332
2016-12-07,-0.210006846436261
2016-12-08,0.210006846436261
2016-12-09,0.626329011409998
2016-12-12,-1.89087996713462
2016-12-13,1.16013567177498
2016-12-14,1.76773213772248
2016-12-15,-1.66331685377283
2016-12-16,1.34862027600637
2016-12-19,1.23213420537058
2016-12-20,2.12544578944494
2016-12-21,-0.908308535921343
2016-12-22,0.806661851015855
2016-12-23,-0.397412251789353
2016-12-27,-0.102155489525435
2016-12-28,-2.75636556859524
2016-12-29,-0.826054270751042
2016-12-30,-1.04787711406678
2017-01-02,1.04787711406678
2017-01-03,0.103763006154667
2017-01-04,0.415032567997375
2017-01-05,-0.415032567997375
2017-01-09,0
2017-01-10,-0.103763006154667
2017-01-11,0.931063206159077
2017-01-12,-1.34932283926936
2017-01-13,0.209348492796613
2017-01-16,-0.104088123172419
2017-01-17,0.104088123172419
2017-01-18,0.103979892444128
2017-01-19,0.208694254024211
2017-01-20,0.519311708454184
2017-01-23,-1.88099316400043
2017-01-24,0.210041335324807
2017-01-25,3.20978927960396
2017-01-26,7.8430537839052
2017-01-27,-2.28803001037439
2017-01-30,-1.65129574082443
2017-01-31,-0.69031338108152
2017-02-01,2.82099173539816
2017-02-02,-0.1953888859203
2017-02-03,1.3404766042056
2017-02-06,-1.82079904900689
2017-02-07,-1.45496702359504
2017-02-08,-1.98365261758249
2017-02-09,2.95597896038013
2017-02-10,2.87110373553645
2017-02-13,3.15418026926833
2017-02-14,0
2017-02-15,-1.28176896360754
2017-02-16,2.28075978946003
2017-02-17,-1.82042734990691
2017-02-20,-1.39690803831733
2017-02-21,0
2017-02-22,1.66835482829075
2017-02-23,0.642909272452163
2017-02-24,-2.12134855605277
2017-02-27,0.094822688690277
2017-02-28,-0.56075801553277
2017-03-01,2.03780636534789
2017-03-02,1.91468643438011
2017-03-03,6.5339849095281
2017-03-06,-1.95863787949175
2017-03-07,-1.30375349172804
2017-03-08,-0.604768830092173
2017-03-09,-1.23868382087551
2017-03-10,0.180472887821814
2017-03-13,0.261108508317331
2017-03-14,1.23325959842884
2017-03-15,-0.177793628486311
2017-03-16,2.85069516179695
2017-03-17,2.51902488285585
2017-03-20,1.14861879041044
2017-03-21,-2.90954217895742
2017-03-22,-1.26961156098591
2017-03-23,0.848196187807915
2017-03-24,0.678551025270924
2017-03-27,-0.678551025270924
2017-03-28,2.42658026099951
2017-03-29,-1.32945774518203
2017-03-30,-2.11930743825217
2017-03-31,-3.22066233043565
2017-04-03,0.707856546434371
2017-04-04,0.347609423508155
2017-04-05,0.61205672952136
2017-04-06,-1.48784427541644
2017-04-07,0.617424000688915
2017-04-10,0
2017-04-11,-1.95475304873418
2017-04-12,0.181768658607995
2017-04-13,0.443941838967943
2017-04-18,0
2017-04-19,0.531940126421881
2017-04-20,-0.0899604234833262
2017-04-21,0.44003483512931
2017-04-24,0
2017-04-25,2.957620126198
2017-04-26,-0.087032207408333
2017-04-27,1.19440575205094
2017-04-28,0.839621107947242
2017-05-02,-2.29557888355845
2017-05-04,1.61929329440849
2017-05-05,0.0858590247644564
2017-05-08,0.675707142639492
2017-05-09,0.586462094803597
2017-05-10,1.89714411457578
2017-05-11,-0.166444778772545
2017-05-12,-2.31716143060683
2017-05-15,0
2017-05-16,-2.80953777892359
2017-05-17,-3.68808261376206
2017-05-18,-2.34698545963492
2017-05-19,2.52875411824292
2017-05-22,3.07579007267025
2017-05-23,3.2400616614074
2017-05-24,0
2017-05-25,4.18205581031779
2017-05-26,-1.12633245647706
2017-05-29,-0.572117144461348
2017-05-30,-2.65424015573767
2017-05-31,-5.25929624581285
2017-06-01,3.04907073035872
2017-06-02,2.38085946181243
2017-06-05,0.586462094803597
2017-06-06,1.15432886412821
2017-06-07,1.95775643145581
2017-06-08,-0.642824036546896
2017-06-09,-0.248344498499531
2017-06-12,-0.165906301016028
2017-06-13,1.62230263620433
2017-06-14,0.318069019936873
2017-06-16,2.84173882119108
2017-06-19,3.36957528986659
2017-06-20,1.12617230397984
2017-06-21,-1.12617230397984
2017-06-22,-0.675678246287958
2017-06-23,-0.610488353294425
2017-06-26,0.154906699708324
2017-06-27,1.65787817472882
2017-06-28,0.296431638796824
2017-06-29,-1.19871639600793
2017-06-30,0.902284757211103
2017-07-03,0.296431638796824
2017-07-04,-1.57579945469868
2017-07-05,1.43149380553487
2017-07-06,-1.43149380553487
2017-07-07,2.17358414126365
2017-07-10,2.34866341057884
2017-07-11,1.00451774024668
2017-07-12,1.21387642049946
2017-07-13,3.41364891913103
2017-07-14,2.70611781402796
2017-07-17,1.07890459908182
2017-07-18,-0.740494800657787
2017-07-19,-0.338409798424033
2017-07-20,-0.203596948509865
2017-07-21,1.7508864788343
2017-07-24,-0.737021761700962
2017-07-25,0.536553936463191
2017-07-26,0
2017-07-27,-0.267917106004845
2017-07-28,0.401606965488988
2017-07-31,1.19523335238414
2017-08-01,0.657897109804217
2017-08-02,3.54304369795004
2017-08-03,-2.75923824824167
2017-08-04,2.75923824824167
2017-08-07,0.126502230658687
2017-08-08,0.50441468866782
2017-08-09,-1.26583968719238
2017-08-10,-5.56608471055537
2017-08-11,2.98529631496813
2017-08-14,-0.130804466001555
2017-08-16,2.07261305171169
2017-08-17,-1.09572478804218
2017-08-18,2.05266988965729
2017-08-21,0.19029501460861
2017-08-22,0.694666513089626
2017-08-23,-1.52190635624625
2017-08-24,1.5848192240024
2017-08-25,0
2017-08-28,0.564441761967682
2017-08-29,-0.690307102687315
2017-08-30,-1.77895415634985
2017-08-31,-2.26914112020706
2017-09-01,-1.12101404736107
2017-09-04,-0.465271693443947
2017-09-05,-1.40894648753012
2017-09-06,0.0675447509637994
2017-09-07,-2.59932554939279
2017-09-08,1.85381209989113
2017-09-11,0.339558900113834
2017-09-12,0
2017-09-13,1.74735628595415
2017-09-14,-0.400534580867484
2017-09-15,1.26289481726074
2017-09-18,-0.92900469070929
2017-09-19,-0.668898815079677
2017-09-20,-0.470905680157241
2017-09-21,-0.202497537977164
2017-09-22,0
2017-09-25,-0.406229400887881
2017-09-26,0.406229400887881
2017-09-27,0
2017-09-28,-0.338409798424033
2017-09-29,0.338409798424033
2017-10-02,-1.08696722369035
2017-10-03,-3.68737426684431
2017-10-04,-3.53444651433565
2017-10-05,1.24043910838445
2017-10-06,-1.16704460967694
2017-10-09,0.803804108576189
2017-10-10,-0.21857932199798
2017-10-11,5.60231558523054
2017-10-12,-0.0689893093937854
2017-10-13,-1.67018496179314
2017-10-16,-0.987314084993685
2017-10-17,-1.14042575973481
2017-10-18,0.214822853828966
2017-10-19,0.499465897409079
2017-10-20,-0.785999044737729
2017-10-23,-1.08187135271671
2017-10-24,0.434154082813709
2017-10-25,1.43371631464073
2017-10-26,-2.96157433644391
2017-10-27,1.96013535200357
2017-10-30,0.64493236799068
2017-10-31,-0.501254182354405
2017-11-02,-1.66489549576352
2017-11-03,-1.76735086174973
2017-11-06,-0.0743218168733684
2017-11-07,1.40275463674677
2017-11-08,-4.11580724935074
2017-11-09,0.0763650285297235
2017-11-10,-4.68835858988501
2017-11-13,-3.99890082163634
2017-11-14,-2.01857148197067
2017-11-15,-1.19659547416124
2017-11-16,-0.690252956277027
2017-11-17,1.63163774321475
2017-11-20,1.35365857175334
2017-11-21,3.14335226015126
2017-11-22,-0.244598572826016
2017-11-23,0.813012608325003
2017-11-24,0.242620418246409
2017-11-27,-1.13729901722701
2017-11-28,-0.573537008474423
2017-11-29,-0.24681213680835
2017-11-30,-2.08080749286621
2017-12-01,-2.90122737348875
2017-12-04,1.63163774321475
2017-12-05,2.27378216919418
2017-12-06,2.71063823853495
2017-12-07,5.21033389842951
2017-12-08,-1.08276386520636
2017-12-11,-1.64645036359437
2017-12-12,2.95971759632243
2017-12-13,-4.15257468284982
2017-12-14,-6.95644633859094
2017-12-15,0
2017-12-18,1.1935350549273
2017-12-19,-2.74931405801988
2017-12-20,-1.58036651731255
2017-12-21,0.793305174079606
2017-12-22,1.30834836208624
2017-12-27,0
2017-12-28,-0.347222571074912
2017-12-29,0
2018-01-03,1.98026272961798
2018-01-04,3.84662808277962
2018-01-05,1.06080146121936
2018-01-08,2.24728558520582
2018-01-09,-2.24728558520582
2018-01-10,-2.215929816871
2018-01-11,1.23712918025469
2018-01-12,-2.07046733616911
2018-01-15,-0.840341079637952
2018-01-16,0.252844635335858
2018-01-17,0.33613477027048
2018-01-18,-0.757898364690801
2018-01-19,-1.79109265665303
2018-01-22,2.80035269537544
2018-01-23,-2.02881007678939
2018-01-24,-2.24534476093772
2018-01-25,0.174520114103061
2018-01-26,-1.40476410132502
2018-01-29,1.14286958236227
2018-01-30,-2.65737514525139
2018-01-31,-1.35564660836081
2018-02-01,0.725297830501592
2018-02-02,0.360685693099283
2018-02-05,0
2018-02-06,-3.76018621836782
2018-02-07,-0.0935016430906543
2018-02-08,-3.03917027955181
2018-02-09,0.384986038544177
2018-02-12,-0.771459949533027
2018-02-13,0.386473910988849
2018-02-14,3.03917027955181
2018-02-15,0.373483160565335
2018-02-16,0.0931532438111393
2018-02-19,0.557104504945549
2018-02-20,-3.58190978049531
2018-02-21,-1.1583141089631
2018-02-22,0
2018-02-23,-1.46701897477937
2018-02-26,2.43321006595307
2018-02-27,-1.45281005629099
2018-02-28,-1.27640417250978
2018-03-01,5.19847548783789
2018-03-02,-2.85461819063615
2018-03-05,-1.55645165411116
2018-03-06,-1.98026272961793
2018-03-07,0.498754151103897
2018-03-08,-0.298953884836628
2018-03-09,2.17185239546431
2018-03-12,0
2018-03-13,-3.88301644273641
2018-03-14,-0.101574411983574
2018-03-15,0.101574411983574
2018-03-16,-0.815498912930623
2018-03-19,-0.616018375145799
2018-03-20,0.922610337329299
2018-03-21,2.12022076506027
2018-03-22,-4.5996866263819
2018-03-23,0.729549874672442
2018-03-26,-1.35914272035391
2018-03-27,-0.527705710084403
2018-03-28,-2.68112574506567
2018-03-29,0.217155351350806
2018-04-03,-1.09052334822626
2018-04-04,-1.32452267500205
2018-04-05,1.10498361865847
2018-04-06,5.14031784599647
2018-04-09,3.48753293140125
2018-04-10,2.58720898255951
2018-04-11,0.392157365318191
2018-04-12,1.16732843047247
2018-04-13,2.10534091978323
2018-04-16,0.378072283990605
2018-04-17,-1.52094186635288
2018-04-18,1.89759014590059
2018-04-19,0.0939408241935613
2018-04-20,-1.89579137446141
2018-04-23,-1.15496952792729
2018-04-24,-3.14676898044182
2018-04-25,-1.8145659168054
2018-04-26,2.90747297002443
2018-04-27,0.885396831725505
2018-04-30,2.13186368361065
2018-05-02,0.287218962409597
2018-05-04,-2.12568390254151
2018-05-07,-0.293398743478734
2018-05-08,-0.984259914419461
2018-05-09,3.02020032928412
2018-05-10,2.18328558302132
2018-05-11,1.95264223503551
2018-05-14,-2.42323133877678
2018-05-15,-1.90481949706944
2018-05-16,-0.192492840958458
2018-05-17,-0.773698250215249
