2005-02-07,2.01131176381907
2005-02-08,-0.333732813335352
2005-02-09,0.662448770281077
2005-02-10,0.331532959634173
2005-02-11,-0.331532959634173
2005-02-14,-0.997299090049741
2005-02-15,0.334850319768665
2005-02-16,-0.666866435042479
2005-02-17,0
2005-02-18,-0.675329305598094
2005-02-21,-2.38798052526693
2005-02-22,1.0275245242702
2005-02-23,-0.68519800201412
2005-02-24,1.36573297387828
2005-02-25,1.35525033473067
2005-02-28,-1.01071251544124
2005-03-01,-0.68221300749155
2005-03-02,0.337675188202113
2005-03-03,-0.337675188202113
2005-03-04,0
2005-03-07,0.337675188202113
2005-03-08,0
2005-03-09,0
2005-03-10,0
2005-03-11,0
2005-03-14,-1.36573297387828
2005-03-15,0.68519800201412
2005-03-16,-0.68519800201412
2005-03-17,-0.342326522256076
2005-03-18,0.683485166852127
2005-03-21,-0.683485166852127
2005-03-22,-1.04644244397297
2005-03-23,-1.7687790762123
2005-03-24,2.45942930353521
2005-03-29,0.355792216650064
2005-03-30,0.683485166852127
2005-03-31,2.04273009721928
2005-04-01,-1.01815576793706
2005-04-04,1.01815576793706
2005-04-05,0.337094566793616
2005-04-06,4.59619809106528
2005-04-07,0
2005-04-11,1.89896902792437
2005-04-12,-0.319584069847656
2005-04-13,-0.949894950883867
2005-04-14,0.949894950883867
2005-04-15,0
2005-04-18,-2.22808509523834
2005-04-19,2.22808509523834
2005-04-20,0
2005-04-21,4.92739121089825
2005-04-22,-0.900442065755813
2005-04-25,-2.45380001110491
2005-04-26,-0.315596592223311
2005-04-27,-1.25755254181421
2005-04-28,0.638150052698416
2005-04-29,0.619402489115795
2005-05-02,0.929252314918849
2005-05-04,0
2005-05-05,-2.18680485673306
2005-05-06,-0.313140982814841
2005-05-09,1.26147185360892
2005-05-10,0
2005-05-11,0.309221671020132
2005-05-12,0.315596592223311
2005-05-13,-1.57314913403752
2005-05-16,0
2005-05-17,-0.313140982814841
2005-05-18,-1.59955236655522
2005-05-19,-0.964496735918186
2005-05-20,0
2005-05-23,0.649104990049909
2005-05-24,0
2005-05-27,1.9149441124235
2005-05-30,3.11347810480752
2005-05-31,0.31077248298097
2005-06-01,2.41327721478766
2005-06-02,-0.891504825547762
2005-06-03,-1.21915669609425
2005-06-06,1.81084295169471
2005-06-07,-0.297177038915764
2005-06-08,0.59699560886306
2005-06-09,0
2005-06-10,-1.20114116155317
2005-06-13,-0.296296513065708
2005-06-14,-0.915839540168784
2005-06-15,0
2005-06-16,0.600732035550799
2005-06-17,-0.600732035550799
2005-06-20,0
2005-06-21,0.302615693145647
2005-06-22,-0.302615693145647
2005-06-23,0
2005-06-24,0
2005-06-27,-0.31077248298097
2005-06-28,0.31077248298097
2005-06-29,1.8162816059246
2005-06-30,0.59699560886306
2005-07-01,-2.41327721478766
2005-07-04,1.21213605323449
2005-07-05,0.309636336005403
2005-07-06,-1.52177238923989
2005-07-07,-0.31077248298097
2005-07-08,0.911504518531769
2005-07-11,0
2005-07-12,1.81254517923686
2005-07-13,-0.891504825547762
2005-07-14,-0.921040353689095
2005-07-15,-0.600732035550799
2005-07-18,-0.31077248298097
2005-07-19,-0.919889410663477
2005-07-20,0.919889410663477
2005-07-21,1.22661202314975
2005-07-22,-0.613223847023137
2005-07-25,0.909520360088845
2005-07-26,0
2005-07-27,0.309636336005403
2005-07-28,0.294509216684702
2005-07-29,-1.2155495703738
2005-08-01,3.00291038855294
2005-08-02,1.45801366679472
2005-08-03,-2.6483788761108
2005-08-04,9.66764204399635
2005-08-05,-1.91428929303932
2005-08-08,0.827671515956552
2005-08-09,1.08661777708277
2005-08-10,5.02279789390596
2005-08-11,-2.08321663945987
2005-08-12,0
2005-08-16,0
2005-08-17,0.257368473356112
2005-08-18,-0.257368473356112
2005-08-19,0
2005-08-22,0
2005-08-23,1.05010539369752
2005-08-24,-0.792736920341408
2005-08-25,0.792736920341408
2005-08-26,-0.526762866099539
2005-08-29,-0.265974054241869
2005-08-30,0
2005-08-31,1.56704490992357
2005-09-01,-1.04504406437873
2005-09-02,7.30225315906059
2005-09-05,0.966136018650054
2005-09-06,1.195390608896
2005-09-07,0
2005-09-08,-0.951771327475015
2005-09-09,0.718890089805457
2005-09-12,-0.962509371226439
2005-09-13,0.723453107309147
2005-09-14,0.47193750158685
2005-09-15,-0.714389200517496
2005-09-16,0.242451698930646
2005-09-19,3.9746910996318
2005-09-20,-1.1512680739981
2005-09-21,-0.235694035880374
2005-09-22,-1.87506359024967
2005-09-23,-0.240727897916804
2005-09-26,0
2005-09-27,3.95903636653288
2005-09-28,0.228706830395553
2005-09-29,-1.14336385375682
2005-09-30,0
2005-10-03,-0.692893819124762
2005-10-04,1.38371945849987
2005-10-05,0.452538214381715
2005-10-06,-1.83625767288158
2005-10-07,0.918275093843768
2005-10-10,1.82761483433276
2005-10-11,5.91509115946478
2005-10-12,6.58618243200255
2005-10-13,-4.68894146269405
2005-10-14,-0.843469388363793
2005-10-17,-3.85651577949744
2005-10-18,3.85651577949744
2005-10-19,-2.98514577093965
2005-10-20,-1.97202229523492
2005-10-21,-2.92132692952987
2005-10-24,-3.23661685794177
2005-10-25,9.20417776141835
2005-10-26,-3.04623397394672
2005-10-27,1.10065228667713
2005-10-28,-1.77111023645109
2005-10-31,4.57385443500382
2005-11-02,-1.93137418999494
2005-11-03,1.0742116787118
2005-11-04,0
2005-11-07,0
2005-11-08,-1.94558168726959
2005-11-09,0
2005-11-10,-1.10065228667713
2005-11-14,1.97202229523492
2005-11-15,-0.871370008557792
2005-11-16,0.871370008557792
2005-11-17,1.0742116787118
2005-11-18,-3.04623397394672
2005-11-21,1.10065228667713
2005-11-22,-1.77111023645109
2005-11-23,-0.223610747564384
2005-11-24,-2.94524081122933
2005-11-25,0.917982579037813
2005-11-28,0.228184955589228
2005-11-29,-2.30013666435118
2005-11-30,-0.233500552489829
2005-12-01,-1.40699158141628
2005-12-02,0.475826984726302
2005-12-05,-1.66551553950416
2005-12-06,-1.44713742702856
2005-12-07,-0.485152166624991
2005-12-08,3.35878334065025
2005-12-09,-1.66387587395422
2005-12-12,2.36818224586601
2005-12-13,-1.416410918391
2005-12-14,-1.91554515233505
2005-12-15,1.91554515233505
2005-12-16,3.04437934317161
2005-12-19,5.16534306996381
2005-12-20,0.871370008557792
2005-12-21,1.0742116787118
2005-12-22,0
2005-12-23,0
2005-12-27,-1.94558168726959
2005-12-28,-1.10065228667713
2005-12-29,1.97202229523492
2005-12-30,0
2006-01-02,4.86512239902681
2006-01-03,2.6532880512814
2006-01-04,3.75073081992925
2006-01-05,2.48626912870307
2006-01-06,3.34472003993067
2006-01-09,5.68503968258658
2006-01-10,-1.56497073838349
2006-01-11,3.7897476376098
2006-01-12,0.835529544427493
2006-01-13,-1.51543697693826
2006-01-16,-2.41058714191629
2006-01-17,0
2006-01-18,0.865717675200739
2006-01-19,0
2006-01-20,3.73394841672896
2006-01-23,4.55129769930664
2006-01-24,-1.44153788981989
2006-01-25,0.643040238509829
2006-01-26,0
2006-01-27,-3.75280004799659
2006-01-30,-0.673641973075156
2006-01-31,-7.11084040523846
2006-02-01,0.89571125078638
2006-02-02,-0.89571125078638
2006-02-03,-2.36623742374289
2006-02-06,0.731731702740968
2006-02-07,0
2006-02-08,4.81932200738584
2006-02-09,3.09049457442705
2006-02-10,-1.53027325481374
2006-02-13,0
2006-02-14,-0.69450364441257
2006-02-15,3.0603064436538
2006-02-16,1.49865496129413
2006-02-17,1.47652651537198
2006-02-20,4.29392313139887
2006-02-21,1.3961227214754
2006-02-22,-1.3961227214754
2006-02-23,-1.41029876692278
2006-02-24,3.56830930245551
2006-02-27,-1.37998169575839
2006-02-28,-0.778028839774336
2006-03-01,-2.84266258699324
2006-03-02,-3.75280004799659
2006-03-03,2.30153950359095
2006-03-06,0
2006-03-07,-0.656333254637853
2006-03-08,-1.6452062489531
2006-03-09,2.30153950359095
2006-03-10,-2.30153950359095
2006-03-13,0.825012988218976
2006-03-14,-0.825012988218976
2006-03-15,-0.673641973075156
2006-03-16,4.42644202107174
2006-03-17,1.43236382007046
2006-03-20,0.785337060211955
2006-03-21,-2.86074111879224
2006-03-22,-0.808220305895802
2006-03-23,0
2006-03-24,-0.656333254637853
2006-03-27,-1.6452062489531
2006-03-28,-0.673641973075156
2006-03-29,0
2006-03-30,-0.835529544427493
2006-03-31,0
2006-04-03,0.835529544427493
2006-04-04,-3.0603064436538
2006-04-05,-2.4506682410439
2006-04-06,1.58495056584316
2006-04-07,2.41058714191629
2006-04-10,0
2006-04-11,-0.850365822302979
2006-04-12,-0.69450364441257
2006-04-13,3.0603064436538
2006-04-18,1.49865496129413
2006-04-19,0.820193260734126
2006-04-20,-0.820193260734126
2006-04-21,-0.825012988218976
2006-04-24,-1.50917151750265
2006-04-25,0.835529544427493
2006-04-26,-1.51543697693826
2006-04-27,0
2006-04-28,1.51543697693826
2006-05-02,3.78340178256191
2006-05-04,-0.808220305895802
2006-05-05,-1.47652651537198
2006-05-08,-2.33418450572163
2006-05-09,0.835529544427493
2006-05-10,0.673641973075156
2006-05-11,-0.673641973075156
2006-05-12,-0.835529544427493
2006-05-15,-0.679907432510762
2006-05-16,-7.96164085204309
2006-05-17,3.26194867452927
2006-05-18,1.76564074031926
2006-05-19,-1.76564074031926
2006-05-22,-7.59134082196389
2006-05-23,6.87372023244788
2006-05-24,-2.54432808501326
2006-05-25,3.26194867452927
2006-05-26,0.885674909343592
2006-05-29,1.57799504196987
2006-05-30,-3.18129054082947
2006-05-31,0.71762058951601
2006-06-01,0.885674909343592
2006-06-02,1.57799504196987
2006-06-05,-2.46366995131346
2006-06-06,-0.71762058951601
2006-06-07,-0.900053950930313
2006-06-08,-0.912542431341978
2006-06-09,0
2006-06-12,0
2006-06-13,-2.58926161876201
2006-06-14,-4.4123806308809
2006-06-16,3.65692220971223
2006-06-19,-0.9479168783322
2006-06-20,2.63754971448134
2006-06-21,0.923355501040568
2006-06-22,-0.923355501040568
2006-06-23,0
2006-06-26,1.65508720378154
2006-06-27,0
2006-06-28,-1.65508720378154
2006-06-29,0
2006-06-30,1.65508720378154
2006-07-03,0
2006-07-04,1.81259638227229
2006-07-05,3.18129054082947
2006-07-06,-1.57799504196987
2006-07-07,0
2006-07-10,0
2006-07-11,-2.50334944978992
2006-07-12,0.900053950930313
2006-07-13,0
2006-07-14,0
2006-07-17,0
2006-07-18,0.71762058951601
2006-07-19,1.76564074031926
2006-07-20,1.56224347085012
2006-07-21,-0.864214259855922
2006-07-24,0
2006-07-25,-0.6980292109942
2006-07-26,3.10446216819604
2006-07-27,3.17217809618062
2006-07-28,-2.32643962070105
2006-07-31,8.23593569865666
2006-08-01,-2.99117217576956
2006-08-02,-0.639088546403976
2006-08-03,-3.93459130464557
2006-08-04,0
2006-08-07,3.93459130464557
2006-08-08,-1.62353335175098
2006-08-09,5.87198614979483
2006-08-10,-1.39496275868431
2006-08-11,0
2006-08-14,1.39496275868431
2006-08-16,2.13495397731303
2006-08-17,-0.605094261157579
2006-08-18,-1.52985971615545
2006-08-21,3.63273887436912
2006-08-22,0
2006-08-23,4.64482955726091
2006-08-24,1.26551340130097
2006-08-25,-2.55063782935001
2006-08-28,2.55063782935001
2006-08-29,1.39157794594491
2006-08-30,-0.691727409245324
2006-08-31,0
2006-09-01,-2.67578385495655
2006-09-04,-1.87655963055831
2006-09-05,-0.146084531569413
2006-09-06,-1.32096828335015
2006-09-07,-1.33865170842309
2006-09-08,1.33865170842309
2006-09-11,-2.08858209188314
2006-09-12,0
2006-09-13,0.599685987151699
2006-09-14,0.898098909904399
2006-09-15,0.297582798770524
2006-09-18,-0.297582798770524
2006-09-19,0.590797194827042
2006-09-20,-1.33865170842309
2006-09-21,1.19040664094237
2006-09-22,1.17812743002772
2006-09-25,3.02414999988687
2006-09-26,1.96536393800055
2006-09-27,-0.699850536699587
2006-09-28,3.84959003648448
2006-09-29,3.05355283120634
2006-10-02,-1.85076610683863
2006-10-03,-3.66079881490728
2006-10-04,-0.831306232349616
2006-10-05,-1.12037658158499
2006-10-06,-0.563259721402898
2006-10-09,0.986114367345969
2006-10-10,1.11567529367231
2006-10-11,1.5152174131825
2006-10-12,-1.10206453886328
2006-10-13,4.59124173779388
2006-10-16,-4.59124173779388
2006-10-17,2.45801209053957
2006-10-18,0
2006-10-19,-1.90546164598102
2006-10-20,1.76862136176734
2006-10-23,-2.59532788789734
2006-10-24,2.73216817211102
2006-10-25,0.670351075695597
2006-10-26,0
2006-10-27,-0.670351075695597
2006-10-30,2.52780552463148
2006-10-31,3.61450280316147
2006-11-02,0
2006-11-03,0.881351544011277
2006-11-06,4.78396749773022
2006-11-07,1.07373772408683
2006-11-08,2.22292813705007
2006-11-09,-1.63335884855793
2006-11-10,-0.589569288492142
2006-11-13,-2.15770142782921
2006-11-14,-0.728266425689106
2006-11-15,-2.72007552802589
2006-11-16,0
2006-11-17,0
2006-11-20,-2.40917818295687
2006-11-21,0.512120523155146
2006-11-22,0.764044275517595
2006-11-23,0.124037047681647
2006-11-24,1.00897633660249
2006-11-27,-1.13301338428413
2006-11-28,-0.637551569627726
2006-11-29,-2.97695123353374
2006-11-30,-2.52780552463148
2006-12-01,0.133477423999473
2006-12-04,-0.133477423999473
2006-12-05,0
2006-12-06,2.92083061779489
2006-12-07,1.94531291132531
2006-12-08,-1.81259069791386
2006-12-11,1.29631161141008
2006-12-12,0
2006-12-13,0
2006-12-14,-0.646055290669945
2006-12-15,-1.176003627315
2006-12-18,1.176003627315
2006-12-19,-1.176003627315
2006-12-20,-1.18686036710938
2006-12-21,-0.402446660988898
2006-12-22,-2.16075726540228
2006-12-27,0
2006-12-28,0
2006-12-29,-1.09570183800929
2007-01-02,-1.53162942960612
2007-01-03,-1.26551340130097
2007-01-04,-2.73306407908371
2007-01-05,-0.584751595063637
2007-01-08,-1.77505511438918
2007-01-09,1.77505511438918
2007-01-10,2.03269124609831
2007-01-11,-0.721349186868614
2007-01-12,-1.31134205922969
2007-01-15,7.21066034306372
2007-01-16,6.08840229798928
2007-01-17,-0.128820101623162
2007-01-18,1.4049849002959
2007-01-19,0
2007-01-22,3.60963082457224
2007-01-23,-1.35483554404716
2007-01-24,-0.623292551918575
2007-01-25,-0.498489344322373
2007-01-26,1.12178189624095
2007-01-29,0
2007-01-30,-0.124348102890814
2007-01-31,0.124348102890814
2007-02-01,5.0738307737954
2007-02-02,2.67110336898133
2007-02-05,0.800500204786081
2007-02-06,0.112686649167326
2007-02-07,-2.76358684606268
2007-02-08,-2.48401038945103
2007-02-09,0
2007-02-12,-2.30407814356666
2007-02-13,0.612636605672678
2007-02-14,1.69144153789398
2007-02-15,0
2007-02-16,0
2007-02-19,0
2007-02-20,0
2007-02-21,5.24759723551371
2007-02-22,2.24713661263247
2007-02-23,0.443430703250902
2007-02-26,-2.00911091071831
2007-02-27,-2.97888040544718
2007-02-28,-2.95017323523159
2007-03-01,0
2007-03-02,0
2007-03-05,0
2007-03-06,0
2007-03-07,3.18312664029441
2007-03-08,0.113539220842496
2007-03-09,-0.579989971231387
2007-03-12,1.61773449165479
2007-03-13,0
2007-03-14,-1.61773449165479
2007-03-15,2.41823469644087
2007-03-16,-0.800500204786081
2007-03-19,-1.61773449165479
2007-03-20,0.466450750388891
2007-03-21,1.61161326393913
2007-03-22,3.69658459288842
2007-03-23,-0.99659064897577
2007-03-26,0.443430703250902
2007-03-27,0.332263014726708
2007-03-28,-0.111933996667091
2007-03-29,0.332830927665251
2007-03-30,2.71323307225271
2007-04-02,6.02359214716324
2007-04-03,0.102233696093013
2007-04-04,-2.75735824216494
2007-04-05,-4.3357011578359
2007-04-10,9.68500222197348
2007-04-11,-4.11481489215508
2007-04-12,-0.205296725769433
2007-04-13,-3.12239532191003
2007-04-16,3.42897741578074
2007-04-17,1.31935300598816
2007-04-18,3.7628432674448
2007-04-19,-3.66060957135179
2007-04-20,-1.01266688179291
2007-04-23,-3.837897236069
2007-04-24,1.36629546282077
2007-04-25,1.03665920324971
2007-04-26,-2.40295466607048
2007-04-27,3.837897236069
2007-04-30,-1.95254080553888
2007-05-02,1.03131983096656
2007-05-04,3.72493832993994
2007-05-07,2.73860417580112
2007-05-08,0.859306088114087
2007-05-09,-2.20829881105176
2007-05-10,2.01898164835468
2007-05-11,0
2007-05-14,-0.669988925417009
2007-05-15,-1.84282088699592
2007-05-16,0
2007-05-17,-3.08923921044597
2007-05-18,0.601816776134179
2007-05-21,-1.11010899572563
2007-05-22,0.910697667657523
2007-05-23,1.69764162797152
2007-05-24,-0.104019971861913
2007-05-25,-0.0924230702280759
2007-05-28,-3.33217401163464
2007-05-29,4.90684511334836
2007-05-30,-2.17103599328681
2007-05-31,-2.22523751175427
2007-06-01,2.02486971099609
2007-06-04,-1.71713277534318
2007-06-05,-0.408919820288256
2007-06-06,-0.612894420594401
2007-06-08,-0.930726564656226
2007-06-11,0.103978724313514
2007-06-12,0.927341106653046
2007-06-13,-0.927341106653046
2007-06-14,0.619181930428558
2007-06-15,0.308159176224487
2007-06-18,0
2007-06-19,2.6383537499155
2007-06-20,-1.9201809699132
2007-06-21,0.203048194570021
2007-06-22,1.51518050206025
2007-06-25,-0.502513620267342
2007-06-26,-0.201000311488819
2007-06-27,-1.73288754487642
2007-06-28,1.93388785636524
2007-06-29,1.79105047357471
2007-07-02,-0.395248187500297
2007-07-03,0.301839341897114
2007-07-04,0.989192134408379
2007-07-05,1.84282088699592
2007-07-06,-1.84282088699592
2007-07-09,0.973775808971888
2007-07-10,-1.86955909777708
2007-07-11,0.500583117489706
2007-07-12,0.395200171315491
2007-07-13,-0.69641397576512
2007-07-16,0.207109271774364
2007-07-17,-1.89737638407452
2007-07-18,0.803473042031388
2007-07-19,1.8788748972923
2007-07-20,1.35165055215718
2007-07-23,8.32268616092713
2007-07-24,-6.40472961913292
2007-07-25,-2.30097648020546
2007-07-26,-2.75236640697871
2007-07-27,-5.41650592467513
2007-07-30,5.32136682061561
2007-07-31,3.7083788600861
2007-08-01,-3.81301889032697
2007-08-02,1.87736025483636
2007-08-03,0.877001994671955
2007-08-06,-2.95336260367183
2007-08-07,-1.50705597382159
2007-08-08,2.30069229798957
2007-08-09,0
2007-08-10,-1.3942103280415
2007-08-13,0.904214388277902
2007-08-14,-1.00387034622296
2007-08-16,-2.75457078557255
2007-08-17,-3.04495220250423
2007-08-20,0
2007-08-21,-4.13588194653101
2007-08-22,-1.00132588949733
2007-08-23,2.10818229007979
2007-08-24,-1.10685640058246
2007-08-27,1.65250037137028
2007-08-28,2.48338157516073
2007-08-29,1.06349374592636
2007-08-30,1.67106618469557
2007-08-31,-1.35669234310201
2007-09-03,-0.422707444941572
2007-09-04,0.10833360334801
2007-09-05,-4.09251929187491
2007-09-06,-0.221952624426081
2007-09-07,0.221952624426081
2007-09-10,-3.69377993266387
2007-09-11,7.78629922453877
2007-09-12,-1.91870186366185
2007-09-13,-0.109163387796896
2007-09-14,-0.214866553960613
2007-09-17,-2.6229067058928
2007-09-18,1.53773385837717
2007-09-19,0.221059891839248
2007-09-20,0
2007-09-21,-0.54840508194558
2007-09-24,0.54840508194558
2007-09-25,0
2007-09-26,0
2007-09-27,0
2007-09-28,1.078979509637
2007-10-01,0.644367200908125
2007-10-02,-1.72334671054513
2007-10-03,0.864112955676388
2007-10-04,0.968956872680327
2007-10-05,-0.537149854181829
2007-10-08,-1.51697986601413
2007-10-09,-0.105561286836409
2007-10-10,2.15969100703237
2007-10-11,9.37344679137939
2007-10-12,-2.75893209306273
2007-10-15,3.14267780296609
2007-10-16,-0.864643082878036
2007-10-17,2.31184634373149
2007-10-18,0.65706579587097
2007-10-19,2.90396725738571
2007-10-22,-4.12720343312203
2007-10-23,0.0838279989276547
2007-10-24,1.13940817680867
2007-10-25,-2.48801476662779
2007-10-26,-0.387528299017736
2007-10-29,1.73613488883686
2007-10-30,-1.63134264999396
2007-10-31,1.63134264999396
2007-11-02,-3.7083788600861
2007-11-05,2.26446691274851
2007-11-06,0.58303859828972
2007-11-07,-0.487733240771249
2007-11-08,-0.976866481211669
2007-11-09,0.881561123693198
2007-11-12,-0.776149807121884
2007-11-13,-3.2990134638526
2007-11-14,2.69749042849474
2007-11-15,-0.199369313040076
2007-11-16,-0.991065141633074
2007-11-19,0.30364038440438
2007-11-20,-3.86098395851096
2007-11-21,-4.01224936809479
2007-11-22,2.55186650599013
2007-11-23,0.83676299994937
2007-11-26,-1.25529576770713
2007-11-27,-3.10684476109575
2007-11-28,-2.09253093136161
2007-11-29,4.66904258651626
2007-11-30,9.11773820535271
2007-12-03,3.14677671992194
2007-12-04,-2.67050395726689
2007-12-05,0.384600586392825
2007-12-06,-0.188144677510804
2007-12-07,9.79705762510306
2007-12-10,-1.94221195708812
2007-12-11,0.178131759786382
2007-12-12,0.896306156789484
2007-12-13,-2.14040333698513
2007-12-14,-1.26299053700181
2007-12-17,-4.85540265215536
2007-12-18,0
2007-12-19,-0.482342380937695
2007-12-20,8.46060466938061
2007-12-21,-4.88265814385049
2007-12-27,0
2007-12-28,5.16319238154987
2008-01-02,-4.60645812626703
2008-01-03,-3.1622184862194
2008-01-04,-2.90812093008417
2008-01-07,-5.531161356391
2008-01-08,1.23322871336833
2008-01-09,-0.820460330508554
2008-01-10,-2.39422683943764
2008-01-11,0
2008-01-14,-1.06349374592636
2008-01-15,1.06349374592636
2008-01-16,-3.10684476109575
2008-01-17,4.56962858674062
2008-01-18,6.15599066002082
2008-01-21,-2.68234793932369
2008-01-22,-1.00722331619458
2008-01-23,-2.05028760028498
2008-01-24,5.63370418310645
2008-01-25,1.65330870843432
2008-01-28,-7.07837572848118
2008-01-29,1.8416504372254
2008-01-30,0
2008-01-31,0
2008-02-01,0.806826012003015
2008-02-04,0.0996559579450551
2008-02-05,-0.90648196994807
2008-02-06,0.404822592371223
2008-02-07,3.17859399045024
2008-02-08,6.43689443035251
2008-02-11,0
2008-02-12,0
2008-02-13,1.55316649310788
2008-02-14,7.48765853774627
2008-02-15,-2.29067280104549
2008-02-18,-3.76313666951278
2008-02-19,-0.528817505567414
2008-02-20,8.98626003584551
2008-02-21,2.34721204250792
2008-02-22,-2.34721204250792
2008-02-25,-0.746163644111819
2008-02-26,-1.1543857404952
2008-02-27,1.1543857404952
2008-02-28,0
2008-02-29,-4.81192483441983
2008-03-03,-2.89935405174644
2008-03-04,-1.60986319375689
2008-03-05,2.050161630196
2008-03-06,0
2008-03-07,0
2008-03-10,4.94872712035876
2008-03-11,-4.85462914697719
2008-03-12,4.85462914697719
2008-03-13,-1.0306790594417
2008-03-14,-0.332477259571817
2008-03-17,-3.58557080134525
2008-03-18,3.91804806091707
2008-03-19,0.0904840960544551
2008-03-20,-0.685693923897857
2008-03-25,-1.03743810856907
2008-03-26,1.03743810856907
2008-03-27,0
2008-03-28,1.44653451477414
2008-03-31,1.68121048403003
2008-04-01,0
2008-04-02,0
2008-04-03,0
2008-04-04,1.23777224742789
2008-04-07,1.13648531319934
2008-04-08,0
2008-04-09,-0.653345905915215
2008-04-10,0.653345905915215
2008-04-11,-1.46635851424026
2008-04-14,0.658661815574169
2008-04-15,0
2008-04-16,-0.328788614533249
2008-04-17,1.13648531319934
2008-04-18,0.744207232120297
2008-04-21,-0.744207232120297
2008-04-22,-1.13648531319934
2008-04-23,1.13648531319934
2008-04-24,-0.807696698666094
2008-04-25,1.55190393078639
2008-04-28,0.795308111721527
2008-04-29,-0.795308111721527
2008-04-30,0.388976345477365
2008-05-05,-0.388976345477365
2008-05-06,1.26572011852435
2008-05-07,-0.470412006802823
2008-05-08,-1.20489100559511
2008-05-09,0
2008-05-12,-0.334624338246714
2008-05-13,-0.0766430388159822
2008-05-14,0.0766430388159822
2008-05-15,0
2008-05-16,-1.06870511210526
2008-05-19,1.06870511210526
2008-05-20,0
2008-05-21,-0.807696698666094
2008-05-23,-0.746163644111819
2008-05-26,0
2008-05-27,-0.409357296790169
2008-05-28,1.96321763956808
2008-05-29,-0.807696698666094
2008-05-30,0
2008-06-02,0
2008-06-03,-0.0965903677916824
2008-06-04,-1.46997049416946
2008-06-05,0
2008-06-06,-1.50185611151907
2008-06-09,-2.48967150505144
2008-06-10,-4.14792322948845
2008-06-11,-0.818240764133771
2008-06-12,0.0932710879022469
2008-06-13,1.52707193426513
2008-06-16,6.57935903574844
2008-06-17,3.05560407408816
2008-06-19,0
2008-06-20,0
2008-06-23,-0.731053659850112
2008-06-24,-2.32455041423805
2008-06-25,0
2008-06-26,-0.743866559242168
2008-06-27,-1.71699584302263
2008-06-30,4.12675100092867
2008-07-01,-2.40975515790605
2008-07-02,0.743866559242168
2008-07-03,0
2008-07-04,-2.4608624022648
2008-07-07,2.38177975678302
2008-07-08,-3.24635311252082
2008-07-09,0
2008-07-10,-1.04745258350456
2008-07-11,1.91202593924236
2008-07-14,-6.01057165682786
2008-07-15,-7.36977116656465
2008-07-16,-5.86850921532642
2008-07-17,-1.46804108202159
2008-07-18,1.46804108202159
2008-07-21,0
2008-07-22,0.519208151188844
2008-07-23,-0.623619862155289
2008-07-24,0.415770416988437
2008-07-25,-1.35669234310201
2008-07-28,0.525883921552284
2008-07-29,-0.525883921552284
2008-07-30,0
2008-07-31,0.525883921552284
2008-08-01,1.55396907629179
2008-08-04,0
2008-08-05,0.921643215143897
2008-08-06,-0.819627175205717
2008-08-07,1.02769373532814
2008-08-08,3.20636529762885
2008-08-11,3.20031891706436
2008-08-12,2.00257703218423
2008-08-13,-1.04481628196433
2008-08-14,-0.384693279321402
2008-08-18,0
2008-08-19,0.946764511381737
2008-08-20,-0.0866089327955955
2008-08-21,-2.19791535747862
2008-08-22,1.33775977889248
2008-08-25,1.23049351903788
2008-08-26,1.02182150707195
2008-08-27,-0.822805464824095
2008-08-28,4.02355299895212
2008-08-29,2.66749480204043
2008-09-01,-2.2165333645241
2008-09-02,-1.80972443748519
2008-09-03,0
2008-09-04,0
2008-09-05,-2.66478999898325
2008-09-08,-2.29712805515994
2008-09-09,1.0556768473704
2008-09-10,-5.35100688821424
2008-09-11,0.0955194383913671
2008-09-12,0.595816954132777
2008-09-15,-7.52162812933066
2008-09-16,-0.21371177288696
2008-09-17,0.534055091353292
2008-09-18,0.532470584570444
2008-09-19,3.03096490762975
2008-09-22,1.02633195622679
2008-09-23,0
2008-09-24,1.41512640443104
2008-09-25,-1.41512640443104
2008-09-26,1.9201809699132
2008-09-29,-1.9201809699132
2008-09-30,1.41512640443104
2008-10-01,8.02543031038647
2008-10-02,-0.927917648900545
2008-10-03,0
2008-10-06,-6.59245809600377
2008-10-07,-2.94651292613999
2008-10-08,-1.03451936076406
2008-10-09,0
2008-10-10,-5.67417939497457
2008-10-13,3.04069698356195
2008-10-14,2.63348241141261
2008-10-15,-4.14227405072096
2008-10-16,-8.13157089642591
2008-10-17,3.24212473897225
2008-10-20,0.681654943189258
2008-10-21,1.56918412772518
2008-10-22,-2.59543955460946
2008-10-23,-2.42669403343876
2008-10-24,-4.55488043753538
2008-10-27,-3.36124089817484
2008-10-28,2.13044717763426
2008-10-29,2.32942143392534
2008-10-30,2.39514639435867
2008-10-31,-2.39514639435867
2008-11-03,7.91974772319008
2008-11-04,1.33474430711353
2008-11-05,0.989818097440498
2008-11-06,-0.768432131438423
2008-11-07,0.109210058178766
2008-11-10,4.62884575789455
2008-11-12,2.38801217406857
2008-11-13,-3.23271912160323
2008-11-14,-1.06664994594978
2008-11-17,0.53348930596453
2008-11-18,4.48405254159079
2008-11-19,0.508644434482974
2008-11-20,-4.03753683349541
2008-11-21,1.36362937105514
2008-11-24,1.13893107173051
2008-11-25,2.44145836065783
2008-11-26,3.36722727568737
2008-11-27,-1.86899697578395
2008-11-28,0
2008-12-01,-1.99988967748026
2008-12-02,0.101247738019916
2008-12-03,-1.93903068116272
2008-12-04,2.73943812036359
2008-12-05,0.901791458169487
2008-12-08,1.57467110171372
2008-12-09,-1.37822805962373
2008-12-10,3.69131910951839
2008-12-11,-1.43782951010567
2008-12-12,-0.384492623628763
2008-12-15,-0.974695781782842
2008-12-16,0
2008-12-17,0.974695781782842
2008-12-18,-2.86217271020521
2008-12-19,-7.58347157099699
2008-12-22,2.24273180541936
2008-12-23,2.08755279292201
2008-12-29,-3.79081653703786
2008-12-30,2.54352150726169
2008-12-31,1.55396907629179
2009-01-05,2.84145416030177
2009-01-06,-1.81512220407498
2009-01-07,0.710663497756103
2009-01-08,-0.710663497756103
2009-01-09,-1.12966852042482
2009-01-12,0.822511526605307
2009-01-13,-0.719174962407276
2009-01-14,-3.99120989132853
2009-01-15,-1.1855835201565
2009-01-16,-2.08307193926478
2009-01-19,4.22890044312005
2009-01-20,-4.7844355903945
2009-01-21,2.63860708653922
2009-01-22,-5.23404664114868
2009-01-23,-0.228142627287209
2009-01-26,-2.19855140615155
2009-01-27,-0.47083022183847
2009-01-28,-2.98542250231215
2009-01-29,-0.606779699249582
2009-01-30,0.606779699249582
2009-02-02,4.04031664773719
2009-02-03,-2.23895131933514
2009-02-04,0
2009-02-05,-1.19682373588403
2009-02-06,1.07736200213089
2009-02-09,-0.956607056039083
2009-02-10,2.7309561855408
2009-02-11,-1.06110632979195
2009-02-12,-2.39514639435867
2009-02-13,2.98542250231215
2009-02-16,-5.93891444768113
2009-02-17,-2.39858259368855
2009-02-18,-2.59060068743833
2009-02-19,6.8440475131111
2009-02-20,-4.25344682567277
2009-02-23,-5.11662497629555
2009-02-24,-1.35573619286855
2009-02-25,2.02677343375568
2009-02-26,8.08698606530265
2009-02-27,-4.28316356457201
2009-03-02,2.41532270618698
2009-03-03,3.57851706754833
2009-03-04,-1.09862771338476
2009-03-05,2.30407814356666
2009-03-06,3.64604933697135
2009-03-09,0.574640054874309
2009-03-10,0.34212570305463
2009-03-11,0
2009-03-12,0
2009-03-13,0.572095491446101
2009-03-16,-0.572095491446101
2009-03-17,0
2009-03-18,1.47936449362724
2009-03-19,0.672117704480657
2009-03-20,-1.01054553871642
2009-03-23,4.09896125352067
2009-03-24,-5.23989791291215
2009-03-25,2.04043717380795
2009-03-26,1.22521876058315
2009-03-27,-0.555535147274444
2009-03-30,-2.71012078711665
2009-03-31,2.26372380662729
2009-04-01,-2.26372380662729
2009-04-02,2.1514821981079
2009-04-03,3.08841571480425
2009-04-06,-0.873637691857176
2009-04-07,-2.21477802294707
2009-04-08,1.1141737362832
2009-04-09,0.33002254016532
2009-04-14,4.84998981274041
2009-04-15,2.07985299784408
2009-04-16,2.84145416030177
2009-04-17,0.105058765838217
2009-04-20,-2.73894701622583
2009-04-21,2.23389245074368
2009-04-22,0
2009-04-23,1.99811773032104
2009-04-24,5.09939493116489
2009-04-27,-7.09751266148593
2009-04-28,0.505054565482155
2009-04-29,0.993175734421259
2009-04-30,-0.897656296029892
2009-05-04,-1.2023907800077
2009-05-05,-3.81533565620353
2009-05-06,0.105288593347419
2009-05-07,3.30242237330767
2009-05-08,0.507782088105779
2009-05-11,2.19711343859483
2009-05-12,4.45095467307923
2009-05-13,0
2009-05-14,-3.75387724019269
2009-05-15,4.59999428129771
2009-05-18,0.104986886283687
2009-05-19,-1.13749935160676
2009-05-20,-2.5927860341918
2009-05-21,-0.690292662813974
2009-05-22,0.199523746653751
2009-05-25,-0.878340629206109
2009-05-26,1.84721268760648
2009-05-27,-3.34027585244536
2009-05-28,0
2009-05-29,0
2009-06-01,3.34027585244536
2009-06-02,-3.34027585244536
2009-06-03,-0.505054565482155
2009-06-04,-1.41512640443104
2009-06-05,0.813309628296865
2009-06-08,-0.508292219591455
2009-06-09,1.71068299959916
2009-06-10,3.82387456697968
2009-06-12,5.60958609079281
2009-06-15,-0.730947830750717
2009-06-16,-0.189257787669384
2009-06-17,0.9202056184201
2009-06-18,-2.31000251785796
2009-06-19,2.22630613766901
2009-06-22,0
2009-06-23,0.0836963801889468
2009-06-24,-1.84349488775188
2009-06-25,-0.165109463507651
2009-06-26,-0.301398166598421
2009-06-29,-3.1952668943517
2009-06-30,-1.06756700615267
2009-07-01,-0.479947644913636
2009-07-02,0
2009-07-03,0
2009-07-06,1.44319797248316
2009-07-07,-2.72899450983521
2009-07-08,2.72899450983521
2009-07-09,0
2009-07-13,-1.05722129516583
2009-07-14,0.581885505133783
2009-07-15,3.7749193629669
2009-07-16,-1.39157477172103
2009-07-17,2.78137167115888
2009-07-20,-0.273162018250606
2009-07-21,-2.50820965290828
2009-07-22,0
2009-07-23,0
2009-07-24,2.78137167115888
2009-07-27,-4.58506379378956
2009-07-28,3.66177452445777
2009-07-29,6.28778509524306
2009-07-30,12.2661510150567
2009-07-31,-5.54142878207746
2009-08-03,5.54142878207746
2009-08-04,-0.765240137690881
2009-08-05,-2.3689457939323
2009-08-06,-0.704790776262909
2009-08-07,3.45708862784004
2009-08-10,-0.383352057644837
2009-08-11,2.27837357360623
2009-08-12,-1.51313343591535
2009-08-13,3.61828812746285
2009-08-14,-0.219058137981865
2009-08-17,0.376483393512794
2009-08-18,-1.87894205852257
2009-08-19,2.24530673907095
2009-08-20,6.76627171613986
2009-08-21,-0.0651200674213204
2009-08-24,-4.07168240337108
2009-08-25,-1.75390559201039
2009-08-26,-1.24192833388546
2009-08-27,0
2009-08-28,0.148452195101578
2009-08-31,6.91906413416534
2009-09-01,-4.43703392918735
2009-09-02,-3.39367747256487
2009-09-03,0.763195072485301
2009-09-04,-1.87894205852257
2009-09-07,-0.383637888555866
2009-09-08,2.26257994707844
2009-09-09,0
2009-09-10,0
2009-09-11,-1.13372924146136
2009-09-14,4.62869706601761
2009-09-15,0.126502230658687
2009-09-16,0.579857921216309
2009-09-17,0.142348778485379
2009-09-18,-0.722206699701688
2009-09-21,0.722206699701688
2009-09-22,0.633916544373569
2009-09-23,2.08992302997673
2009-09-24,-0.0651625012875634
2009-09-25,-0.212071857622087
2009-09-28,-3.16881191514233
2009-09-29,0
2009-09-30,0
2009-10-01,1.07302563618568
2009-10-02,0.92128302364709
2009-10-05,1.38657511293165
2009-10-06,3.19931074566986
2009-10-07,0.330891344214734
2009-10-08,0
2009-10-09,3.2728927973154
2009-10-12,0
2009-10-13,-1.2870782133767
2009-10-14,0
2009-10-15,0.637948437747005
2009-10-16,-2.6237630216857
2009-10-19,0
2009-10-20,0.674142241135423
2009-10-21,-0.674142241135423
2009-10-22,-0.868952461918893
2009-10-23,-1.16512370630746
2009-10-26,-0.943593436090717
2009-10-27,-3.93341625833195
2009-10-28,-1.42604912191571
2009-10-29,2.1482558216174
2009-10-30,0.700411435029125
2009-11-02,2.77784258737621
2009-11-03,-1.93388589845727
2009-11-04,0
2009-11-05,0.148196964386216
2009-11-06,-0.280112227971197
2009-11-09,1.03415235507756
2009-11-10,-1.74619378041152
2009-11-12,2.58369918389509
2009-11-13,-0.495150977152603
2009-11-16,0.762001093050113
2009-11-17,-0.762001093050113
2009-11-18,-1.37650678140853
2009-11-19,0.69062183565487
2009-11-20,-0.352936714700558
2009-11-23,0.696467234123244
2009-11-24,1.65199319311253
2009-11-25,-0.620344386147842
2009-11-26,-0.12938704700094
2009-11-27,-0.13765741677414
2009-11-30,1.96580326336955
2009-12-01,-1.02220982727883
2009-12-02,0.624151822176611
2009-12-03,1.60636490739301
2009-12-04,-0.19644056134327
2009-12-07,-0.133800342656309
2009-12-08,0
2009-12-09,0
2009-12-10,0.0708577756687312
2009-12-11,1.71664639963622
2009-12-14,0.0618716183697465
2009-12-15,1.24473370444327
2009-12-16,0.639368900552739
2009-12-17,0.838658536483461
2009-12-18,2.95054761741795
2009-12-21,0.92347502310024
2009-12-22,0.606149929226829
2009-12-23,-0.606149929226829
2009-12-28,-5.16895573284346
2009-12-29,-1.48969966752395
2009-12-30,1.61918896466675
2009-12-31,0.644943242401519
2010-01-04,1.21031359028509
2010-01-05,2.05598130911127
2010-01-06,1.12822829390278
2010-01-07,-1.55369841930848
2010-01-08,3.97069130023002
2010-01-11,0
2010-01-12,0.127091734963258
2010-01-13,-0.729439160814938
2010-01-14,2.45036305873105
2010-01-15,2.20196158722339
2010-01-18,2.82952557794913
2010-01-19,-1.06754320873588
2010-01-20,0.233046015517813
2010-01-21,-0.279720462106114
2010-01-22,-1.07956927393951
2010-01-25,-0.751145470496128
2010-01-26,1.26220838097479
2010-01-27,0.0603480086709407
2010-01-28,-1.25465389501525
2010-01-29,-0.893197906339172
2010-02-01,-2.69329807625525
2010-02-02,0.777941337931143
2010-02-03,0
2010-02-04,-0.777941337931143
2010-02-05,-0.415976910328153
2010-02-08,0.303340502784355
2010-02-09,-0.905687928636034
2010-02-10,-2.7381204781701
2010-02-11,-0.939456450756726
2010-02-12,1.24580242338066
2010-02-15,3.63988556442152
2010-02-16,0.943568069958411
2010-02-17,-0.355413454722786
2010-02-18,-2.40226332230065
2010-02-19,0.605997648189671
2010-02-22,-0.306104528035789
2010-02-23,0
2010-02-24,-1.20500669095289
2010-02-25,-1.5342965949213
2010-02-26,2.7393032858742
2010-03-01,2.68708577589365
2010-03-02,0.360260885696384
2010-03-03,1.97212636412791
2010-03-04,-2.91710282357118
2010-03-05,2.91710282357118
2010-03-08,1.14610571610734
2010-03-09,0
2010-03-10,1.95817879480202
2010-03-11,1.38392443104598
2010-03-12,1.3138593068605
2010-03-15,-1.19723366191926
2010-03-16,0.439362340175009
2010-03-17,2.1115191399474
2010-03-18,0.585330682721175
2010-03-19,-0.219883864311354
2010-03-22,1.26864808096729
2010-03-23,3.11799313684826
2010-03-24,-0.767398551330567
2010-03-25,-0.255086685540418
2010-03-26,0
2010-03-29,0
2010-03-30,-1.04533763571544
2010-03-31,-1.05638048006882
2010-04-01,-2.1151194880765
2010-04-06,3.64356043462384
2010-04-07,-1.25555563704389
2010-04-08,-1.31543931035241
2010-04-09,11.5332593036599
2010-04-12,1.88339915980191
2010-04-13,-1.22016696690248
2010-04-14,-0.663232192899432
2010-04-15,0
2010-04-16,-0.0447452325827769
2010-04-19,-0.420463128203163
2010-04-20,0
2010-04-21,1.87555933372465
2010-04-22,0
2010-04-23,-1.61746571573262
2010-04-26,2.09051390259583
2010-04-27,-0.473048186863201
2010-04-28,-1.8362412216109
2010-04-29,2.3092894084741
2010-04-30,1.19461396130314
2010-05-04,-1.15072302956216
2010-05-05,-4.26955602982351
2010-05-06,-2.01221013004123
2010-05-07,-3.52498678453981
2010-05-10,6.46028039213404
2010-05-11,2.78541497489084
2010-05-12,0.982525674386414
2010-05-13,0.321745335500268
2010-05-14,0.505065292830809
2010-05-17,1.72394914240943
2010-05-18,-0.0372786584000195
2010-05-19,-3.92164519500455
2010-05-20,-3.77062390106264
2010-05-21,-2.26899023727789
2010-05-24,1.23978196178069
2010-05-25,0.487013949604265
2010-05-26,1.95304166034238
2010-05-27,0
2010-05-28,-3.93318871622736
2010-05-31,1.24873379929289
2010-06-01,1.1987981990508
2010-06-02,-2.45933140838686
2010-06-04,-0.259939887606819
2010-06-07,-1.23204843880407
2010-06-08,1.33255987305003
2010-06-09,1.16912297203715
2010-06-10,0
2010-06-11,0.860720637985235
2010-06-14,0
2010-06-15,4.87101938411389
2010-06-16,-2.06744428796477
2010-06-17,1.5919900530728
2010-06-18,5.13071485448369
2010-06-21,-0.453778744050615
2010-06-22,0
2010-06-23,0.679898263003054
2010-06-24,0
2010-06-25,2.01753931510251
2010-06-28,-0.221598173600057
2010-06-29,-2.02206066045489
2010-06-30,-1.44764836900362
2010-07-01,-2.25796877521653
2010-07-02,0.468742341884232
2010-07-05,0.558524348650957
2010-07-06,2.22457170963435
2010-07-07,0.453778744050615
2010-07-08,3.95851151331819
2010-07-09,-0.874166981632163
2010-07-12,0.483769243925147
2010-07-13,-1.76814343705525
2010-07-14,0.885417088847085
2010-07-15,0.439785930000758
2010-07-16,-1.10311269694887
2010-07-19,0.529986575901154
2010-07-20,0.13334019104696
2010-07-21,1.66704409431078
2010-07-22,3.92885613478184
2010-07-23,-2.32882200013775
2010-07-26,1.27653967377301
2010-07-27,-1.49503216311797
2010-07-28,-2.82333735933191
2010-07-29,3.25489635150062
2010-07-30,-2.1614890638662
2010-08-02,1.08158108468541
2010-08-03,0
2010-08-04,1.04030205757786
2010-08-05,-0.82038993376492
2010-08-06,0
2010-08-09,-1.12462275786158
2010-08-10,-1.84978139854222
2010-08-11,-0.0874733133550354
2010-08-12,0.666976973626054
2010-08-13,-1.55633133606243
2010-08-16,1.11046256409986
2010-08-17,-1.78793662329166
2010-08-18,0.229813116918232
2010-08-19,-0.454914638483439
2010-08-20,0.454914638483439
2010-08-23,-0.454914638483439
2010-08-24,0.938925055388085
2010-08-25,-0.484010416904646
2010-08-26,0.670742148117975
2010-08-27,-0.717706430036325
2010-08-30,0.717706430036325
2010-08-31,0.6302324817264
2010-09-01,-0.8533136875708
2010-09-02,1.33108295578444
2010-09-03,-1.24801784873441
2010-09-06,-0.129819569056533
2010-09-07,-1.35494212761027
2010-09-08,0.0473921179982018
2010-09-09,-0.914938820299316
2010-09-10,1.99880418388361
2010-09-13,1.12375279560508
2010-09-14,2.3210692308913
2010-09-15,2.15029936541846
2010-09-16,-1.15900257257908
2010-09-17,1.87539425272396
2010-09-20,-0.377183331887343
2010-09-21,5.75945617882443
2010-09-22,-1.00110258010737
2010-09-23,0
2010-09-24,0.964031217310257
2010-09-27,-0.763007330629417
2010-09-28,1.59840323049307
2010-09-29,2.31702169862547
2010-09-30,2.14593835746393
2010-10-01,1.12768361416768
2010-10-04,-1.00907266609105
2010-10-05,0.569128582871192
2010-10-06,-2.40794509812612
2010-10-07,-4.1451981549939
2010-10-08,-3.39433420391511
2010-10-11,3.7990329769876
2010-10-12,-0.600658337482773
2010-10-13,2.78179492197985
2010-10-14,-0.113618300222251
2010-10-15,-0.95034296824914
2010-10-18,-3.96596838383747
2010-10-19,-3.26736023446523
2010-10-20,-0.728104457347412
2010-10-21,0.856334895119426
2010-10-22,0.216631466729211
2010-10-25,3.95365574768087
2010-10-26,2.81538054310522
2010-10-27,1.92554370861555
2010-10-28,1.24113876741836
2010-10-29,0.732051451278481
2010-11-02,1.84825477609474
2010-11-03,0.372504437321108
2010-11-04,-0.337794266892777
2010-11-05,0.337794266892777
2010-11-08,-0.715915846559101
2010-11-09,-0.375185851501403
2010-11-10,0.375185851501403
2010-11-12,-4.22018560268236
2010-11-15,1.16506172199751
2010-11-16,2.67993802918345
2010-11-17,0
2010-11-18,0.187768881176487
2010-11-19,-0.942390107936752
2010-11-22,1.88894747703903
2010-11-23,-1.17367137308406
2010-11-24,0.792652553973028
2010-11-25,-4.1722538705065
2010-11-26,-0.0361892702764433
2010-11-29,1.55334211935148
2010-11-30,0
2010-12-01,3.69942933203546
2010-12-02,3.36009999463198
2010-12-03,2.12341386795831
2010-12-06,1.52446894898053
2010-12-07,-2.58670061431383
2010-12-08,-0.0369723738421701
2010-12-09,1.09920403917547
2010-12-10,-2.88596522226423
2010-12-13,1.11063723535447
2010-12-14,0.0785659684384932
2010-12-15,-0.0785659684384932
2010-12-16,-0.389605499664514
2010-12-17,-0.683392942196237
2010-12-20,-4.4328231755915
2010-12-21,2.31573833727623
2010-12-22,-0.440859318265607
2010-12-23,0
2010-12-27,-1.1215715878429
2010-12-28,-0.29542118974315
2010-12-29,0.291083077255205
2010-12-30,-0.770825809051567
2010-12-31,-1.84430552994437
2011-01-03,4.77378183597752
2011-01-04,4.89640149856552
2011-01-05,2.24656688203382
2011-01-07,1.35062909051591
2011-01-10,0.299838623421955
2011-01-11,2.12737149052891
2011-01-12,1.53355224488347
2011-01-13,7.4833293528302
2011-01-14,3.25081660283466
2011-01-17,-2.05800075908131
2011-01-18,-0.592900737198221
2011-01-19,-1.5048354196598
2011-01-20,-0.337505593896825
2011-01-21,0.337505593896825
2011-01-24,-0.609038864849065
2011-01-25,1.72243011965159
2011-01-26,-0.361626319889741
2011-01-27,-0.181304746153454
2011-01-28,-3.0255956731037
2011-01-31,-1.40181594634745
2011-02-01,-0.827813232479757
2011-02-02,-3.19527939934443
2011-02-03,0.166951281426675
2011-02-04,-3.09162079162375
2011-02-07,3.09162079162375
2011-02-08,1.46400070689685
2011-02-09,-1.1384894429443
2011-02-10,-1.81126379264551
2011-02-11,-0.66791746866719
2011-02-14,1.17073005045309
2011-02-15,-0.838144083738968
2011-02-16,0.998817415933173
2011-02-17,-3.0150697877191
2011-02-18,0.338223471047083
2011-02-21,2.67684631667202
2011-02-22,-0.49432016814035
2011-02-23,-0.87582788759919
2011-02-24,-0.969614886059356
2011-02-25,2.01048781467392
2011-02-28,3.88518863870306
2011-03-01,-1.0830162974194
2011-03-02,-1.49152760353775
2011-03-03,-0.981369610620941
2011-03-04,0.655315333286177
2011-03-07,-1.65413274921935
2011-03-08,0
2011-03-09,0
2011-03-10,-0.666281759834142
2011-03-11,-2.72240895629419
2011-03-14,0.031946330437016
2011-03-15,-0.031946330437016
2011-03-16,0.207468954086032
2011-03-17,-1.07792913248552
2011-03-18,0.87046017839949
2011-03-21,0.684607036235763
2011-03-22,0.174381781666044
2011-03-23,0.308385963769497
2011-03-24,0.507945100146578
2011-03-25,-1.50372822775195
2011-03-28,0.651752893274926
2011-03-29,2.23276020207335
2011-03-30,3.28835373872396
2011-03-31,0.951304482587778
2011-04-01,0.0816508358902013
2011-04-04,-0.0668002696850856
2011-04-05,1.59101798246657
2011-04-06,1.69191609511565
2011-04-07,5.17009566477125
2011-04-08,-4.08745891782138
2011-04-11,-0.281143977778742
2011-04-12,-2.01590700017888
2011-04-13,1.98739260021381
2011-04-14,-0.310620240111259
2011-04-15,0.339134640076333
2011-04-18,-1.5515323447588
2011-04-19,-0.624502792117498
2011-04-20,0.624502792117498
2011-04-21,0
2011-04-26,-0.0941517360878219
2011-04-27,-0.217612156091418
2011-04-28,1.70993564907564
2011-04-29,0.160487917611363
2011-05-02,1.36966625978956
2011-05-04,-0.186472039256058
2011-05-05,0.0316895831951047
2011-05-06,-0.303222854147345
2011-05-09,-1.22574501105048
2011-05-10,-1.24457561303855
2011-05-11,-0.344446597871872
2011-05-12,-2.18844790412267
2011-05-13,2.2211306098153
2011-05-16,-3.51016936318964
2011-05-17,-3.63787865425289
2011-05-18,-0.673034313914345
2011-05-19,0
2011-05-20,-0.677594776601564
2011-05-23,-1.44930073025664
2011-05-24,0.416233691468726
2011-05-25,-1.2134998432459
2011-05-26,1.17754801830356
2011-05-27,-0.312125103338712
2011-05-30,0.136174324150806
2011-05-31,0.199920098573969
2011-06-01,-1.02379695809116
2011-06-02,0.0282445984083779
2011-06-03,-0.521793073871901
2011-06-06,0.352205695748831
2011-06-07,1.30484637663528
2011-06-08,1.42576672638262
2011-06-09,-0.141665378642886
2011-06-10,-1.42380798656916
2011-06-13,-0.681365361520614
2011-06-14,1.03623724254325
2011-06-15,0.0994569731695982
2011-06-16,-0.454328854192232
2011-06-17,3.3968122923584
2011-06-20,1.64280245904123
2011-06-21,0
2011-06-22,-2.14987741963535
2011-06-24,1.52122009994158
2011-06-27,-3.16056900617743
2011-06-28,-0.379417102070345
2011-06-29,1.7856566133414
2011-06-30,0.337831599822813
2011-07-01,5.8899200645897
2011-07-04,-1.96725235565371
2011-07-05,-0.917420450421558
2011-07-06,-3.00524725851443
2011-07-07,1.34767739915373
2011-07-08,-1.28179741459733
2011-07-11,0.575568947710758
2011-07-12,2.724280861481
2011-07-13,1.2737602384103
2011-07-14,-3.9633810567969
2011-07-15,0
2011-07-18,1.00376292924684
2011-07-19,-3.73606669613373
2011-07-20,0.0316518301356261
2011-07-21,-0.0593554020947629
2011-07-22,1.16481719960477
2011-07-25,-0.789493289443355
2011-07-26,-2.79917512013421
2011-07-27,-3.97934875631667
2011-07-28,0
2011-07-29,0.370667203385322
2011-08-01,2.54050440361673
2011-08-02,0.360051123386862
2011-08-03,-2.16749119070321
2011-08-04,-8.80743184001647
2011-08-05,-0.365297209869153
2011-08-08,-4.123188333174
2011-08-09,-4.20105093943639
2011-08-10,-9.10783194852463
2011-08-11,2.35722893736057
2011-08-12,7.17725444965112
2011-08-16,2.97990886641148
2011-08-17,0
2011-08-18,-5.12654754785307
2011-08-19,0.881240438693309
2011-08-22,3.19225902435347
2011-08-23,-2.35351222009226
2011-08-24,1.71534174344594
2011-08-25,-2.0739435820611
2011-08-26,0.358601838615158
2011-08-29,1.2892569104638
2011-08-30,1.94898152335208
2011-08-31,4.97157125770769
2011-09-01,-1.08671696154077
2011-09-02,-3.92336768004369
2011-09-05,-3.19972504993911
2011-09-06,0
2011-09-07,0.644236332954273
2011-09-08,0.978207225103933
2011-09-09,0.983263373518284
2011-09-12,-1.96147059862222
2011-09-13,-0.644236332954273
2011-09-14,0.243315163364999
2011-09-15,1.89630363017947
2011-09-16,2.52277752196024
2011-09-19,-1.71337046156905
2011-09-20,0.668737908726325
2011-09-21,3.70883488834837
2011-09-22,-3.70883488834837
2011-09-23,-3.61776376266199
2011-09-26,-0.623396777377883
2011-09-27,2.81166790232867
2011-09-28,1.7693603687059
2011-09-29,-0.12910940227413
2011-09-30,-0.845711638076363
2011-10-03,0.63495330935579
2011-10-04,-1.47814496911751
2011-10-05,-0.639541321090986
2011-10-06,1.53097690305435
2011-10-07,-0.425347443931345
2011-10-10,3.66184517292809
2011-10-11,-3.31852625056892
2011-10-12,2.91144148747078
2011-10-13,0.0375023443360156
2011-10-14,3.23270719879063
2011-10-17,-0.806437611922695
2011-10-18,-2.83486473087975
2011-10-19,2.44067620193933
2011-10-20,-2.64795945324345
2011-10-21,2.96892813633534
2011-10-24,5.67717595142696
2011-10-25,-0.147167061145614
2011-10-26,-3.23553104047622
2011-10-27,6.02903263935635
2011-10-28,-1.10975767251915
2011-10-31,-5.15219780450642
2011-11-02,-1.38176135017067
2011-11-03,2.85522387358865
2011-11-04,1.99499135472747
2011-11-07,0
2011-11-08,0.712176866839709
2011-11-09,-1.09843692219327
2011-11-10,-0.755115872798617
2011-11-14,0.755115872798617
2011-11-15,-0.912969102103567
2011-11-16,0.912969102103567
2011-11-17,-5.46471751801967
2011-11-18,-1.17338621654048
2011-11-21,-6.11242819417521
2011-11-22,-1.48298313721549
2011-11-23,-1.81625411070705
2011-11-24,-4.14880490655904
2011-11-25,0.747558023698591
2011-11-28,3.27352968243
2011-11-29,2.78271811539872
2011-11-30,2.56694911896984
2011-12-01,0.801162586425885
2011-12-02,2.94145818725706
2011-12-05,2.0146693799576
2011-12-06,-1.2011465426276
2011-12-07,2.20252040867779
2011-12-08,0
2011-12-09,-0.194936254127498
2011-12-12,0.394013326481213
2011-12-13,2.72425951445423
2011-12-14,-1.74372721283174
2011-12-15,-1.77467347518374
2011-12-16,-0.406309764842661
2011-12-19,1.20045093840391
2011-12-20,3.49977986458034
2011-12-21,8.76149541112929
2011-12-22,1.38579517253725
2011-12-23,0
2011-12-27,-1.38579517253725
2011-12-28,2.58524511227387
2011-12-29,-2.23798789301921
2011-12-30,-0.55939731122141
2012-01-02,3.13967812080902
2012-01-03,-1.8893631945073
2012-01-04,0.347620338202281
2012-01-05,-0.970823704812851
2012-01-09,2.65225848558392
2012-01-10,-0.450818842885914
2012-01-11,-0.198849855951
2012-01-12,-0.171875042311376
2012-01-13,-0.552780002115272
2012-01-16,-0.307111037507513
2012-01-17,1.70857445332304
2012-01-18,0.166553732701535
2012-01-19,-0.504385332524349
2012-01-20,-1.37074285350023
2012-01-23,-1.00268352188837
2012-01-24,-1.44025918493123
2012-01-25,4.42250954463481
2012-01-26,1.04225699756655
2012-01-27,-0.302711218797835
2012-01-30,-0.639078209747623
2012-01-31,1.26647123939465
2012-02-01,-0.019069776369296
2012-02-02,-0.271184017384885
2012-02-03,-1.00711979446486
2012-02-06,-1.18924101838913
2012-02-07,-2.52997637940675
2012-02-08,5.02040450493997
2012-02-09,0.0381271927754501
2012-02-10,-0.669333741347522
2012-02-13,3.91720040550765
2012-02-14,-1.22896825913479
2012-02-15,3.77569314180981
2012-02-16,-2.54672488267502
2012-02-17,0.995069621677169
2012-02-20,-0.995069621677169
2012-02-21,0.0332060438050341
2012-02-22,-0.0959586713234373
2012-02-23,-2.6528541023481
2012-02-24,4.03168049382621
2012-02-27,0.316346644926657
2012-02-28,2.75353510476255
2012-02-29,-1.21881228054828
2012-03-01,1.87007397728958
2012-03-02,5.40247442701798
2012-03-05,-0.700563313584102
2012-03-06,-1.65058681258219
2012-03-07,2.93122699678663
2012-03-08,-0.029750591099198
2012-03-09,1.1210769176869
2012-03-12,-0.540887388400968
2012-03-13,0.599716687087559
2012-03-14,1.97667500527268
2012-03-15,0.28469542444598
2012-03-16,-0.872639480473891
2012-03-19,-2.53888657451906
2012-03-20,2.56788282131919
2012-03-21,0.138421693141266
2012-03-22,-0.703750846534934
2012-03-23,4.43249875442175
2012-03-26,-0.546941914747068
2012-03-27,0.546941914747068
2012-03-28,-3.58730516860577
2012-03-29,-1.55393220712963
2012-03-30,-0.143659421337583
2012-04-02,0.540911742784367
2012-04-03,0.876815453260527
2012-04-04,0.843643233673763
2012-04-05,-1.49323750305665
2012-04-10,1.93625905600023
2012-04-11,-0.417470610613568
2012-04-12,5.93577067351632
2012-04-13,-1.45810971102924
2012-04-16,1.6925693591336
2012-04-17,2.36470943573712
2012-04-18,1.27033932556233
2012-04-19,3.06769023746019
2012-04-20,-2.18566220924208
2012-04-23,-2.15236735378044
2012-04-24,0.508906950747123
2012-04-25,-0.356548292502046
2012-04-26,0.865781035141922
2012-04-27,-2.28700501611709
2012-04-30,-0.0356421531633622
2012-05-02,0.893153543314229
2012-05-04,2.14097279566334
2012-05-07,-1.78534632790015
2012-05-08,0.0293341157867388
2012-05-09,-1.13562167266466
2012-05-10,2.43235434725628
2012-05-11,-0.30155439228241
2012-05-14,0.30155439228241
2012-05-15,0.632045856517705
2012-05-16,0
2012-05-17,-2.88360852429328
2012-05-18,1.56886701020773
2012-05-21,0.937148721067338
2012-05-22,-1.39878689261663
2012-05-23,-2.14902895054996
2012-05-24,1.24886402069673
2012-05-25,-1.03664807866433
2012-05-28,1.70519229366488
2012-05-29,-0.668544215000555
2012-05-30,-1.82500965043344
2012-05-31,1.29466160794802
2012-06-01,-1.40004680054475
2012-06-04,1.64927550776186
2012-06-05,2.96341769068893
2012-06-06,3.06243214381619
2012-06-08,4.78304673705727
2012-06-11,1.84990386948307
2012-06-12,-3.01362535297525
2012-06-13,-1.89881701535195
2012-06-14,-1.08362541019278
2012-06-15,-1.3536916316756
2012-06-18,0.0112397437456835
2012-06-19,0
2012-06-20,1.60824013376928
2012-06-21,1.53923060871271
2012-06-22,-2.91172748108095
2012-06-25,-0.494577526995688
2012-06-26,-0.465898542896159
2012-06-27,-2.65282759557577
2012-06-28,-1.20462248450557
2012-06-29,5.77481785801273
2012-07-02,3.56455021552686
2012-07-03,1.06069272572036
2012-07-04,-3.89492903660966
2012-07-05,-0.245608832917243
2012-07-06,-0.629185661439058
2012-07-09,-1.95134990713588
2012-07-10,-2.39302154522525
2012-07-11,3.262494050737
2012-07-12,1.22635799134287
2012-07-13,0.291104878496462
2012-07-16,0.221226792288931
2012-07-17,-0.512331670785393
2012-07-18,-2.61603577191027
2012-07-19,1.3896777805674
2012-07-20,-0.744798342247188
2012-07-23,-3.80366152442266
2012-07-24,2.80474888262647
2012-07-25,0.499280648021783
2012-07-26,0
2012-07-27,0.44864771282298
2012-07-30,-2.82453519585144
2012-07-31,0.357823768313059
2012-08-01,-2.19014713772467
2012-08-02,0.904181321791819
2012-08-03,-1.8226038080154
2012-08-06,1.30650787798543
2012-08-07,0
2012-08-08,-1.12394142248822
2012-08-09,-1.77689939921897
2012-08-10,2.90084082170718
2012-08-13,1.28965815598936
2012-08-14,2.53046730468887
2012-08-16,3.92612119894928
2012-08-17,0.931480751762548
2012-08-20,0.758899057807261
2012-08-21,2.20063960936949
2012-08-22,1.48646266803856
2012-08-23,3.80092050769072
2012-08-24,-3.57298837419786
2012-08-27,-1.48567905846742
2012-08-28,-0.81471678647147
2012-08-29,-10.40582579825
2012-08-30,1.15662250905348
2012-08-31,2.0180637147154
2012-09-03,2.10362149391727
2012-09-04,-2.85491407405054
2012-09-05,1.22260318257164
2012-09-06,0.150012057398285
2012-09-07,1.65214197886141
2012-09-10,2.13309861671007
2012-09-11,-0.721531458459745
2012-09-12,-0.970212400920145
2012-09-13,-0.83158827740637
2012-09-14,0.468097817669788
2012-09-17,-3.98969855833595
2012-09-18,-5.02782381413107
2012-09-19,0.47950078215897
2012-09-20,1.58292460671001
2012-09-21,3.59982683001183
2012-09-24,-1.39817883215798
2012-09-25,2.40212004945253
2012-09-26,-1.00394121729455
2012-09-27,-1.52652608739432
2012-09-28,1.01930577172884
2012-10-01,-0.765687200347687
2012-10-02,0.157095511449201
2012-10-03,-1.44051678475736
2012-10-04,-0.259855454062352
2012-10-05,0.389530400765148
2012-10-08,-0.650062863022249
2012-10-09,-1.04597541572833
2012-10-10,1.30650787798543
2012-10-11,-0.783642586628153
2012-10-12,0.783642586628153
2012-10-15,-0.127220834035047
2012-10-16,-0.133311628222055
2012-10-17,0.204338562252726
2012-10-18,0.0561939000043754
2012-10-19,-0.260532462257101
2012-10-22,0
2012-10-23,0.233918235317221
2012-10-24,-0.100606607095166
2012-10-25,-0.3915524698761
2012-10-26,0.752083608943588
2012-10-29,1.15553973702549
2012-10-30,-0.999319641292784
2012-10-31,0.870934936450274
2012-11-02,0.0291928187739376
2012-11-05,0
2012-11-06,-1.02980270192701
2012-11-07,0.514760008900605
2012-11-08,1.00421208215185
2012-11-09,3.97199584321291
2012-11-12,1.75433386929891
2012-11-13,0
2012-11-14,-1.23923479217147
2012-11-15,-0.954328196031007
2012-11-16,-0.618744239737357
2012-11-19,0.247957298076651
2012-11-20,-0.0253310630550008
2012-11-21,1.73849480565451
2012-11-22,2.04544184706208
2012-11-23,-0.953166257797511
2012-11-26,0.499502901456594
2012-11-27,-7.70024273116272
2012-11-28,6.71522874748938
2012-11-29,5.40816931131349
2012-11-30,0.454823857881115
2012-12-03,0.798072342848721
2012-12-04,3.44124870757589
2012-12-05,1.51699318958349
2012-12-06,-1.08298087679417
2012-12-07,2.15193684121529
2012-12-10,-2.58594915400461
2012-12-11,0.196158827346871
2012-12-12,-0.854482485661645
2012-12-13,0.484189929395784
2012-12-14,-0.702090407583045
2012-12-17,2.28544549798468
2012-12-18,-0.626884235978453
2012-12-19,0.734656064079298
2012-12-20,0.212753030057566
2012-12-21,-0.863597123840165
2012-12-27,-2.71744993078271
2012-12-28,-2.84284407332391
2013-01-02,1.13706756266572
2013-01-03,3.99108965842934
2013-01-04,2.15193684121529
2013-01-07,1.39499111462116
2013-01-08,-1.39499111462116
2013-01-09,-1.65083114074496
2013-01-10,3.75506196588251
2013-01-11,2.87530618624028
2013-01-14,-1.63322985905716
2013-01-15,-1.86775489592841
2013-01-16,-1.47855225639226
2013-01-17,0.319195512101222
2013-01-18,-0.319195512101222
2013-01-21,-1.5450071186625
2013-01-22,1.5450071186625
2013-01-23,1.66452341294283
2013-01-24,0.439707412194723
2013-01-25,0
2013-01-28,2.06551022441857
2013-01-29,2.01687895374678
2013-01-30,1.97923597209364
2013-01-31,-1.38224637715552
2013-02-01,-0.396839415536743
2013-02-04,1.77908579269226
2013-02-05,0
2013-02-06,0
2013-02-07,-2.49967815208838
2013-02-08,1.51495680490901
2013-02-11,-0.592346467579752
2013-02-12,-1.18614529363263
2013-02-13,0.281842011435884
2013-02-14,-0.907937418218063
2013-02-15,-1.84098597697817
2013-02-18,0.307631132508934
2013-02-19,0.514512699843017
2013-02-20,3.42342931262078
2013-02-21,2.34812187398274
2013-02-22,2.3888876679639
2013-02-25,2.88818795370949
2013-02-26,-2.32222151564567
2013-02-27,1.67472593270395
2013-02-28,-2.14614190816262
2013-03-01,-0.945215177325709
2013-03-04,0.947363012844527
2013-03-05,-1.71570181288168
2013-03-06,-2.52466585881757
2013-03-07,-0.392918991760416
2013-03-08,1.76162964413646
2013-03-11,1.34804886748356
2013-03-12,1.99287629177949
2013-03-13,0.842988643298126
2013-03-14,1.20314560404822
2013-03-15,3.43796724259815
2013-03-18,-1.97836049131075
2013-03-19,-3.0365369301883
2013-03-20,0.927638648939233
2013-03-21,-1.4888085468002
2013-03-22,-0.0963339651701478
2013-03-25,2.14013889114502
2013-03-26,-2.04380492597487
2013-03-27,-0.282843189269721
2013-03-28,0.186509224099574
2013-04-02,-0.377666643478136
2013-04-03,-0.0924880422975782
2013-04-04,-4.24632522766939
2013-04-05,0.983050433248156
2013-04-08,-1.38124670522783
2013-04-09,-0.397525029976142
2013-04-10,1.57847790405556
2013-04-11,3.08411880306187
2013-04-12,1.03790430286916
2013-04-15,4.19278858539478
2013-04-17,-1.96460212040468
2013-04-18,-3.64481761777449
2013-04-19,-0.960802171128794
2013-04-22,-2.72512147948634
2013-04-23,-0.398986159042236
2013-04-24,5.97074503088719
2013-04-25,-0.189549291633861
2013-04-26,3.85982015902644
2013-04-29,2.66342418944778
2013-04-30,-0.1659021558023
2013-05-02,1.29193059616823
2013-05-06,-3.78945262981372
2013-05-07,0.00820395020659781
2013-05-08,2.63324902144797
2013-05-09,0.902823957995391
2013-05-10,-8.15302000542784
2013-05-13,2.23855076642274
2013-05-14,3.37223128520727
2013-05-15,2.10178726853312
2013-05-16,0.436491308470099
2013-05-17,4.25183692434445
2013-05-20,1.65772002873124
2013-05-21,-0.82448421778003
2013-05-22,-2.22411070325341
2013-05-23,2.22411070325341
2013-05-24,2.12968081775813
2013-05-27,1.84144411821152
2013-05-28,1.33820309447694
2013-05-29,-0.473955727371589
2013-05-31,3.31309668150821
2013-06-03,-1.74602056326059
2013-06-04,0.764791828694733
2013-06-05,-0.451135183882378
2013-06-06,-0.313656644812355
2013-06-07,-0.79025181800958
2013-06-10,-1.27465518561483
2013-06-11,1.11799068258165
2013-06-12,-2.16665687118862
2013-06-13,-6.10343627293335
2013-06-14,0.515390433487717
2013-06-17,0.600821455926814
2013-06-18,-1.8095060526639
2013-06-19,-0.782553147404919
2013-06-20,-9.44542170688951
2013-06-21,0.671230092140407
2013-06-24,6.73848780989093
2013-06-25,-3.63312677791487
2013-06-26,5.14107291347563
2013-06-27,-0.43929150903792
2013-06-28,3.6432802470153
2013-07-01,-1.20038375802567
2013-07-02,5.04181631588292
2013-07-03,0
2013-07-04,-0.128892098346522
2013-07-05,-1.85593425667512
2013-07-08,-1.34925231359984
2013-07-09,-1.53371358802894
2013-07-10,0.685408921246777
2013-07-11,0.817859790800179
2013-07-12,1.71324945235956
2013-07-15,-1.68280457637757
2013-07-16,-1.70773764726144
2013-07-17,-2.35567623250383
2013-07-18,0.263181479886665
2013-07-19,-1.4190563628953
2013-07-22,1.77217313000231
2013-07-23,4.29205766824703
2013-07-24,0.837862540902146
2013-07-25,-0.988897156533541
2013-07-26,0.320676335390369
2013-07-29,3.69015545525144
2013-07-30,-1.37066054186437
2013-07-31,-2.48913663314605
2013-08-01,-0.844942035475427
2013-08-02,-0.848304666782163
2013-08-05,2.53110924315973
2013-08-06,1.32319343670728
2013-08-07,0.541308191197887
2013-08-08,1.41303230786254
2013-08-09,0
2013-08-12,-1.87314170519919
2013-08-13,2.67735823627575
2013-08-14,0.637321121027146
2013-08-16,-1.92609891165008
2013-08-19,-2.79297267622134
2013-08-20,-2.53110924315973
2013-08-21,-0.85943298047928
2013-08-22,-0.866883307784327
2013-08-23,-2.28451615490637
2013-08-26,-3.77526187894777
2013-08-27,-5.73878097001153
2013-08-28,-8.36442798258816
2013-08-29,4.16546626584613
2013-08-30,5.75083349204109
2013-09-02,0.192301518807136
2013-09-03,-0.963047526459038
2013-09-04,-9.14555375023531
2013-09-05,-0.853845068474746
2013-09-06,-2.41104764473885
2013-09-09,-2.20035819312918
2013-09-10,7.04799730477288
2013-09-11,3.60149726807091
2013-09-12,3.43247425410746
2013-09-13,-0.544864692737912
2013-09-16,-0.889563521341463
2013-09-17,2.73401005135812
2013-09-18,-3.72804291940549
2013-09-19,1.98268369340378
2013-09-20,0
2013-09-23,-2.08375619344503
2013-09-24,3.05836941179485
2013-09-25,-0.974613218349818
2013-09-26,-4.61899426857753
2013-09-27,0.613520002538159
2013-09-30,-1.80997278363657
2013-10-01,-0.690505406113351
2013-10-02,-3.77195503857934
2013-10-03,-6.78628206362966
2013-10-04,4.32195982747792
2013-10-07,2.85381614368099
2013-10-08,1.71747305495389
2013-10-09,-2.1508801127375
2013-10-10,-0.197848161165926
2013-10-11,4.45431796741875
2013-10-14,2.0598765723308
2013-10-15,1.01877740065488
2013-10-16,-3.18159963145384
2013-10-17,0.229143384961805
2013-10-18,1.52738417130607
2013-10-21,2.42908524716667
2013-10-22,0.615455420017375
2013-10-23,-0.615455420017375
2013-10-24,0.239918497987857
2013-10-25,0.357686154399106
2013-10-28,-2.41900833406539
2013-10-29,-0.444506276762713
2013-10-30,0.243119385805546
2013-10-31,-3.42310062180826
2013-11-04,-0.0213373796136729
2013-11-05,-2.00454546423878
2013-11-06,0.299517132127658
2013-11-07,0.749679132220482
2013-11-08,-3.01083379934552
2013-11-12,5.10021455566276
2013-11-13,2.63745450148805
2013-11-14,1.69574251614288
2013-11-15,4.89772234116392
2013-11-18,3.68286530557502
2013-11-19,0.767608391126906
2013-11-20,-0.728469850494839
2013-11-21,-1.8562741345145
2013-11-22,-3.05487595879774
2013-11-25,0.211768344153862
2013-11-26,-0.482533474756774
2013-11-27,-0.871408254735595
2013-11-28,-2.46767494249425
2013-11-29,0.458701004541151
2013-12-02,-0.899240252903244
2013-12-03,0.341811482136078
2013-12-04,0
2013-12-05,-2.02279057263559
2013-12-06,-4.27060367099088
2013-12-09,-2.37081112372146
2013-12-10,-0.769206205945761
2013-12-11,-2.22009617153081
2013-12-12,2.00029143749947
2013-12-13,2.18144226902872
2013-12-16,-1.96163753499738
2013-12-17,0
2013-12-18,1.85271956365813
2013-12-19,-0.868312257346116
2013-12-20,0.909472990588256
2013-12-23,1.28677140761644
2013-12-27,2.17009272381059
2013-12-30,-0.64750959370623
2014-01-02,4.73017673867262
2014-01-03,-2.02279057263559
2014-01-07,-5.12776206614776
2014-01-08,0.536284577547175
2014-01-09,-3.70127624871506
2014-01-10,0.308143679624218
2014-01-13,-4.61053859340241
2014-01-14,-3.17830632526244
2014-01-15,-1.80521553313477
2014-01-16,-0.731861006659695
2014-01-17,-1.23179833845128
2014-01-20,-0.499798608429991
2014-01-21,1.24069689873521
2014-01-22,1.70770956003081
2014-01-23,0.241595187887089
2014-01-24,-1.9493047479179
2014-01-27,-2.74673247095825
2014-01-28,2.49483271007223
2014-01-29,0
2014-01-30,-1.48829306917104
2014-01-31,2.71959486506828
2014-02-03,7.0599523113549
2014-02-04,-1.02825373580302
2014-02-05,2.33854302624334
2014-02-06,-0.292501091091291
2014-02-07,-1.01778819934903
2014-02-10,-1.14430641094732
2014-02-11,-0.574506005396724
2014-02-12,-1.27722995728545
2014-02-13,1.83109026852639
2014-02-14,-1.13168596892512
2014-02-17,0
2014-02-18,0.232051937730171
2014-02-19,0
2014-02-20,1.63252062885597
2014-02-21,1.67686856024503
2014-02-24,-0.360942880851134
2014-02-25,1.36121444805712
2014-02-26,-4.54171269403716
2014-02-27,-0.959982192654341
2014-02-28,-6.89778114160937
2014-03-03,-3.30119818709549
2014-03-04,2.41343797814069
2014-03-05,-0.459731538856634
2014-03-06,-1.07617647276097
2014-03-07,0.694797599958186
2014-03-10,-2.11958460604884
2014-03-11,1.94130068488962
2014-03-12,0
2014-03-13,-1.68339485335491
2014-03-14,0.391447099520104
2014-03-17,2.33697909523984
2014-03-18,1.98528882342268
2014-03-19,-3.03032016482772
2014-03-20,2.07925462798157
2014-03-21,-0.960197715904076
2014-03-24,-1.1190569120775
2014-03-25,-0.386412615302856
2014-03-26,0.386412615302856
2014-03-27,0.513859518227067
2014-03-28,-0.920498963043359
2014-03-31,2.91064260521656
2014-04-01,0.777300152993776
2014-04-02,-2.00583418065303
2014-04-03,-1.53194972751205
2014-04-04,-0.517843576897015
2014-04-07,-0.879805243959675
2014-04-08,-0.943722184310802
2014-04-09,0.5244097690976
2014-04-10,1.55692815204196
2014-04-11,-0.257810492869082
2014-04-14,1.23376503727548
2014-04-15,0.838758768723169
2014-04-16,-0.0227305015895851
2014-04-17,1.13024288139405
2014-04-22,0.252553731725058
2014-04-23,0.195990655188671
2014-04-24,-1.32620096381881
2014-04-25,1.67523171171662
2014-04-28,-0.573051451481676
2014-04-29,0.893087345996069
2014-04-30,-1.11761102932593
2014-05-02,0.44854438691373
2014-05-05,-0.17077032747097
2014-05-06,-2.42766161924757
2014-05-07,1.27223098289972
2014-05-08,1.30102367360148
2014-05-09,-2.08926957727367
2014-05-12,1.16734500821565
2014-05-13,0.723081155691485
2014-05-14,0.383329838857493
2014-05-15,0
2014-05-16,1.00863606737684
2014-05-19,1.49821702650277
2014-05-20,2.68445445351202
2014-05-21,-0.96711779650458
2014-05-22,4.75234474556259
2014-05-23,-0.442631433061624
2014-05-26,3.77175345314047
2014-05-27,-4.21377719916154
2014-05-28,0.649511300767003
2014-05-29,3.43083370661823
2014-05-30,-2.2757809220272
2014-06-02,-0.387769294578488
2014-06-03,-2.36133323483254
2014-06-04,-0.3777177342009
2014-06-05,1.85654976883649
2014-06-06,-0.117915473404651
2014-06-09,0.81232725028304
2014-06-10,0.53284742044335
2014-06-11,-2.23141295269644
2014-06-12,-0.165751617767995
2014-06-13,0.653639313223531
2014-06-16,0.0489154930265467
2014-06-17,-0.115891281207681
2014-06-18,0.4422396840702
2014-06-20,-0.208020414779542
2014-06-23,-0.396693031998563
2014-06-24,-1.9679260964347
2014-06-25,0.265513635393155
2014-06-26,-2.19777398923506
2014-06-27,-2.46973090750191
2014-06-30,0.524028251040187
2014-07-01,-0.524028251040187
2014-07-02,-1.00633953141989
2014-07-03,3.4760704389218
2014-07-04,-3.19859308338639
2014-07-07,-1.54699834854397
2014-07-08,0.281017467497557
2014-07-09,0.227046670113618
2014-07-10,-0.76447814699141
2014-07-11,1.27554537680119
2014-07-14,0.228158140154955
2014-07-15,1.27858144969948
2014-07-16,0.500883750321579
2014-07-17,3.17085973112392
2014-07-18,0.863822495013444
2014-07-21,-1.5858664591236
2014-07-22,1.68022339742722
2014-07-23,-0.0262013311775
2014-07-24,-0.0917587595678171
2014-07-25,0.117960090745317
2014-07-28,-0.670287840844264
2014-07-29,0.644086509666764
2014-07-30,-5.48012239770972
2014-07-31,-3.06652658878686
2014-08-01,-3.83454006182573
2014-08-04,3.05514415677588
2014-08-05,-0.924781899221427
2014-08-06,0
2014-08-07,-1.99698741005876
2014-08-08,-2.03768102345454
2014-08-11,1.6340477812085
2014-08-12,0
2014-08-13,-2.68241874875206
2014-08-14,-0.0550004597235976
2014-08-18,3.14105245072169
2014-08-19,-2.78104351931772
2014-08-20,-2.60708612444915
2014-08-21,-0.570534462975703
2014-08-22,-0.570646440309019
2014-08-25,0.881395784020222
2014-08-26,2.72668288076736
2014-08-27,-1.47777616693423
2014-08-28,-3.1440233036689
2014-08-29,0.146814784445892
2014-09-01,-0.585348801366958
2014-09-02,0.323484948591846
2014-09-03,4.12810711704599
2014-09-04,0.079744820812877
2014-09-05,-0.525645585761447
2014-09-08,0.697187977345193
2014-09-09,0.137633641032053
2014-09-10,-2.38784078042147
2014-09-11,-0.0876863390770311
2014-09-12,-0.144223257480691
2014-09-15,-1.80778354846458
2014-09-16,-2.05607178392881
2014-09-17,-2.21919914251005
2014-09-18,-2.85453451048348
2014-09-19,-0.219818051762477
2014-09-22,1.24382263058922
2014-09-23,-0.777285473449663
2014-09-24,0.0615847836626049
2014-09-25,-4.35520005041758
2014-09-26,0.974126019271448
2014-09-29,3.03845540702268
2014-09-30,0.779464477700165
2014-10-01,-0.129489556701801
2014-10-02,-0.835478237677068
2014-10-03,0
2014-10-06,2.92085546857317
2014-10-07,-0.150388531978507
2014-10-08,-2.30392977945511
2014-10-09,0.648156734560912
2014-10-10,-0.528443348280216
2014-10-13,2.30788571053888
2014-10-14,2.1022092944381
2014-10-15,2.08455517069051
2014-10-16,0.409194650436051
2014-10-17,-1.31018861437844
2014-10-20,2.77963900296236
2014-10-21,-0.2833398193272
2014-10-22,1.05061101528845
2014-10-23,-0.76727119596125
2014-10-24,-0.2833398193272
2014-10-27,-0.28730662098182
2014-10-28,0.28730662098182
2014-10-29,0.339911572674501
2014-10-30,-4.94313348936677
2014-10-31,-0.423449091117556
2014-11-03,-0.33207176692911
2014-11-04,-2.66286926093544
2014-11-05,-0.592721221357762
2014-11-06,0.404664475391181
2014-11-07,-2.03989924988628
2014-11-10,0
2014-11-12,0
2014-11-13,3.7332732730929
2014-11-14,6.22898813745252
2014-11-17,3.94298535626452
2014-11-18,4.85006447696104
2014-11-19,-0.342267418478137
2014-11-20,-1.64934675892496
2014-11-21,-0.135969989320461
2014-11-24,1.60209993411331
2014-11-25,0.525484232610252
2014-11-26,-1.32332582873058
2014-11-27,0
2014-11-28,-0.80425833799298
2014-12-01,-0.376358072894867
2014-12-02,1.63438418746109
2014-12-03,3.31233153691324
2014-12-04,-0.615072587173993
2014-12-05,5.77237290814065
2014-12-08,0.849795338715742
2014-12-09,-4.90829159047461
2014-12-10,-1.27698413473216
2014-12-11,0.333474945180434
2014-12-12,0.0253889446615307
2014-12-15,1.04380980825645
2014-12-16,-5.65888129473304
2014-12-17,-0.378810751891256
2014-12-18,-1.00125992924296
2014-12-19,3.66371496299918
2014-12-22,-0.237028583296439
2014-12-23,3.15623783592645
2014-12-29,-2.73460091590416
2014-12-30,-0.476638441187704
2015-01-02,0
2015-01-05,-2.26373928617396
2015-01-07,-0.269897691755094
2015-01-08,4.10227406074202
2015-01-09,-3.93906201210732
2015-01-12,-4.15313923404903
2015-01-13,-1.84040878745382
2015-01-14,1.558748976072
2015-01-15,-1.98782585850035
2015-01-16,0.655492073492203
2015-01-19,-1.52239809486185
2015-01-20,1.09429368882505
2015-01-21,1.33801172036128
2015-01-22,2.42924435572789
2015-01-23,0.77169049448309
2015-01-26,0
2015-01-27,0.276958452669973
2015-01-28,0.405022829902268
2015-01-29,-1.37168091292459
2015-01-30,1.563120054877
2015-02-02,0.134386545735943
2015-02-03,-0.0507470271640997
2015-02-04,-1.28619136424075
2015-02-05,2.36423283893905
2015-02-06,1.33505496571313
2015-02-09,0.18345690269399
2015-02-10,0.0261806759018768
2015-02-11,-1.38236203332918
2015-02-12,2.25115206833522
2015-02-13,0.0749409154805925
2015-02-16,-0.392621538454296
2015-02-17,-0.894912559373928
2015-02-18,2.87114825797103
2015-02-19,-1.00615080152249
2015-02-20,0.878449548304117
2015-02-23,-1.21705356202555
2015-02-24,0.048852681403222
2015-02-25,0
2015-02-26,-10.4444771982898
2015-02-27,-3.24454394571303
2015-03-02,-1.23644568493066
2015-03-03,-1.34315843512258
2015-03-04,-2.01123334767526
2015-03-05,0.933816178794089
2015-03-06,0.310479786763951
2015-03-09,-0.153413479334841
2015-03-10,-3.47136555989929
2015-03-11,0.320925669105554
2015-03-12,0.158319733317258
2015-03-13,1.42757350148934
2015-03-16,2.33604265724594
2015-03-17,0
2015-03-18,0
2015-03-19,1.52536219177644
2015-03-20,0
2015-03-23,-0.394227424913041
2015-03-24,-0.550503219674781
2015-03-25,-1.22937794219999
2015-03-26,-2.47360606820486
2015-03-27,3.58173513225868
2015-03-30,-0.398460714948046
2015-03-31,0.671064245871866
2015-04-01,1.39839080187851
2015-04-02,3.84262592411475
2015-04-07,0.866906021369651
2015-04-08,-0.866906021369651
2015-04-09,1.295982903798
2015-04-10,2.95918121390155
2015-04-13,2.06005742427
2015-04-14,0.704123206288942
2015-04-15,-1.38610448886118
2015-04-16,1.14499347592516
2015-04-17,0.214349590852736
2015-04-20,-0.023793944553363
2015-04-21,-0.244214911262564
2015-04-22,0
2015-04-23,-0.27171901282057
2015-04-24,-0.437493206491357
2015-04-27,0.437493206491357
2015-04-28,-0.985555286604711
2015-04-29,-1.96685661677276
2015-04-30,2.37968810815907
2015-05-04,1.97707863030212
2015-05-05,1.14618635028281
2015-05-06,3.25462757610193
2015-05-07,-2.73135535679168
2015-05-08,0.762546660261298
2015-05-11,1.04194444862462
2015-05-12,-3.93494340268017
2015-05-13,-3.69887410742731
2015-05-14,1.73975717818116
2015-05-15,2.63216233212895
2015-05-18,1.86828709858879
2015-05-19,-0.512413366973519
2015-05-20,0.0580315708022194
2015-05-21,-0.354517559577472
2015-05-22,0
2015-05-25,-1.08586962497386
2015-05-26,-0.277008487381591
2015-05-27,0
2015-05-28,0.682295385754683
2015-05-29,1.35367334949135
2015-06-01,0.135808732858189
2015-06-02,-0.483393371993479
2015-06-03,2.3429274434112
2015-06-05,1.72255751989949
2015-06-08,-0.884268130400656
2015-06-09,-0.838289389498836
2015-06-10,1.64173141703077
2015-06-11,0.954581713732994
2015-06-12,-0.695611601162449
2015-06-15,1.71773892277685
2015-06-16,-3.0954488861584
2015-06-17,0.315297823279082
2015-06-18,0
2015-06-19,-1.44669520093355
2015-06-22,1.44669520093355
2015-06-23,-0.366063540588968
2015-06-24,0.573841237128248
2015-06-25,-1.60030557614781
2015-06-26,-2.08799902055929
2015-06-29,-1.08558365933753
2015-06-30,2.00102792722152
2015-07-01,1.14404929368694
2015-07-02,0.582743949098052
2015-07-03,-0.448838887707437
2015-07-06,-0.823355804893344
2015-07-07,-0.189644330155536
2015-07-08,-1.09894393795442
2015-07-09,0.888766073208247
2015-07-10,0.187166214996992
2015-07-13,0.953410700590895
2015-07-14,1.70925014998464
2015-07-15,0.0756037837902568
2015-07-16,1.77555571705099
2015-07-17,0.968729355508691
2015-07-20,-0.685898110472394
2015-07-21,1.31571884807387
2015-07-22,3.60128739823495
2015-07-23,3.80583703141584
2015-07-24,-1.79010865359079
2015-07-27,-0.930454458597207
2015-07-28,-1.56938429960509
2015-07-29,-2.64201413680065
2015-07-30,3.89844961060146
2015-07-31,4.2846676448828
2015-08-03,-0.739812319242183
2015-08-04,-0.185185238107355
2015-08-05,-0.746713044815506
2015-08-06,0.372796401524234
2015-08-07,-0.914309402708113
2015-08-10,0.354592337499726
2015-08-11,0
2015-08-12,-0.944984931883086
2015-08-13,0.709574563835691
2015-08-14,-0.475036139900009
2015-08-17,0.284784570014818
2015-08-18,-0.0711201452380461
2015-08-19,-1.3764384424984
2015-08-20,1.87322052566903
2015-08-21,0.186920663684154
2015-08-24,-9.89153178649822
2015-08-25,7.03737641638145
2015-08-26,-0.192337741885051
2015-08-27,-0.972531259387299
2015-08-28,2.64947061307286
2015-08-31,-1.19419769468969
2015-09-01,1.43184585743872
2015-09-02,3.03415384894978
2015-09-03,0.688441148225749
2015-09-04,0.453893832239816
2015-09-07,-0.569536337592158
2015-09-08,0
2015-09-09,0.115642505352342
2015-09-10,0.22843117086917
2015-09-11,-0.916872319094919
2015-09-14,0
2015-09-15,0.116306418624257
2015-09-16,-0.692404955170955
2015-09-17,-0.579436672020339
2015-09-18,-1.16904407654705
2015-09-21,-1.47307395563034
2015-09-22,0.287636954181858
2015-09-23,2.35448107799554
2015-09-24,-0.70129863757602
2015-09-25,1.28073530959636
2015-09-28,-0.579436672020339
2015-09-29,1.15553520856704
2015-09-30,2.67757537517506
2015-10-01,0.247986740625938
2015-10-02,1.56750874393818
2015-10-05,3.03332615286145
2015-10-06,-1.18046579107967
2015-10-07,4.16238480247313
2015-10-08,0.763871014556328
2015-10-09,-0.1882051326624
2015-10-12,-7.9830338360658
2015-10-13,2.48688246119411
2015-10-14,2.15191580145078
2015-10-15,2.82873615388284
2015-10-16,-2.298485557154
2015-10-19,3.22536256396324
2015-10-20,0.409692203004086
2015-10-21,-2.06096703848444
2015-10-22,2.36823414150349
2015-10-23,2.51024800892083
2015-10-26,1.67419355026084
2015-10-27,0
2015-10-28,-2.21204238527428
2015-10-29,0.678796195297027
2015-10-30,3.34924394967535
2015-11-02,-1.73826911277968
2015-11-03,-3.051116655829
2015-11-04,-0.523135221726889
2015-11-05,-3.05615247004769
2015-11-06,-0.103273324252173
2015-11-09,1.13906623094557
2015-11-10,4.53483669711781
2015-11-12,1.25488038297568
2015-11-13,-0.742590687479927
2015-11-16,0.274117198528012
2015-11-17,3.83375463353568
2015-11-18,2.04794898259832
2015-11-19,0.186456197154161
2015-11-20,-1.29849936087201
2015-11-23,0.817767406048908
2015-11-24,-1.09721793520974
2015-11-25,0.931805112879047
2015-11-26,0.737262761431223
2015-11-27,-3.63302463137676
2015-11-30,-0.87850107184515
2015-12-01,1.90392062962288
2015-12-02,0.938537199288758
2015-12-03,0.187056925866091
2015-12-04,1.8476276167573
2015-12-07,1.63766487608505
2015-12-08,0.0329856903306336
2015-12-09,-6.54779293795071
2015-12-10,-5.59711708983803
2015-12-11,-1.5986562285208
2015-12-14,-0.600548771505016
2015-12-15,1.83271531566476
2015-12-16,0.0197852205048754
2015-12-17,6.89826134459293
2015-12-18,0.760304512740007
2015-12-21,1.40716405443375
2015-12-22,-3.70147561773009
2015-12-23,-0.775919148663462
2015-12-28,0.195068807857668
2015-12-29,0.194689030167261
2015-12-30,-6.0032671151891
2016-01-04,-4.01938930172769
2016-01-05,7.06391094205223
2016-01-07,0
2016-01-08,-0.340943750923106
2016-01-11,0.0432217498570697
2016-01-12,-3.51144695849053
2016-01-13,0.245859626315248
2016-01-14,0.663035024387337
2016-01-15,-1.28331356241613
2016-01-18,-2.00106500095956
2016-01-19,0.635053303851718
2016-01-20,-4.43244586148723
2016-01-21,4.39144918619889
2016-01-22,2.81442992467973
2016-01-25,-1.30414822803138
2016-01-26,3.15621556164496
2016-01-27,0.725716170984336
2016-01-28,4.67848843351413
2016-01-29,5.0526748709641
2016-02-01,-2.31789929067112
2016-02-02,-3.57873226921188
2016-02-03,3.59877275105216
2016-02-04,-0.467989807186386
2016-02-05,4.54954802599215
2016-02-08,0.0884513383053509
2016-02-09,0.10949432011671
2016-02-10,1.4145154543832
2016-02-11,2.3460060117845
2016-02-12,-2.3460060117845
2016-02-15,-6.16200913879741
2016-02-16,1.77790442246875
2016-02-17,3.23610014243583
2016-02-18,-2.24815594888734
2016-02-19,-0.309895315183262
2016-02-22,3.35334854143605
2016-02-23,-1.52750706551554
2016-02-24,-3.6296207333153
2016-02-25,-6.32219494700919
2016-02-26,-3.52595068203994
2016-02-29,1.85004183157345
2016-03-01,0.578997879964138
2016-03-02,-1.20714474467785
2016-03-03,4.93880268282982
2016-03-04,1.81181886474717
2016-03-07,-0.148886944830506
2016-03-08,-4.21887415946429
2016-03-09,0.805771959318369
2016-03-10,-1.78134770840233
2016-03-11,0.300532597830028
2016-03-14,0.634583615560791
2016-03-15,0.88423905475028
2016-03-16,-0.628979508777183
2016-03-17,4.43787896589929
2016-03-18,0.526989078624451
2016-03-21,0.879537927850693
2016-03-22,-0.280932881320295
2016-03-23,-0.655224464458515
2016-03-24,0
2016-03-29,-0.470369660696335
2016-03-30,0.395501940361109
2016-03-31,0.26280161485448
2016-04-01,0.0948431627632473
2016-04-04,1.11719559418897
2016-04-05,-0.0937889816817083
2016-04-06,0.848869467836666
2016-04-07,0.239241659097678
2016-04-08,-0.808998523238458
2016-04-11,2.4814485973788
2016-04-12,0.970205901904375
2016-04-13,0.888469224041932
2016-04-14,-2.14651786703564
2016-04-15,0.843674092029945
2016-04-18,0.218001610418606
2016-04-19,-0.162008945925329
2016-04-20,-2.17571680508253
2016-04-21,0.750745424178012
2016-04-22,-0.256820082932396
2016-04-25,-1.46724138142722
2016-04-26,-0.968801988809131
2016-04-27,0.261138712539077
2016-04-28,0.578099886707317
2016-04-29,0.919250032990826
2016-05-02,-0.753837210660135
2016-05-04,0.700462230397036
2016-05-05,-2.54739824010071
2016-05-06,-4.92030282907607
2016-05-09,-2.28225449858597
2016-05-10,1.92365521144904
2016-05-11,-0.102693575700963
2016-05-12,-0.203559139917431
2016-05-13,-4.57297753668655
2016-05-16,0.931923207327134
2016-05-17,-0.931923207327134
2016-05-18,2.10398439105601
2016-05-19,-3.82283509203067
2016-05-20,7.1227366525846
2016-05-23,-1.23712035385788
2016-05-24,0.406211938934486
2016-05-25,-0.406211938934486
2016-05-27,2.21928433573639
2016-05-30,-0.0990485102525529
2016-05-31,-2.14177455219757
2016-06-01,0.50922405194358
2016-06-02,0.52583324461013
2016-06-03,2.35761096152349
2016-06-06,-0.930920377980859
2016-06-07,-2.03399721444812
2016-06-08,-0.814080691725527
2016-06-09,-2.70026049253245
2016-06-10,-2.17172823259917
2016-06-13,-1.25658496022552
2016-06-14,-1.51270591288797
2016-06-15,1.27331164990356
2016-06-16,-1.74123632568466
2016-06-17,1.50126759104152
2016-06-20,1.56324811717017
2016-06-21,0.129552833620927
2016-06-22,-0.409687390216584
2016-06-23,1.56592627744914
2016-06-24,-3.5072876661677
2016-06-27,-0.398439392379135
2016-06-28,4.05380543251188
2016-06-29,1.95590601709097
2016-06-30,-4.03778075239671
2016-07-01,0.518283749753001
2016-07-04,-0.303338089386962
2016-07-05,-1.96765473942451
2016-07-06,-0.884485257005485
2016-07-07,3.09169385658259
2016-07-08,-0.780083336355331
2016-07-11,3.31801652960597
2016-07-12,3.61724390739737
2016-07-13,-3.24027825266939
2016-07-14,1.29082286195445
2016-07-15,0.250946636444604
2016-07-18,0.677674183382004
2016-07-19,0.0822243906544173
2016-07-20,3.44392508120999
2016-07-21,3.40805523855456
2016-07-22,1.42577387425669
2016-07-25,0.749810110440219
2016-07-26,-2.6351036143307
2016-07-27,0.362528371449322
2016-07-28,0.191870798575566
2016-07-29,0
2016-08-01,0.380630613912958
2016-08-02,-3.5268654245451
2016-08-03,1.58651512926533
2016-08-04,0.985028715245395
2016-08-05,1.52656272331759
2016-08-08,2.06315237049561
2016-08-09,-0.74675607890633
2016-08-10,0.35638728343832
2016-08-11,-0.169174821503049
2016-08-12,-0.598337109562319
2016-08-16,0.318373992216658
2016-08-17,-3.98969535983209
2016-08-18,0.119101414547096
2016-08-19,-10.4455654761176
2016-08-22,-0.694987023036564
2016-08-23,-0.326294551775685
2016-08-24,1.19200194223859
2016-08-25,-0.280134556595657
2016-08-26,-0.0433428770486799
2016-08-29,-0.324527206842884
2016-08-30,-2.41651106772447
2016-08-31,-4.54574657279014
2016-09-01,-2.3038032032737
2016-09-02,2.88375613247265
2016-09-05,4.41037401410953
2016-09-06,0.704924575054555
2016-09-07,0.614774978702082
2016-09-08,-0.614774978702082
2016-09-09,-2.24359744389693
2016-09-12,-3.24081800715268
2016-09-13,0.139495635850473
2016-09-14,0.112433712623972
2016-09-15,-0.484855371084159
2016-09-16,-4.0604162682504
2016-09-19,1.6128154841164
2016-09-20,-0.360369831678353
2016-09-21,0.478530065656635
2016-09-22,2.79475131060405
2016-09-23,-1.84699543233373
2016-09-26,-0.119536809153598
2016-09-27,-0.710198288784758
2016-09-28,-0.236181014310244
2016-09-29,1.79497751741806
2016-09-30,-0.492898566857569
2016-10-03,0.515133141712942
2016-10-04,0.652478647156851
2016-10-05,-1.63800178499969
2016-10-06,-0.547836919434097
2016-10-07,0.782064077252098
2016-10-10,-3.77374562227311
2016-10-11,-1.53139956600716
2016-10-12,0.152103249717062
2016-10-13,0.814264488001148
2016-10-14,-0.244626156446692
2016-10-17,-0.995059141236165
2016-10-18,-5.09069322728197
2016-10-19,0.367611906683329
2016-10-20,0.780481042253189
2016-10-21,-0.910234666641641
2016-10-24,2.55822830770081
2016-10-25,-0.280437018090662
2016-10-26,0.331585848839788
2016-10-27,-0.102323836916129
2016-10-28,3.46062622685466
2016-10-31,-1.96584607205601
2016-11-02,-4.52809214927821
2016-11-03,-1.58995651682319
2016-11-04,-1.07799404239559
2016-11-07,1.60985779986151
2016-11-08,1.84644587350875
2016-11-09,-0.394782761336954
2016-11-10,-4.4197809641279
2016-11-14,-7.12298377550762
2016-11-15,1.05004053114706
2016-11-16,7.37985101870908
2016-11-17,1.95547218302732
2016-11-18,-2.44463857358506
2016-11-21,0
2016-11-22,2.01837807791567
2016-11-23,1.74120931759334
2016-11-24,2.04749857567652
2016-11-25,-1.94260442632874
2016-11-28,-2.2459688341574
2016-11-29,1.27565266305969
2016-11-30,2.7070644614569
2016-12-01,-3.85019021202946
2016-12-02,-3.14578653669741
2016-12-05,1.93526558181469
2016-12-06,0.565977535059448
2016-12-07,0.376488350385662
2016-12-08,-0.186651637899748
2016-12-09,0.775427196065825
2016-12-12,-3.79564152483689
2016-12-13,7.04272489740947
2016-12-14,-1.11558863484111
2016-12-15,-3.06840191845952
2016-12-16,-1.59761046481002
2016-12-19,1.00327620192688
2016-12-20,2.08864243583013
2016-12-21,1.13042629137508
2016-12-22,3.32191492058125
2016-12-23,-2.17408673782371
2016-12-27,0
2016-12-28,-1.64619567972606
2016-12-29,3.82028241754977
2016-12-30,-0.404224827960364
2017-01-02,1.76016881129635
2017-01-03,0.15011656602919
2017-01-04,2.95084675091757
2017-01-05,-0.243032135891941
2017-01-09,-2.45549498159292
2017-01-10,0.862524949968657
2017-01-11,2.91860486305215
2017-01-12,-2.0582953408907
2017-01-13,-1.18092705019062
2017-01-16,-0.4684339609208
2017-01-17,-2.23607847177694
2017-01-18,-0.51365601244906
2017-01-19,0.588735117171746
2017-01-20,-0.281837767587234
2017-01-23,-1.95430045217728
2017-01-24,0.647516708531759
2017-01-25,2.42142581205944
2017-01-26,0.503779402995752
2017-01-27,-0.881952374936734
2017-01-30,-0.178931533004523
2017-01-31,1.06088390794126
2017-02-01,-1.76906037010403
2017-02-02,-0.256068281002042
2017-02-03,0
2017-02-06,0.457765292999079
2017-02-07,0.102038085167067
2017-02-08,0.203764347407187
2017-02-09,0
2017-02-10,0.709923182307914
2017-02-13,-1.62744720930794
2017-02-14,-2.56817487387524
2017-02-15,-3.06962600615925
2017-02-16,1.61415075749027
2017-02-17,-1.85753303055951
2017-02-20,1.05513283909375
2017-02-21,0.266296653019094
2017-02-22,0.268411027548021
2017-02-23,-6.63139363458951
2017-02-24,0.027131724688978
2017-02-27,-3.75293543387003
2017-02-28,-1.5548685085002
2017-03-01,0.301506171246535
2017-03-02,1.19075276846665
2017-03-03,-3.31740222104924
2017-03-06,-0.584379300852067
2017-03-07,-0.833760490464019
2017-03-08,2.18240077900163
2017-03-09,-0.180058567666119
2017-03-10,-1.25979288101616
2017-03-13,-0.0325955868461847
2017-03-14,-0.930178329988607
2017-03-15,-1.79287670900909
2017-03-16,0.790834493556991
2017-03-17,0.75164672352841
2017-03-20,-1.0678972575854
2017-03-21,-1.75239504466824
2017-03-22,2.97850975235949
2017-03-23,0.371484885681195
2017-03-24,-0.0919208232544655
2017-03-27,-0.844360041377135
2017-03-28,2.14307959405824
2017-03-29,-1.70351844675443
2017-03-30,0
2017-03-31,-0.284006663604819
2017-04-03,0.596800162300859
2017-04-04,-1.35034320579908
2017-04-05,-0.223501052089947
2017-04-06,0.316756679164776
2017-04-07,-0.949935229695997
2017-04-10,-0.959045610988696
2017-04-11,-0.486403788957945
2017-04-12,0.550853172983556
2017-04-13,0.223554609921672
2017-04-18,1.33761026438024
2017-04-19,3.39048901224022
2017-04-20,-0.920739200402299
2017-04-21,-0.309895699068585
2017-04-24,0.309895699068585
2017-04-25,2.98088967396781
2017-04-26,1.83870742157057
2017-04-27,1.51856424183743
2017-04-28,-0.349104626490027
2017-05-02,-2.65157041750275
2017-05-04,-1.95953720385407
2017-05-05,1.83976161114474
2017-05-08,-1.35585610182098
2017-05-09,0.906999614247894
2017-05-10,-1.08618819412754
2017-05-11,-2.92475516842563
2017-05-12,-2.30846197302887
2017-05-15,3.09352685557003
2017-05-16,0.570954716565097
2017-05-17,-3.63073996503966
2017-05-18,1.00699024929214
2017-05-19,2.02334329158864
2017-05-22,-1.53691887754959
2017-05-23,0.096337520946399
2017-05-24,-0.12957888680778
2017-05-25,0.933194501800783
2017-05-26,0.666417449203971
2017-05-29,0.632748360290902
2017-05-30,0.473565594728775
2017-05-31,-3.09233544744756
2017-06-01,-0.78069117087427
2017-06-02,0.78069117087427
2017-06-05,-0.552219479245064
2017-06-06,0.097277903785109
2017-06-07,-0.0335334163633405
2017-06-08,-0.0973105457390488
2017-06-09,3.36374194826989
2017-06-12,-0.791934918279669
2017-06-13,-0.699360951396155
2017-06-14,-0.416020674635353
2017-06-16,0.158688211031377
2017-06-19,-0.802631087422867
2017-06-20,-0.32353312746598
2017-06-21,-0.650223500170899
2017-06-22,-0.492146884268063
2017-06-23,1.5956893834649
2017-06-26,1.50512792859296
2017-06-27,-0.351148154659153
2017-06-28,-0.161218716545264
2017-06-29,-0.574600352485977
2017-06-30,-0.388234025044287
2017-07-03,1.2817300205088
2017-07-04,0.634756572915851
2017-07-05,-0.634756572915851
2017-07-06,-0.318895642978534
2017-07-07,1.89829575016245
2017-07-10,3.54221551735696
2017-07-11,0.51322839291279
2017-07-12,2.29112473757902
2017-07-13,1.9815112882017
2017-07-14,-1.48244033717528
2017-07-17,0.700533524350933
2017-07-18,-2.65038813331842
2017-07-19,0.891290606027306
2017-07-20,-2.45714124342635
2017-07-21,-0.516975130377251
2017-07-24,-0.794756296321131
2017-07-25,1.7980621542375
2017-07-26,4.2796718946077
2017-07-27,-1.13269819446766
2017-07-28,3.44769820215585
2017-07-31,0.369073812241449
2017-08-01,-0.876955814631497
2017-08-02,-2.06668404944383
2017-08-03,-0.873132150321965
2017-08-04,0.378993415201156
2017-08-07,-0.523750520004818
2017-08-08,-0.117769638107967
2017-08-09,0.29265811592496
2017-08-10,-0.0301313730133312
2017-08-11,0.642837900105642
2017-08-14,0.403413118632789
2017-08-16,-0.580231925471475
2017-08-17,-1.34684204122473
2017-08-18,-1.42688969807714
2017-08-21,1.07359701166923
2017-08-22,7.19459553789639
2017-08-23,0.876305924271614
2017-08-24,-1.70594960475094
2017-08-25,-2.39020577120579
2017-08-28,2.7759480882191
2017-08-29,0.718926700205902
2017-08-30,5.55652596565817
2017-08-31,1.69963726015028
2017-09-01,-0.10274920878155
2017-09-04,-0.25601449775241
2017-09-05,-0.0237871841060056
2017-09-06,1.55013398636337
2017-09-07,-1.11493211783151
2017-09-08,-0.925418412594947
2017-09-11,1.35873447854764
2017-09-12,0.936353524246192
2017-09-13,-0.760935552599129
2017-09-14,-0.558741272353336
2017-09-15,-2.06242194784796
2017-09-18,0.28424346071092
2017-09-19,-0.86056736551674
2017-09-20,-1.42537026804406
2017-09-21,-1.41818953447408
2017-09-22,3.73090092990833
2017-09-25,-0.782062331341704
2017-09-26,-1.95619914552778
2017-09-27,0.770151669575858
2017-09-28,2.58991771659907
2017-09-29,-0.309086310551177
2017-10-02,-1.25139257557825
2017-10-03,0.549748069900691
2017-10-04,0.362149145049839
2017-10-05,-3.94617383147966
2017-10-06,2.40265847420988
2017-10-09,-0.264129004867764
2017-10-10,0
2017-10-11,3.76453981450147
2017-10-12,-1.67078752560266
2017-10-13,-0.909280052783812
2017-10-16,1.42593943531821
2017-10-17,-1.76872442393017
2017-10-18,-1.5311564630204
2017-10-19,-4.13380420652918
2017-10-20,2.14288859235809
2017-10-23,-1.2030855825099
2017-10-24,-0.911193980643477
2017-10-25,1.02168027316965
2017-10-26,-0.938760343332401
2017-10-27,0.359476578940798
2017-10-30,0.468797471865434
2017-10-31,1.22828825412649
2017-11-02,-4.04545693789933
2017-11-03,-0.426576933892919
2017-11-06,-0.140642878233077
2017-11-07,0.596370931735413
2017-11-08,-0.881191936754755
2017-11-09,-1.6394538821709
2017-11-10,-14.7571463721883
2017-11-13,-6.74227504381739
2017-11-14,-0.289489513333985
2017-11-15,1.75371992614668
2017-11-16,-0.391547476720788
2017-11-17,-1.68605635781915
2017-11-20,-3.83500355501298
2017-11-21,0.525564451238214
2017-11-22,1.33618634547097
2017-11-23,1.86505792244662
2017-11-24,0.684501017186667
2017-11-27,-0.721836740439974
2017-11-28,0
2017-11-29,2.01108400708545
2017-11-30,-2.445200178542
2017-12-01,0.400502098048117
2017-12-04,-0.363003972514964
2017-12-05,0.250875386668525
2017-12-06,-1.31375287351498
2017-12-07,-1.85484408305827
2017-12-08,1.30389943660303
2017-12-11,4.33943138405999
2017-12-12,3.06809997421493
2017-12-13,-5.1062415445291
2017-12-14,-0.616259957019283
2017-12-15,-2.39239510954667
2017-12-18,2.39239510954667
2017-12-19,-0.657785829443958
2017-12-20,-1.58507224182727
2017-12-21,1.29427006548379
2017-12-22,-0.55372387090733
2017-12-27,-0.740546194576464
2017-12-28,-2.02809025711073
2017-12-29,0.417488267091759
2018-01-03,-0.797471096247637
2018-01-04,2.22399572181735
2018-01-05,1.03485410404516
2018-01-08,-0.369179661537444
2018-01-09,-2.73671996096807
2018-01-10,-1.87897381373867
2018-01-11,0.732050215670554
2018-01-12,-1.59025246720725
2018-01-15,3.11657925443676
2018-01-16,0
2018-01-17,0.113150873384527
2018-01-18,1.7625688203637
2018-01-19,1.9163853719685
2018-01-22,-0.989658300236451
2018-01-23,-0.51760343914351
2018-01-24,-0.221560179258562
2018-01-25,-1.15777203397505
2018-01-26,1.11952233950623
2018-01-29,0.221644847693536
2018-01-30,0
2018-01-31,-0.148982932723385
2018-02-01,-3.46954526591152
2018-02-02,-2.64693027698684
2018-02-05,-1.46974172475702
2018-02-06,-0.965590478188094
2018-02-07,1.99953067826155
2018-02-08,2.58279027709598
2018-02-09,0.843686306835334
2018-02-12,-1.38612541608887
2018-02-13,-1.28805516107455
2018-02-14,1.51974942842728
2018-02-15,0.846301016344153
2018-02-16,-0.575341335103419
2018-02-19,0.385249796336984
2018-02-20,-0.616316390520577
2018-02-21,-0.933668700770118
2018-02-22,-4.55485138985945
2018-02-23,-3.79153673671553
2018-02-26,-2.71485800591562
2018-02-27,1.81806986107902
2018-02-28,-10.9460876865222
2018-03-01,1.33113446382396
2018-03-02,3.65620832148474
2018-03-05,2.33931504945613
2018-03-06,3.01707175443666
2018-03-07,0.0444148352848561
2018-03-08,0.474008019770089
2018-03-09,0.339723694849647
2018-03-12,0.299059067114849
2018-03-13,-4.22007330557763
2018-03-14,0.265324949795831
2018-03-15,0.533091591670365
2018-03-16,4.18720655601175
2018-03-19,-2.18075119278858
2018-03-20,0.257995783868825
2018-03-21,1.28447397290703
2018-03-22,-0.598251025489871
2018-03-23,0.598251025489871
2018-03-26,0.808094029885575
2018-03-27,1.96439503544217
2018-03-28,-3.02718795587125
2018-03-29,0.254698890543503
2018-04-03,3.5543405878617
2018-04-04,0.287405100623905
2018-04-05,-0.0422136863037714
2018-04-06,0.530594582924149
2018-04-09,-1.80963978875153
2018-04-10,0
2018-04-11,-2.47663868550543
2018-04-12,2.06094458586228
2018-04-13,0.748714644800419
2018-04-16,1.11055736173991
2018-04-17,1.70108379567129
2018-04-18,-0.240654030919663
2018-04-19,-1.17419814280373
2018-04-20,-0.984189236311384
2018-04-23,-0.289066686577133
2018-04-24,1.92264966238302
2018-04-25,-1.51055824929132
2018-04-26,0
2018-04-27,-1.28433911869141
2018-04-30,2.10346209083041
2018-05-02,0.77492167371962
2018-05-04,-1.674629954005
2018-05-07,-2.67026507124362
2018-05-08,-0.0435881795759929
2018-05-09,0.169886565373512
2018-05-10,3.72920948683291
2018-05-11,2.29228084189996
2018-05-14,-2.41395322259885
2018-05-15,-2.63732852548895
2018-05-16,0.815630192382333
2018-05-17,0.426621807473371
