2004-05-07,2.98485465509479
2004-05-10,-4.51195728661662
2004-05-11,-0.204290162980048
2004-05-12,1.124277037919
2004-05-13,-0.408746092974432
2004-05-14,-0.922594714543745
2004-05-17,0.207063769599181
2004-05-18,1.22417134412007
2004-05-19,0.507221450381801
2004-05-20,-0.507221450381801
2004-05-21,0.507221450381801
2004-05-24,0
2004-05-25,-0.607115756582877
2004-05-26,-0.408746092974432
2004-05-27,1.01586184955731
2004-05-28,0.503512392775907
2004-05-31,-0.90861960559514
2004-06-01,1.00855930547885
2004-06-02,0.402193697996722
2004-06-03,1.97920886443845
2004-06-04,1.46132603858509
2004-06-07,1.44027850461375
2004-06-08,0.475880950226504
2004-06-09,0.461759721771138
2004-06-11,2.8022215875346
2004-06-14,1.80896917465287
2004-06-15,0.90257022971012
2004-06-16,0
2004-06-17,-1.34657942629541
2004-06-18,0.896312599258442
2004-06-21,-0.452303402673149
2004-06-22,0
2004-06-23,1.79706694405337
2004-06-24,0
2004-06-25,0
2004-06-28,-0.894496714343251
2004-06-29,1.33876238851234
2004-06-30,0.432270087531794
2004-07-01,-0.432270087531794
2004-07-02,-0.444265674169086
2004-07-05,-0.446248205041
2004-07-06,-1.79482793559766
2004-07-07,0
2004-07-08,1.34657942629541
2004-07-09,-0.90257022971012
2004-07-12,0
2004-07-13,-0.900394181254605
2004-07-14,-0.458477410376901
2004-07-15,-3.25231917055597
2004-07-16,0
2004-07-19,0.949238293262633
2004-07-20,0
2004-07-21,0
2004-07-22,0.929724696689549
2004-07-23,1.83183359098069
2004-07-26,0
2004-07-27,0
2004-07-28,-0.90857499339827
2004-07-29,0.450097583021369
2004-07-30,-0.450097583021369
2004-08-02,0
2004-08-03,0.450097583021369
2004-08-04,-1.37335618060379
2004-08-05,0.460586899469817
2004-08-06,1.82763167618019
2004-08-09,-2.28821857565
2004-08-10,-0.929724696689549
2004-08-11,0.465942829467858
2004-08-12,-2.35282179472813
2004-08-13,2.81660366194982
2004-08-16,-0.929724696689549
2004-08-17,3.66195246892485
2004-08-18,0.452303402673149
2004-08-19,-0.896312599258442
2004-08-20,1.79482793559766
2004-08-23,0.446248205041
2004-08-24,3.47074064732449
2004-08-25,0
2004-08-26,0
2004-08-27,0
2004-08-30,0.85645292367742
2004-08-31,2.10009156535169
2004-09-01,-0.418410652257428
2004-09-02,0
2004-09-03,0.825627465750456
2004-09-06,-0.407216813493028
2004-09-07,1.63768366017774
2004-09-08,-0.402226817954743
2004-09-09,-0.828240028729965
2004-09-10,-2.50730837884472
2004-09-13,1.25194239183966
2004-09-14,1.25536598700506
2004-09-15,2.04861942081496
2004-09-16,0.802328276886888
2004-09-17,0.403337241265556
2004-09-20,-0.403337241265556
2004-09-21,0.403337241265556
2004-09-22,1.58827135077169
2004-09-23,1.56343918033679
2004-09-24,-2.35895955722585
2004-09-27,-0.792750973882628
2004-09-28,-0.808307882165371
2004-09-29,1.20091281467389
2004-09-30,0
2004-10-01,1.19566641826316
2004-10-04,0.780308008771513
2004-10-05,-1.57582838566057
2004-10-06,-0.400146041374105
2004-10-07,-0.392604932508522
2004-10-08,-0.808307882165371
2004-10-11,0.808307882165371
2004-10-12,-1.20566551815244
2004-10-13,-1.63364193196935
2004-10-14,-4.20973172025514
2004-10-15,-0.422999991305906
2004-10-18,-0.424796884782275
2004-10-19,-0.446495755910092
2004-10-20,0
2004-10-21,0.871292640692367
2004-10-22,0.422999991305906
2004-10-25,-0.422999991305906
2004-10-26,-0.871292640692367
2004-10-27,1.72528556088567
2004-10-28,0.429143348549532
2004-10-29,2.10899048822215
2004-11-02,0
2004-11-03,1.24060495459606
2004-11-04,0.815489357839105
2004-11-05,-0.402226817954743
2004-11-08,-0.828240028729965
2004-11-09,0
2004-11-10,-0.407216813493028
2004-11-12,-2.95654448902911
2004-11-15,1.68641329487946
2004-11-16,-0.829960371202043
2004-11-17,-1.71044584387072
2004-11-18,0
2004-11-19,2.54040621507277
2004-11-22,-2.54040621507277
2004-11-23,-2.61674772713119
2004-11-24,0
2004-11-25,1.74545508643882
2004-11-26,1.29429263199827
2004-11-29,-3.03974771843709
2004-11-30,1.74545508643882
2004-12-01,-3.09021862781904
2004-12-02,0.898515336339223
2004-12-03,0
2004-12-06,-0.448248509302251
2004-12-07,0
2004-12-08,0
2004-12-09,0
2004-12-10,-2.71153940436299
2004-12-13,0
2004-12-14,0.90857499339827
2004-12-15,-1.83183359098069
2004-12-16,-0.929724696689549
2004-12-17,0
2004-12-20,0.465942829467858
2004-12-21,-0.465942829467858
2004-12-22,-1.41099801503377
2004-12-23,0
2004-12-24,0.461759721771138
2004-12-27,-0.461759721771138
2004-12-28,-0.475880950226504
2004-12-29,0.937640671997642
2004-12-30,0
2004-12-31,0
2005-01-03,1.41518112273049
2005-01-04,-0.465942829467858
2005-01-05,-5.27962541496678
2005-01-06,-1.68953453371667
2005-01-07,1.19483627277983
2005-01-10,0
2005-01-11,2.44716620602961
2005-01-12,-1.95246794509276
2005-01-13,0
2005-01-14,-2.49371274858712
2005-01-17,1.00564579065634
2005-01-18,-6.18897590208332
2005-01-19,2.62583745275728
2005-01-20,0.619036094568637
2005-01-21,0.922594714543745
2005-01-24,0
2005-01-25,0
2005-01-26,2.51999439374142
2005-01-27,1.48072211091068
2005-01-28,-0.491141906507675
2005-01-31,0.491141906507675
2005-02-01,3.83924521519647
2005-02-02,0
2005-02-03,0.949238293262633
2005-02-04,0.929724696689549
2005-02-07,-0.929724696689549
2005-02-08,-3.81337760296554
2005-02-09,1.92649863770527
2005-02-10,3.27719056141964
2005-02-11,-0.460586899469817
2005-02-14,0.460586899469817
2005-02-15,-0.924368766691508
2005-02-16,-1.41518112273049
2005-02-17,3.25231917055597
2005-02-18,-0.450097583021369
2005-02-21,-0.923258597582421
2005-02-22,0.460586899469817
2005-02-23,-2.339549889422
2005-02-24,-1.41689138323078
2005-02-25,1.89800565273921
2005-02-28,-1.41875494150607
2005-03-01,0.475880950226504
2005-03-02,-2.40237958793177
2005-03-03,1.44724792647213
2005-03-04,2.83207250596127
2005-03-07,-0.93406685322206
2005-03-08,0.468124023754202
2005-03-09,0
2005-03-10,0
2005-03-11,0.929724696689549
2005-03-14,0.460586899469817
2005-03-15,-0.924368766691508
2005-03-16,-0.93406685322206
2005-03-17,0.93406685322206
2005-03-18,0.463781867221691
2005-03-21,0
2005-03-22,0.923258597582421
2005-03-23,-0.462671698112604
2005-03-24,0
2005-03-29,-0.460586899469817
2005-03-30,0.923258597582421
2005-03-31,-0.923258597582421
2005-04-01,4.08304651124767
2005-04-04,1.75319351963799
2005-04-05,0
2005-04-06,-1.75319351963799
2005-04-07,-2.25121292026698
2005-04-11,-0.90857499339827
2005-04-12,0.90857499339827
2005-04-13,2.69746112530798
2005-04-14,-0.446248205041
2005-04-15,-1.35081873901237
2005-04-18,-2.27164087276548
2005-04-19,-1.39031159615937
2005-04-20,-0.949238293262633
2005-04-21,7.28479346794173
2005-04-22,-0.876535761700881
2005-04-25,0
2005-04-26,-2.69746112530798
2005-04-27,1.80296441096472
2005-04-28,-1.34657942629541
2005-04-29,-0.456384984669311
2005-05-04,0.900394181254605
2005-05-05,0.90257022971012
2005-05-06,-0.90257022971012
2005-05-09,-0.900394181254605
2005-05-10,0.456384984669311
2005-05-11,-3.21794327233955
2005-05-12,-0.468124023754202
2005-05-13,1.85843561991357
2005-05-16,-2.80130961119314
2005-05-17,1.41099801503377
2005-05-18,3.66195246892485
2005-05-19,0
2005-05-20,1.35081873901237
2005-05-23,0.446248205041
2005-05-24,-0.446248205041
2005-05-25,0.446248205041
2005-05-27,0
2005-05-30,-3.60603611870625
2005-05-31,8.7631900609102
2005-06-01,-6.50191748358417
2005-06-02,0
2005-06-03,1.34476354138022
2005-06-06,0
2005-06-07,0
2005-06-08,0.876535761700881
2005-06-09,-0.432270087531794
2005-06-10,-0.444265674169086
2005-06-13,0
2005-06-14,0.876535761700881
2005-06-15,0.430409552896105
2005-06-16,-0.430409552896105
2005-06-17,-0.876535761700881
2005-06-20,-1.79706694405337
2005-06-21,0.452303402673149
2005-06-22,2.2212993030811
2005-06-23,-1.77103247604413
2005-06-24,1.77103247604413
2005-06-27,0.430409552896105
2005-06-28,0.438509771841833
2005-06-29,-0.868919324737938
2005-06-30,-0.876535761700881
2005-07-01,1.30694531459699
2005-07-04,1.3098024125342
2005-07-05,1.71044584387072
2005-07-06,0
2005-07-07,0
2005-07-08,1.68168091309426
2005-07-11,0.825627465750456
2005-07-12,3.2542849389674
2005-07-13,0
2005-07-14,-0.808307882165371
2005-07-15,0
2005-07-18,-1.21551021011732
2005-07-19,1.21551021011732
2005-07-20,2.39657923293706
2005-07-21,-0.795520376889058
2005-07-22,-0.400146041374105
2005-07-25,-0.392604932508522
2005-07-26,1.97470184737361
2005-07-27,0
2005-07-28,3.47293848473407
2005-07-29,0
2005-08-01,5.16614151353116
2005-08-02,4.22853412409929
2005-08-03,-0.696425733403228
2005-08-04,0
2005-08-05,-1.39951902403426
2005-08-08,0.706206289487765
2005-08-09,-2.11742192378042
2005-08-10,-2.90043533466702
2005-08-11,-0.742682120763183
2005-08-12,-4.54032759146932
2005-08-16,6.01186980645201
2005-08-17,-3.71594000545281
2005-08-18,-1.52768018379756
2005-08-19,1.52768018379756
2005-08-22,-0.37321572635709
2005-08-23,1.50171114123951
2005-08-24,1.85858449635088
2005-08-25,-1.48238706225112
2005-08-26,0.73970494148794
2005-08-29,0.742682120763183
2005-08-30,-1.48238706225112
2005-08-31,0.73970494148794
2005-09-01,3.6431174554302
2005-09-02,1.41121563429265
2005-09-05,-4.31165096895967
2005-09-06,2.90043533466702
2005-09-07,2.81073465832691
2005-09-08,-1.39951902403426
2005-09-09,0
2005-09-12,0
2005-09-13,1.04947888937268
2005-09-14,-0.343272599884914
2005-09-15,0.693312734546492
2005-09-16,0.696425733403228
2005-09-19,1.02001668995633
2005-09-20,-3.11596144739381
2005-09-21,0
2005-09-22,-1.41121563429265
2005-09-23,-2.90043533466702
2005-09-26,2.17906160229786
2005-09-27,2.13258936666181
2005-09-28,0
2005-09-29,0.361751268732524
2005-09-30,1.03776775530173
2005-10-03,0.696425733403228
2005-10-04,0
2005-10-05,-5.67873563217764
2005-10-06,-1.47154221498269
2005-10-07,0
2005-10-10,2.92174372306104
2005-10-11,2.13258936666181
2005-10-12,0.706206289487765
2005-10-13,-2.83879565614957
2005-10-14,-2.54971319334838
2005-10-17,0.370651591050519
2005-10-18,2.90043533466702
2005-10-19,-0.360036392517804
2005-10-20,0.360036392517804
2005-10-21,1.05623341400602
2005-10-24,-1.05623341400602
2005-10-25,0.350605764995704
2005-10-26,-0.350605764995704
2005-10-27,-1.80496926411049
2005-10-28,-1.09546607055653
2005-10-31,2.90043533466702
2005-11-02,0
2005-11-03,0
2005-11-04,0.708097208447445
2005-11-07,-0.357491443451741
2005-11-08,1.76681615878471
2005-11-09,1.38973846794972
2005-11-10,2.72284421276741
2005-11-14,-1.3521550418901
2005-11-15,0
2005-11-16,-1.3706891708773
2005-11-17,0
2005-11-18,2.72284421276741
2005-11-21,0.329464344296904
2005-11-22,-3.39991516398843
2005-11-23,-1.0421318610256
2005-11-24,0.693312734546492
2005-11-25,-0.693312734546492
2005-11-28,-0.706206289487765
2005-11-29,-1.06060986929695
2005-11-30,1.76681615878471
2005-12-01,2.76042763882702
2005-12-02,-2.06711490428053
2005-12-05,1.04282822118504
2005-12-06,2.37644172498559
2005-12-07,6.80100402398036
2005-12-08,-0.618529014534142
2005-12-09,-3.5392827739734
2005-12-12,3.22134045830507
2005-12-13,1.25860196417684
2005-12-14,0.619858776408932
2005-12-15,0.616040185104039
2005-12-16,3.63903340568594
2005-12-19,-0.593959759489993
2005-12-20,0.88622844672317
2005-12-21,0.602228027110074
2005-12-22,2.61674772713119
2005-12-23,0.570138180586444
2005-12-27,0.573403538891792
2005-12-28,-0.573403538891792
2005-12-29,-1.15015562527425
2005-12-30,0
2006-01-02,3.96579116331006
2006-01-03,5.41006588173003
2006-01-04,0
2006-01-05,4.12672760478281
2006-01-06,0
2006-01-09,-5.71618111041321
2006-01-10,-2.71493060161974
2006-01-11,1.09359002702356
2006-01-12,1.08175989210233
2006-01-13,2.12903418812425
2006-01-16,3.11090113630761
2006-01-17,0.250560979497472
2006-01-18,0.765265488977729
2006-01-19,3.47347784183158
2006-01-20,4.53123718140453
2006-01-23,-0.942695786762604
2006-01-24,-3.10441368575698
2006-01-25,-1.96205632668662
2006-01-26,0
2006-01-27,1.47792861780167
2006-01-30,0.239574452276603
2006-01-31,-1.22055151651748
2006-02-01,1.95242437746863
2006-02-02,0
2006-02-03,1.43153411320633
2006-02-06,3.28372522782727
2006-02-07,5.38064701391079
2006-02-08,1.51653218676628
2006-02-09,2.33829286059715
2006-02-10,-2.98471390208981
2006-02-13,-2.40492552326699
2006-02-14,1.97330229965944
2006-02-15,0
2006-02-16,0
2006-02-17,1.72031352856643
2006-02-20,7.61480027816646
2006-02-21,0
2006-02-22,-1.19363603978995
2006-02-23,-3.88779514252291
2006-02-24,16.3021495333162
2006-02-27,-1.60369054204144
2006-02-28,-5.16614151353112
2006-03-01,2.2486331942106
2006-03-02,2.91750831932052
2006-03-03,-1.26673052007651
2006-03-06,1.44756239575488
2006-03-07,-4.97082992490716
2006-03-08,0.374733925477466
2006-03-09,2.78543560662095
2006-03-10,0
2006-03-13,0.724882360890966
2006-03-14,0.546426826345714
2006-03-15,3.71973845893274
2006-03-16,9.13573548767177
2006-03-17,-0.637327575631641
2006-03-20,-0.961828266623632
2006-03-21,-2.28719978697378
2006-03-22,-3.01526530529466
2006-03-23,-2.05925459522889
2006-03-24,0.688511741728659
2006-03-27,0
2006-03-28,-1.03853795328259
2006-03-29,0.694874641770937
2006-03-30,-0.344848430217004
2006-03-31,0.518802771544502
2006-04-03,-0.693662729463673
2006-04-04,0
2006-04-05,-0.874903209774613
2006-04-06,-0.700626985193376
2006-04-07,1.05310672207857
2006-04-10,1.0421318610256
2006-04-11,-1.0421318610256
2006-04-12,0
2006-04-13,-0.352479736885192
2006-04-18,-0.172687338349942
2006-04-19,-0.709938038873048
2006-04-20,-2.13988485617995
2006-04-21,-6.15762738319017
2006-04-24,-1.94077369434789
2006-04-25,1.94077369434789
2006-04-26,2.27855757357736
2006-04-27,0.753815459202389
2006-04-28,-0.753815459202389
2006-05-02,0.941384786937727
2006-05-04,-0.187569327735337
2006-05-05,5.44713759861999
2006-05-08,-2.86928446581238
2006-05-09,0
2006-05-10,1.08359553174133
2006-05-11,0
2006-05-12,0
2006-05-15,-1.26673052007651
2006-05-16,1.62806785992791
2006-05-17,-5.90504250034725
2006-05-18,1.69433468442945
2006-05-19,-2.26992603504099
2006-05-22,-0.574525186221297
2006-05-23,-3.92453439984899
2006-05-24,-5.12908868345754
2006-05-25,1.87465243309548
2006-05-26,4.0562994014985
2006-05-29,0
2006-05-30,0
2006-05-31,-1.20062614086311
2006-06-01,-1.21056784924249
2006-06-02,1.21056784924249
2006-06-05,1.20062614086311
2006-06-06,-2.41119399010561
2006-06-07,-1.22540235961375
2006-06-08,-3.34959544281821
2006-06-09,0
2006-06-12,-4.79438071021727
2006-06-13,-5.03586797406048
2006-06-14,0.935160581118177
2006-06-16,2.75412796664689
2006-06-19,4.42312648300422
2006-06-20,0
2006-06-21,5.06742909632667
2006-06-22,-0.211989244387212
2006-06-23,0.826567426128966
2006-06-26,1.01443401342731
2006-06-27,3.18948170891495
2006-06-28,1.55738664327569
2006-06-29,0.383387051072193
2006-06-30,1.90382364809989
2006-07-03,-0.376143464302325
2006-07-04,0.186086822064135
2006-07-05,-1.7137670058617
2006-07-06,1.90382364809989
2006-07-07,0
2006-07-10,1.49908580811506
2006-07-11,-0.370536423435208
2006-07-12,0.370536423435208
2006-07-13,-3.20957078978585
2006-07-14,-0.193338666429099
2006-07-17,-1.94077369434789
2006-07-18,1.74706050530546
2006-07-19,0.387051855471521
2006-07-20,4.13205532744949
2006-07-21,3.08571738607499
2006-07-24,0.708126025927758
2006-07-25,1.76063716685162
2006-07-26,2.07030403521675
2006-07-27,5.64144186383451
2006-07-28,-3.28094966796333
2006-07-31,-3.04584215371366
2006-08-01,-0.516125094275832
2006-08-02,-1.56856593923829
2006-08-03,-4.48476212015714
2006-08-04,2.17927807657108
2006-08-07,-0.180831875678367
2006-08-08,2.1366160231282
2006-08-09,6.80555824929794
2006-08-10,-1.32532516593393
2006-08-11,-5.83116017242116
2006-08-14,1.05310672207857
2006-08-16,0.697283430808593
2006-08-17,-4.99045430483909
2006-08-18,-1.09533797546746
2006-08-21,1.82724127179079
2006-08-22,0
2006-08-23,0.722471921557544
2006-08-24,-3.29091224111373
2006-08-25,-1.49908580811506
2006-08-28,-1.1370663261387
2006-08-29,4.84346884362616
2006-08-30,1.44493287159273
2006-08-31,-3.27884565917191
2006-09-01,-1.49775580443081
2006-09-04,5.13255380637623
2006-09-05,-2.12993563934272
2006-09-06,1.41264595671782
2006-09-07,-2.17906160229782
2006-09-08,0.365094091936102
2006-09-11,1.45544818046801
2006-09-12,1.96220987193514
2006-09-13,0.532925481086766
2006-09-14,-0.209601431083595
2006-09-15,0.559301327219819
2006-09-18,2.42991125789311
2006-09-19,-0.758696172289053
2006-09-20,0.413475947910058
2006-09-21,1.70271593392024
2006-09-22,-1.70271593392024
2006-09-25,2.21138755095827
2006-09-26,0.834454602755397
2006-09-27,-1.67980732960848
2006-09-28,0
2006-09-29,1.67980732960848
2006-10-02,4.53098885625858
2006-10-03,-1.25003918829525
2006-10-04,-1.62889432685103
2006-10-05,2.26869647993402
2006-10-06,-0.0953428748425633
2006-10-09,0.800252749664354
2006-10-10,0.696361438670312
2006-10-11,1.75194807854351
2006-10-12,5.44279153392737
2006-10-13,2.58305918655313
2006-10-16,-2.58305918655313
2006-10-17,-1.03792537167062
2006-10-18,3.04575082479204
2006-10-19,2.02646800139519
2006-10-20,3.0321260252375
2006-10-23,1.01026708154457
2006-10-24,4.35273566382008
2006-10-25,-3.48781197572157
2006-10-26,-2.23309646376477
2006-10-27,-1.02107830726679
2006-10-30,-4.22833545338417
2006-10-31,-3.24065005409206
2006-11-02,4.67876615969036
2006-11-03,2.67894749920701
2006-11-06,1.51532400414243
2006-11-07,3.76625770052632
2006-11-08,-1.8638619722342
2006-11-09,-0.539417197603065
2006-11-10,-1.36297853068905
2006-11-13,-1.40405215556356
2006-11-14,1.40405215556356
2006-11-15,-4.16486982724211
2006-11-16,4.82067131569299
2006-11-17,1.78311733263286
2006-11-20,-1.61517551297745
2006-11-21,1.61517551297745
2006-11-22,0.6370127760015
2006-11-23,-3.04460523883145
2006-11-24,1.33165217243527
2006-11-27,1.87688255272871
2006-11-28,-0.800942262334026
2006-11-29,9.18992741396774
2006-11-30,-0.293292203370799
2006-12-01,2.70450834277756
2006-12-04,1.41662277124905
2006-12-05,-0.398085414623583
2006-12-06,-1.37858356958871
2006-12-07,-0.836916817146793
2006-12-08,-2.1952576692716
2006-12-11,-1.09033804159657
2006-12-12,-1.73198073817002
2006-12-13,2.57414470501471
2006-12-14,3.40050806003438
2006-12-15,2.47458649800847
2006-12-18,2.41482655043548
2006-12-19,-2.41482655043548
2006-12-20,-5.13801813266763
2006-12-21,2.9033183487583
2006-12-22,-1.92429930254248
2006-12-27,0
2006-12-28,-1.86303381219419
2006-12-29,-0.592766600884786
2007-01-02,5.91476725026947
2007-01-03,1.167546249602
2007-01-04,-1.26143415434874
2007-01-05,-0.965435469117626
2007-01-08,-1.91508602286268
2007-01-09,1.43974186207902
2007-01-10,-3.7590589684275
2007-01-11,3.99293903478841
2007-01-12,4.4156462679839
2007-01-15,5.50625618464009
2007-01-16,-2.37208558439841
2007-01-17,1.31371764382431
2007-01-18,2.14945687711601
2007-01-19,-0.448693690742852
2007-01-22,-2.33419755952178
2007-01-23,4.88711699756865
2007-01-24,-0.415403944451898
2007-01-25,4.50008109008784
2007-01-26,4.87640258454203
2007-01-29,-4.67990744512021
2007-01-30,-0.799811759818292
2007-01-31,0.603316620396477
2007-02-01,4.68671747027134
2007-02-02,-2.70753101630907
2007-02-05,-3.08767698008525
2007-02-06,1.10849052612298
2007-02-07,1.38772824003817
2007-02-08,-3.82080310962185
2007-02-09,-0.615863918274684
2007-02-12,-4.16711913726457
2007-02-13,1.02715503218298
2007-02-14,2.72648164420786
2007-02-15,1.643769693026
2007-02-16,1.81865155570611
2007-02-19,5.82594145664337
2007-02-20,-1.42552230350801
2007-02-21,0.667483500810162
2007-02-22,0.758038802697847
2007-02-23,0.56370905330021
2007-02-26,-0.56370905330021
2007-02-27,-6.63194373041618
2007-02-28,-5.4900139260635
2007-03-01,1.05877498774549
2007-03-02,-0.951661680849147
2007-03-05,-4.34867340010707
2007-03-06,-2.3839123138595
2007-03-07,3.92717616749119
2007-03-08,7.78633207965584
2007-03-09,0.0994898336365235
2007-03-12,-0.912993762175773
2007-03-13,0
2007-03-14,-2.1656897377722
2007-03-15,0.724752777338855
2007-03-16,-1.14537333390747
2007-03-19,3.80179230886677
2007-03-20,0.60224529214139
2007-03-21,0
2007-03-22,1.59148522166959
2007-03-23,2.91634546344079
2007-03-26,0.954962997924902
2007-03-27,-1.62758170294035
2007-03-28,-2.04543470850429
2007-03-29,1.56347410100048
2007-03-30,-0.197433430371774
2007-04-02,-0.583481601044689
2007-04-03,-0.782559069584021
2007-04-04,0.588052150217422
2007-04-05,3.93412075246187
2007-04-10,6.99391081166936
2007-04-11,-3.75505267874559
2007-04-12,-5.81047822832432
2007-04-13,1.90890139663611
2007-04-16,-0.950989159342619
2007-04-17,-1.24974123817911
2007-04-18,2.58119736029103
2007-04-19,-0.853742997060891
2007-04-20,1.97800122887322
2007-04-23,-0.842006495817182
2007-04-24,-3.15613223205058
2007-04-25,-1.17038770097051
2007-04-26,-1.80225903949087
2007-04-27,-1.59331931063456
2007-04-30,0.405924730748497
2007-05-02,1.20798035975951
2007-05-04,3.53657309723796
2007-05-07,-3.13941204472044
2007-05-08,-6.16359991848321
2007-05-09,-1.27769220850604
2007-05-10,-0.213725162116285
2007-05-11,2.12660082268763
2007-05-14,5.13125541390038
2007-05-15,-4.08467714563594
2007-05-16,1.03573835777757
2007-05-17,-3.99519228661336
2007-05-18,0.855228181531764
2007-05-21,0
2007-05-22,5.98514591130854
2007-05-23,-2.84518180622695
2007-05-24,2.04214945393324
2007-05-25,-1.01469495437363
2007-05-28,0
2007-05-29,-4.1674186046412
2007-05-30,0.32065324078201
2007-05-31,4.45403348490339
2007-06-01,1.51479680024815
2007-06-04,1.68109262662384
2007-06-05,0.2938836228076
2007-06-06,-1.28280590854235
2007-06-08,0.594977266155494
2007-06-11,2.14884485719979
2007-06-12,-4.44176456521506
2007-06-13,0.74496803650681
2007-06-14,0.757648535261835
2007-06-15,0
2007-06-18,-2.51860731116049
2007-06-19,-0.100302080929815
2007-06-20,0
2007-06-21,0
2007-06-22,0.407579197790753
2007-06-25,-2.03336347488059
2007-06-26,1.62578427708984
2007-06-27,0
2007-06-28,3.01597390913826
2007-06-29,-3.42756449042319
2007-07-02,-1.65160227605226
2007-07-03,-0.834943067462168
2007-07-04,0.292664412704502
2007-07-05,2.60547151209485
2007-07-06,-1.93700386665148
2007-07-09,-1.15350917651416
2007-07-10,0
2007-07-11,-1.50360538597463
2007-07-12,-2.26866844539764
2007-07-13,0.545911392780685
2007-07-16,-3.99150325939668
2007-07-17,0.472338173454823
2007-07-18,-0.837798710071125
2007-07-19,-1.23319655570189
2007-07-20,-0.458474664809438
2007-07-23,0.182060499634451
2007-07-24,-5.6420562009277
2007-07-25,1.64593417119181
2007-07-26,-0.843096328879911
2007-07-27,-2.00378383992286
2007-07-30,-5.08996564625095
2007-07-31,1.1605546120308
2007-08-01,5.61727386869539
2007-08-02,1.92429930254248
2007-08-03,3.43887995379597
2007-08-06,-1.55358373933052
2007-08-07,1.62195801223048
2007-08-08,4.49534100762872
2007-08-09,-5.65081188195742
2007-08-10,-5.49644435629522
2007-08-13,4.32746612696153
2007-08-14,-0.948925056672634
2007-08-16,-6.62531065863528
2007-08-17,1.5094191402822
2007-08-20,-1.76224907981855
2007-08-21,1.76224907981855
2007-08-22,3.53889995869161
2007-08-23,1.31860402520778
2007-08-24,4.90248665361404
2007-08-27,-0.681708465776598
2007-08-28,-5.51730837597084
2007-08-29,1.32103765622618
2007-08-30,-3.90900312111619
2007-08-31,4.38434728189985
2007-09-03,1.89771239274874
2007-09-04,2.95768720503791
2007-09-05,-1.45612183014472
2007-09-06,0.77490440591923
2007-09-07,-4.13083466130049
2007-09-10,0.192128216699849
2007-09-11,0.23492254313453
2007-09-12,4.81259457931853
2007-09-13,-0.203265176570921
2007-09-14,-0.384501718823582
2007-09-17,-0.0646587977886082
2007-09-18,2.89668391531053
2007-09-19,5.34850196850618
2007-09-20,1.32768874526183
2007-09-21,2.35594744945162
2007-09-24,-1.62044333737628
2007-09-25,-0.102738935415214
2007-09-26,-3.64221564225171
2007-09-27,3.333363996382
2007-09-28,-2.7800687955208
2007-10-01,1.52316945954989
2007-10-02,4.08713525807212
2007-10-03,0.794141173561291
2007-10-04,0.787884227883451
2007-10-05,0
2007-10-08,1.74926390073789
2007-10-09,4.52111582126973
2007-10-10,0.367867730366589
2007-10-11,3.60408649073576
2007-10-12,-3.42170606179515
2007-10-15,1.99479938604012
2007-10-16,-3.10045787444584
2007-10-17,0.369912805419093
2007-10-18,-2.23812719564709
2007-10-19,1.68168276355476
2007-10-22,-0.649207801614393
2007-10-23,1.75901748775273
2007-10-24,-1.01650038024834
2007-10-25,-4.6488725655002
2007-10-26,-0.485254151971537
2007-10-29,-0.97988339395445
2007-10-30,-5.36216643167218
2007-10-31,6.82730397759816
2007-11-02,-6.62068006634491
2007-11-05,3.66861910575698
2007-11-06,0.397161052517525
2007-11-07,-0.397161052517525
2007-11-08,-1.41421616725457
2007-11-09,-4.75522389962166
2007-11-12,1.58319746650375
2007-11-13,6.56542905433475
2007-11-14,-2.36185898015511
2007-11-15,-5.78676754068339
2007-11-16,2.6880758364622
2007-11-19,-0.187254875342946
2007-11-20,-0.728644046695592
2007-11-21,-2.86059308413544
2007-11-22,5.25737373351816
2007-11-23,-0.0210017852289024
2007-11-26,-4.12606462616409
2007-11-27,1.01629350056247
2007-11-28,-1.05764747903958
2007-11-29,2.06371628064099
2007-11-30,-3.13266962428904
2007-12-03,0
2007-12-04,1.06895334364805
2007-12-05,0.635446342829527
2007-12-06,-0.635446342829527
2007-12-07,0
2007-12-10,1.05764747903958
2007-12-11,-3.20710435615559
2007-12-12,-0.981783826342397
2007-12-13,0.325831156983014
2007-12-14,-4.01830658141127
2007-12-17,-2.07137197527292
2007-12-18,-3.54874638247726
2007-12-19,-2.1952576692716
2007-12-20,3.36771323128886
2007-12-21,2.37629082046
2007-12-27,0
2007-12-28,3.42711445560524
2008-01-02,-0.337216356621983
2008-01-03,-3.43622340451191
2008-01-04,-1.53011388605493
2008-01-07,-1.67230719089368
2008-01-08,3.22109994719812
2008-01-09,-4.43535305649485
2008-01-10,2.41121613940676
2008-01-11,-5.35772520196538
2008-01-14,-2.05474754643582
2008-01-15,-5.26461109536798
2008-01-16,-5.13014278743356
2008-01-17,1.83426318311373
2008-01-18,0.833417681422866
2008-01-21,-6.0222792398501
2008-01-22,0.0302749981288208
2008-01-23,1.45910002498146
2008-01-24,2.57519342953514
2008-01-25,-0.0290777508793472
2008-01-28,-2.02706335206719
2008-01-29,4.53832309331506
2008-01-30,-1.77721697457978
2008-01-31,1.00217869295451
2008-02-01,7.46318274229067
2008-02-04,0.441125288905209
2008-02-05,-6.41649492876351
2008-02-06,1.44133206825381
2008-02-07,-0.923293211565968
2008-02-08,2.02132902602439
2008-02-11,0.0304989632716524
2008-02-12,2.89134765140258
2008-02-13,-0.338299331485814
2008-02-14,-1.518561566263
2008-02-15,-4.04020710306807
2008-02-18,3.24329356057009
2008-02-19,-3.0235615451117
2008-02-20,-0.468296605011442
2008-02-21,0.546655461220436
2008-02-22,1.63459201907092
2008-02-25,-1.68786936022491
2008-02-26,-0.358006851617088
2008-02-27,-0.713544529695476
2008-02-28,-2.38564603619582
2008-02-29,-4.7379555184889
2008-03-03,-1.85791501225205
2008-03-04,-3.35920209349556
2008-03-05,3.39039415017139
2008-03-06,-3.07900679428634
2008-03-07,0.744106682156875
2008-03-10,-2.12949434244067
2008-03-11,3.27570943431326
2008-03-12,4.25976027330104
2008-03-13,-0.0874096542458513
2008-03-14,1.60483884710705
2008-03-17,-2.69715453864188
2008-03-18,7.69068864312366
2008-03-19,-0.384870660254721
2008-03-20,-3.26075691664833
2008-03-25,6.57766108032716
2008-03-26,-1.10066904697335
2008-03-27,0.132845223979539
2008-03-28,-1.8540688463867
2008-03-31,3.00823476787007
2008-04-01,1.32488408878046
2008-04-02,1.12606382893636
2008-04-03,-1.3099511367638
2008-04-04,2.86133192553071
2008-04-07,-2.56907941640621
2008-04-08,-2.74808759812242
2008-04-09,-0.86962471139338
2008-04-10,1.32624650935149
2008-04-11,-4.40195019319254
2008-04-14,-0.703728128584968
2008-04-15,4.88996839868441
2008-04-16,-1.22289614864104
2008-04-17,-1.70389773344328
2008-04-18,1.10564684573644
2008-04-21,-1.41424487955426
2008-04-22,-1.1472646265112
2008-04-23,-2.50979999766092
2008-04-24,0.576712369744925
2008-04-25,-0.576712369744925
2008-04-28,5.12470230324857
2008-04-29,0.847316964558376
2008-04-30,-0.190099313991077
2008-05-05,0.922180630554026
2008-05-06,0.806505633659249
2008-05-07,3.94364810727303
2008-05-08,0.132542027856708
2008-05-09,-1.42889218549338
2008-05-12,2.8318496681992
2008-05-13,4.95168873019534
2008-05-14,0.242778831968993
2008-05-15,-4.43979064405839
2008-05-16,0
2008-05-19,-2.29017642866847
2008-05-20,-4.77488249751095
2008-05-21,5.8011640832051
2008-05-23,-2.8735313401921
2008-05-26,-0.23445260070698
2008-05-27,3.87228925552248
2008-05-28,0
2008-05-29,-1.27612954588185
2008-05-30,-3.91996014831011
2008-06-02,0.0243924750424451
2008-06-03,2.99426264103997
2008-06-04,0.592948327828902
2008-06-05,0.820180935657255
2008-06-06,-1.41312926348616
2008-06-09,-1.04096350863681
2008-06-10,-3.59159669795361
2008-06-11,-5.25859421448103
2008-06-12,0.566739840176922
2008-06-13,-0.566739840176922
2008-06-16,4.30263245900515
2008-06-17,-2.63123022287179
2008-06-18,-5.1274697426801
2008-06-19,-0.0304357385552123
2008-06-20,-1.9743101231863
2008-06-23,-1.98240156855278
2008-06-24,0.158219536197191
2008-06-25,-1.70429479912788
2008-06-26,0
2008-06-27,-3.50198504001478
2008-06-30,-1.69451298217411
2008-07-01,-4.30343448544943
2008-07-02,0.345220224378995
2008-07-03,-0.0705163392066055
2008-07-04,-2.35939491868651
2008-07-07,-1.44689910535232
2008-07-08,-0.358891086685897
2008-07-09,4.91480795496089
2008-07-10,-3.84601793743538
2008-07-11,-4.85759504844001
2008-07-14,-1.22533286769788
2008-07-15,-3.32366772332313
2008-07-16,-2.96107620246837
2008-07-17,2.33741060292743
2008-07-18,-0.353649897426322
2008-07-21,3.27768032045959
2008-07-22,1.7679780863578
2008-07-23,5.6893072614316
2008-07-24,-1.91953840089405
2008-07-25,6.70145122217214
2008-07-28,-2.48433420202905
2008-07-29,1.53909288106227
2008-07-30,0.336681109815062
2008-07-31,-0.744535779947375
2008-08-01,0
2008-08-04,-0.61295992959387
2008-08-05,1.09056582320055
2008-08-06,-4.22110406628704
2008-08-07,1.75039015288716
2008-08-08,4.080770019534
2008-08-11,-1.51326004785526
2008-08-12,-1.87899822995008
2008-08-13,-5.23751938598278
2008-08-14,-1.90457976202461
2008-08-18,-1.9070186266215
2008-08-19,-4.597952673618
2008-08-20,-4.03060967620057
2008-08-21,2.83473319858292
2008-08-22,2.40888384817501
2008-08-25,-2.00714854411861
2008-08-26,-0.401735304056405
2008-08-27,-1.48854104495659
2008-08-28,1.48854104495659
2008-08-29,0
2008-09-01,2.76548581294556
2008-09-02,3.25687544301334
2008-09-03,0
2008-09-04,1.60222179487324
2008-09-05,-7.62458305083213
2008-09-08,5.79382915123565
2008-09-09,-0.341614567589099
2008-09-10,-5.05047927959015
2008-09-11,0.195717046612565
2008-09-12,0.204410800467469
2008-09-15,-4.88196604523354
2008-09-16,-4.25368262442003
2008-09-17,-4.90114385866613
2008-09-18,-4.67662098833972
2008-09-19,12.1496857510962
2008-09-22,-4.99756317860909
2008-09-23,-0.17844856495679
2008-09-24,1.06594583227828
2008-09-25,2.83237370278155
2008-09-26,-1.29422869558429
2008-09-29,-9.10286016340414
2008-09-30,3.97169895202962
2008-10-01,-3.11495366166739
2008-10-02,-5.48204039526734
2008-10-03,-1.91172978237373
2008-10-06,-14.0055573062547
2008-10-07,0.300491027749095
2008-10-08,4.82883841100596
2008-10-09,5.41006588173003
2008-10-10,-8.79583960035228
2008-10-13,-8.38617680867335
2008-10-14,14.516655687946
2008-10-15,-10.2356830802371
2008-10-16,4.67534238155087
2008-10-17,-6.4926319861824
2008-10-20,5.34247636090814
2008-10-21,8.26833218300456
2008-10-22,-10.0759518530986
2008-10-23,-5.62758763490301
2008-10-24,-8.84624175883331
2008-10-27,7.21668773566799
2008-10-28,1.56544917393133
2008-10-29,-0.306847209754491
2008-10-30,1.05219227521256
2008-10-31,0.183706686300411
2008-11-03,0
2008-11-04,4.17533692118575
2008-11-05,-2.46062926870638
2008-11-06,-3.58152353331884
2008-11-07,-4.50142180306883
2008-11-10,1.30798979755569
2008-11-12,-2.36684101540807
2008-11-13,-18.423945317617
2008-11-14,-1.68706467310353
2008-11-17,-4.23494403777496
2008-11-18,-8.30864557734992
2008-11-19,6.94143678050989
2008-11-20,-6.94143678050989
2008-11-21,2.09633791474975
2008-11-24,17.2746151347063
2008-11-25,1.73887483726674
2008-11-26,7.19355705524505
2008-11-27,9.60174495561685
2008-11-28,0.811931889904294
2008-12-01,-4.35121466387769
2008-12-02,3.7842749702985
2008-12-03,-5.76199643614581
2008-12-04,5.51700423982071
2008-12-05,0
2008-12-08,5.81559201570743
2008-12-09,3.39945748260337
2008-12-10,0
2008-12-11,-2.74812198229735
2008-12-12,1.1163532210356
2008-12-15,5.6868574921471
2008-12-16,-3.02742463846264
2008-12-17,-5.02108133451609
2008-12-18,-10.4721625479566
2008-12-19,-3.65478893047442
2008-12-22,-3.15655462673443
2008-12-23,-2.52218100544321
2008-12-29,6.36251241509105
2008-12-30,5.01804328866364
2008-12-31,-1.12369150011169
2009-01-05,3.68303107525438
2009-01-06,2.51671286106494
2009-01-07,-4.11229673730054
2009-01-08,-1.62895490799437
2009-01-09,1.62895490799437
2009-01-12,-3.20867106623903
2009-01-13,3.85582731809966
2009-01-14,-6.1445035965324
2009-01-15,-0.484451642898964
2009-01-16,2.039067429854
2009-01-19,-3.48282253807772
2009-01-20,-2.11210421134456
2009-01-21,-1.06071490595219
2009-01-22,-1.74593818957058
2009-01-23,-1.47154221498269
2009-01-26,3.4223397378855
2009-01-27,-1.73400430866799
2009-01-28,0.804683092681513
2009-01-29,-2.49301852189903
2009-01-30,-2.24439779047012
2009-02-02,-6.0900801334876
2009-02-03,-4.69366210958189
2009-02-04,-0.852800981978197
2009-02-05,1.43970794402457
2009-02-06,6.1752602625003
2009-02-09,-3.03997040409287
2009-02-10,5.91140640459242
2009-02-11,1.30595622406422
2009-02-12,-2.61143476276255
2009-02-13,0.159687755722393
2009-02-16,-2.67712718165742
2009-02-17,0
2009-02-18,-0.877920590716608
2009-02-19,0.795942173774078
2009-02-20,-0.392604932508522
2009-02-23,0.711033077656786
2009-02-24,0.633830445026939
2009-02-25,-1.34486352268373
2009-02-26,6.72165257129835
2009-02-27,-0.669415476106128
2009-03-02,-0.526657811315046
2009-03-03,7.09185323701651
2009-03-04,4.94772766161184
2009-03-05,-3.07045081969153
2009-03-06,-0.348819126479105
2009-03-09,-0.693312734546492
2009-03-10,0.764761155797355
2009-03-11,1.52001351403896
2009-03-12,-0.895036201886601
2009-03-13,0
2009-03-16,-3.50716039173014
2009-03-17,2.67563708940246
2009-03-18,-2.61031496737694
2009-03-19,0.642775086421921
2009-03-20,1.75259731521789
2009-03-23,3.76931008083221
2009-03-24,0
2009-03-25,4.27418694900683
2009-03-26,-2.28339101344743
2009-03-27,-0.459978943207373
2009-03-30,-2.34765130980223
2009-03-31,0.139178867282252
2009-04-01,0
2009-04-02,6.54218814394585
2009-04-03,0
2009-04-06,-1.59034574477106
2009-04-07,0.0514611296047018
2009-04-08,4.96087954217908
2009-04-09,3.8957058958442
2009-04-14,-3.83976966169097
2009-04-15,-2.21932919698911
2009-04-16,-0.695667452183413
2009-04-17,0.0647505328569054
2009-04-20,-0.0647505328569054
2009-04-21,5.8628685066155
2009-04-22,1.47542003410845
2009-04-23,0.300491027749095
2009-04-24,2.86560091562138
2009-04-27,-0.278994503759433
2009-04-28,-3.47061966947151
2009-04-29,6.54168182223196
2009-04-30,-0.828830153616433
2009-05-04,5.35588328505816
2009-05-05,-3.69878711759855
2009-05-06,0.70984108767278
2009-05-07,-2.3669372551324
2009-05-08,-1.11161944520606
2009-05-11,0
2009-05-12,2.21730121968595
2009-05-13,-3.34791377362391
2009-05-14,2.74288262186255
2009-05-15,-2.74288262186255
2009-05-18,2.79976005253606
2009-05-19,-1.11179316170915
2009-05-20,0.833417681422821
2009-05-21,-3.20593918996219
2009-05-22,-0.986136451117003
2009-05-25,-1.86048776543064
2009-05-26,1.29068565396691
2009-05-27,6.5265001372937
2009-05-28,-0.611890021025774
2009-05-29,2.91932972704698
2009-06-01,13.4192670282614
2009-06-02,5.30337076102638
2009-06-03,-2.05373233487496
2009-06-04,1.29931747609309
2009-06-05,-2.02276006909043
2009-06-08,-0.911725818485021
2009-06-09,2.48623737827325
2009-06-10,6.06126095879862
2009-06-12,4.11832592582124
2009-06-15,-3.90233793717716
2009-06-16,-1.48286823722543
2009-06-17,-2.19421407009528
2009-06-18,0
2009-06-19,-0.393730728686803
2009-06-22,-12.9878361997612
2009-06-23,1.9204825315891
2009-06-24,2.45742393648962
2009-06-25,0.899442561285779
2009-06-26,2.32984015648596
2009-06-29,1.86901812270985
2009-06-30,-0.269318580022482
2009-07-01,0
2009-07-02,-1.14751937267545
2009-07-03,0.830660680956008
2009-07-06,-4.08848617652491
2009-07-07,-2.44690724589067
2009-07-08,-2.90773852337844
2009-07-09,3.20166880182335
2009-07-10,-2.20601297906029
2009-07-13,-1.99554922402991
2009-07-14,4.9243837903318
2009-07-15,7.72094306773554
2009-07-16,1.85554660735101
2009-07-17,-3.74098942663803
2009-07-20,7.00917385205946
2009-07-21,1.46394416525006
2009-07-22,0
2009-07-23,5.67294849640767
2009-07-24,2.33168879753842
2009-07-27,0
2009-07-28,-1.74812562060884
2009-07-29,3.00688349963556
2009-07-30,-0.492000557065531
2009-07-31,-0.766757321961187
2009-08-03,-1.19910288326217
2009-08-04,-1.5702431201833
2009-08-05,-1.15518839640352
2009-08-06,-0.0366015468239667
2009-08-07,-0.76252092017457
2009-08-10,-1.2154538202426
2009-08-11,1.93678198060634
2009-08-12,0.319941769329457
2009-08-13,0.159587841361741
2009-08-14,-0.919978111314501
2009-08-17,0.399238765385013
2009-08-18,-2.10115097496808
2009-08-19,2.22015501684116
2009-08-20,2.17640877924015
2009-08-21,5.89223412458919
2009-08-24,-0.520382787502705
2009-08-25,-2.09604553268008
2009-08-26,-1.56727282008453
2009-08-27,1.1897091731198
2009-08-28,0
2009-08-31,-3.2839101541986
2009-09-01,0.193019923017879
2009-09-02,-1.69599072273963
2009-09-03,-0.287769982761477
2009-09-04,-1.85600895618987
2009-09-07,6.73916399068291
2009-09-08,-2.89939432899193
2009-09-09,2.32707794999327
2009-09-10,-4.70960164522105
2009-09-11,-2.43597020885624
2009-09-14,-5.49905231993422
2009-09-15,4.25368262442003
2009-09-16,1.03338045112698
2009-09-17,-0.207713807391929
2009-09-18,-1.32723209847159
2009-09-21,0.501565454736541
2009-09-22,3.19794693215356
2009-09-23,-0.727174877025627
2009-09-24,0.810208371970633
2009-09-25,-2.07797264415217
2009-09-28,-0.538143292665039
2009-09-29,-1.71385027964179
2009-09-30,1.46741633662395
2009-10-01,7.51140749118764
2009-10-02,-7.89172646636387
2009-10-05,-0.453515516539182
2009-10-06,2.48093055130787
2009-10-07,-4.16975235415999
2009-10-08,0
2009-10-09,0.422464026974323
2009-10-12,2.14288777809735
2009-10-13,-0.461126057767647
2009-10-14,4.80025185873645
2009-10-15,2.04533684830621
2009-10-16,-2.36375050888915
2009-10-19,0.400127847080034
2009-10-20,2.73928419764036
2009-10-21,2.28721069917208
2009-10-22,-2.28721069917208
2009-10-23,3.78629650728715
2009-10-26,1.18329572370159
2009-10-27,-2.68238153181666
2009-10-28,-1.25061337301382
2009-10-29,0.113547046875118
2009-10-30,-3.33734100672891
2009-11-02,-0.158074237463612
2009-11-03,-3.21045276485878
2009-11-04,-0.205578729600031
2009-11-05,-1.85994787725594
2009-11-06,-1.6817617203297
2009-11-09,4.9996238038327
2009-11-10,1.16397611465051
2009-11-12,-4.06340765088999
2009-11-13,2.33550289005477
2009-11-16,0.120448453364963
2009-11-17,0
2009-11-18,-4.13063163007577
2009-11-19,-3.70094083829962
2009-11-20,1.09056679298742
2009-11-23,5.80604991481777
2009-11-24,-2.19228282837225
2009-11-25,-0.162547246192712
2009-11-26,-1.2663577758778
2009-11-27,-0.8516073755239
2009-11-30,1.69602359713092
2009-12-01,3.91523331043349
2009-12-02,0
2009-12-03,-1.01236120485484
2009-12-04,2.01457628724113
2009-12-07,-0.472272135736418
2009-12-08,-4.8640804977532
2009-12-09,0
2009-12-10,-0.634092978679979
2009-12-11,0.759466705199818
2009-12-14,0.921002336981669
2009-12-15,0.209873675891004
2009-12-16,2.09819338270236
2009-12-17,-0.0326667758463905
2009-12-18,3.87718196681655
2009-12-21,1.67854166920138
2009-12-22,-1.8762945426348
2009-12-23,2.259681593707
2009-12-28,1.29783988660233
2009-12-29,-1.49155307564475
2009-12-30,0.154120552755455
2009-12-31,-1.31542964597582
2010-01-04,2.42684390426517
2010-01-05,-1.11141425828936
2010-01-06,-1.51178815247994
2010-01-07,-3.17227607808062
2010-01-08,1.60098561813498
2010-01-11,0.394013326481213
2010-01-12,0
2010-01-13,-0.953729014922988
2010-01-14,-1.89332416999499
2010-01-15,0.0418458683311584
2010-01-18,-0.774655047479023
2010-01-19,1.98522289672152
2010-01-20,1.15977739412467
2010-01-21,-2.16601713289846
2010-01-22,-2.71799305318381
2010-01-25,-1.00609290177327
2010-01-26,3.51975784448837
2010-01-27,-2.05234150786442
2010-01-28,-1.50594455902313
2010-01-29,1.08751401175962
2010-02-01,-2.10422574730402
2010-02-02,-1.0714126120158
2010-02-03,0.0884955809966392
2010-02-04,-2.04043120315398
2010-02-05,-4.66633272806427
2010-02-08,-1.20540714092217
2010-02-09,-1.73292246620944
2010-02-10,0.615054542094695
2010-02-11,-4.62331950392079
2010-02-12,3.3403831318505
2010-02-15,0.233994610616772
2010-02-16,0.666326038569931
2010-02-17,1.68116177033397
2010-02-18,-0.228559378739268
2010-02-19,1.20598097606326
2010-02-22,-2.14159153274842
2010-02-23,-1.46635747022965
2010-02-24,1.46635747022965
2010-02-25,-5.00586269198657
2010-02-26,2.72402304612114
2010-03-01,3.26533145795422
2010-03-02,6.22221336646698
2010-03-03,1.81764655516088
2010-03-04,-1.29422869558429
2010-03-05,0.387058839715326
2010-03-08,-0.865504805966788
2010-03-09,-2.39135785531297
2010-03-10,1.10925678173315
2010-03-11,-0.843543799644264
2010-03-12,0.843543799644264
2010-03-15,1.76054703983128
2010-03-16,1.29422869558429
2010-03-17,0.684766676722282
2010-03-18,0.0828318803907546
2010-03-19,-3.82237429252861
2010-03-22,1.76054703983128
2010-03-23,0.866320608373172
2010-03-24,1.02489557171759
2010-03-25,-2.85542818155391
2010-03-26,3.96164488649067
2010-03-29,1.25624973939251
2010-03-30,3.19794693215356
2010-03-31,0.0830334949450062
2010-04-01,0.799122466998536
2010-04-06,-0.192307751574194
2010-04-07,-1.54261326135545
2010-04-08,-0.485234003911517
2010-04-09,1.21793993445487
2010-04-12,0
2010-04-13,0.603452092659618
2010-04-14,-1.61581329751446
2010-04-15,-0.618008427958205
2010-04-16,-1.44751817889777
2010-04-19,-4.25368262442003
2010-04-20,0.866320608373172
2010-04-21,2.33837622668642
2010-04-22,-2.12665256995939
2010-04-23,0.471074034685337
2010-04-26,2.70456432463448
2010-04-27,-0.415403944451898
2010-04-28,-1.2663577758778
2010-04-29,1.2663577758778
2010-04-30,-2.1179651514017
2010-05-04,-4.14595580308519
2010-05-05,-1.11670046826573
2010-05-06,-2.27679219279238
2010-05-07,-2.28130562861009
2010-05-10,2.96927935281244
2010-05-11,-0.962380228843696
2010-05-12,10.3472240646382
2010-05-13,-0.209873675891004
2010-05-14,-4.91770030558616
2010-05-17,5.16568555356445
2010-05-18,-0.453515516539182
2010-05-19,-4.27676660163421
2010-05-20,-0.877748582122351
2010-05-21,1.31623650378843
2010-05-24,1.72031352856643
2010-05-25,-2.15880145023251
2010-05-26,4.69217054608611
2010-05-27,-0.837345498722675
2010-05-28,0.756310148577111
2010-05-31,0.0810353501455641
2010-06-01,-0.837345498722675
2010-06-02,0.79445261113551
2010-06-04,-0.79445261113551
2010-06-07,-0.418904240669837
2010-06-08,0.418904240669837
2010-06-09,0.627471822831671
2010-06-10,0.209873675891004
2010-06-11,-0.837345498722675
2010-06-14,0
2010-06-15,-0.168313776540829
2010-06-16,0.12986702481772
2010-06-17,0.460388305993886
2010-06-18,0.205530268560894
2010-06-21,0.209873675891004
2010-06-22,-0.415403944451898
2010-06-23,-2.97195807159496
2010-06-24,0
2010-06-25,1.28313626874283
2010-06-28,0.761086641564379
2010-06-29,-1.19022999011396
2010-06-30,-0.553773682469583
2010-07-01,-1.38554346755062
2010-07-02,-1.93702129528139
2010-07-05,-0.0864018757215312
2010-07-06,3.58081751432362
2010-07-07,-1.33839072186692
2010-07-08,-0.873891357057133
2010-07-09,-2.17003039654924
2010-07-12,2.6054338319403
2010-07-13,-0.435403435391057
2010-07-14,1.69584092420143
2010-07-15,-0.390326343536751
2010-07-16,-1.61193199986971
2010-07-19,0.30641741920503
2010-07-20,-1.73019948241842
2010-07-21,1.73019948241842
2010-07-22,1.7402119654303
2010-07-23,0.172367135335438
2010-07-26,-0.394419482872976
2010-07-27,3.6094143635844
2010-07-28,-0.209873675891004
2010-07-29,1.65739185478877
2010-07-30,-1.02908763163425
2010-08-02,0.0426955105041316
2010-08-03,0
2010-08-04,-0.461126057767647
2010-08-05,0
2010-08-06,-0.501565454736541
2010-08-09,0.291691778845538
2010-08-10,-0.454644127388493
2010-08-11,-2.9448965603049
2010-08-12,-2.1824132680329
2010-08-13,-1.77780196098718
2010-08-16,2.39690548619746
2010-08-17,0.700037860533209
2010-08-18,0.219003621453773
2010-08-19,-3.99150325939668
2010-08-20,1.30062236980191
2010-08-23,0.930333849763487
2010-08-24,-1.7817957029532
2010-08-25,2.00419773558722
2010-08-26,-2.63462561933587
2010-08-27,0.181267367136462
2010-08-30,0.855278540414295
2010-08-31,2.00118415766219
2010-09-01,2.38508771915917
2010-09-02,-1.33958158483094
2010-09-03,-1.00025840222724
2010-09-06,-0.448352177978073
2010-09-07,-0.0808162484636554
2010-09-08,-0.450736373752925
2010-09-09,-0.126977694385211
2010-09-10,-0.264631197690512
2010-09-13,0.264631197690512
2010-09-14,-2.20444145001064
2010-09-15,-0.0467714702562905
2010-09-16,-0.0467933561973943
2010-09-17,0.0935648264536848
2010-09-20,1.26489205482732
2010-09-21,1.64351016611386
2010-09-22,0.40292172364933
2010-09-23,0
2010-09-24,-1.68795350105904
2010-09-27,-1.39502429625491
2010-09-28,-0.140059677934179
2010-09-29,0.321327045070641
2010-09-30,0.901440672898701
2010-10-01,-2.27689217906697
2010-10-04,1.5977025344668
2010-10-05,1.12432839799688
2010-10-06,1.06132772293233
2010-10-07,-1.06132772293233
2010-10-08,-0.0459570564935063
2010-10-11,0.494205565795713
2010-10-12,-0.893387262698919
2010-10-13,1.32951554666669
2010-10-14,0
2010-10-15,-1.69426383834224
2010-10-18,1.25813555437446
2010-10-19,0
2010-10-20,0.840128429461773
2010-10-21,0
2010-10-22,-1.28837693876398
2010-10-25,1.28837693876398
2010-10-26,-0.885879898119413
2010-10-27,2.2424267924567
2010-10-28,1.29422869558429
2010-10-29,-0.427908087211115
2010-11-02,-0.434697384765625
2010-11-03,-0.65062684506132
2010-11-04,0.65062684506132
2010-11-05,3.4497083882127
2010-11-08,1.49529285461525
2010-11-09,2.1580385850831
2010-11-10,0.280879659740441
2010-11-12,-1.09108803171107
2010-11-15,-0.405245448271963
2010-11-16,-0.289801081574614
2010-11-17,-1.35729497801784
2010-11-18,-0.46132343485068
2010-11-19,-2.01754682676158
2010-11-22,0.339905153907472
2010-11-23,1.30513061598938
2010-11-24,-0.421941554270777
2010-11-25,-0.418904240669837
2010-11-26,0.418904240669837
2010-11-29,-0.844416221607025
2010-11-30,0.512325915202139
2010-12-01,1.87689074159612
2010-12-02,1.51663900143868
2010-12-03,1.66370120461568
2010-12-06,-0.408735557217499
2010-12-07,-0.641723307456132
2010-12-08,0
2010-12-09,0.443644149249289
2010-12-10,-1.2154538202426
2010-12-13,-0.820156911341785
2010-12-14,0
2010-12-15,1.83251811619662
2010-12-16,0.322908297924274
2010-12-17,-2.1554264141209
2010-12-20,0.408575955232049
2010-12-21,-0.12192835875573
2010-12-22,1.46729231881562
2010-12-23,1.00299897665619
2010-12-27,-1.93678198060634
2010-12-28,1.6984465483258
2010-12-29,-0.806288779118614
2010-12-30,-1.30373872531693
2010-12-31,0.411580956109736
2011-01-03,-0.820156911341785
2011-01-04,0.324179851197925
2011-01-05,-0.122031367814346
2011-01-07,0.491907951215298
2011-01-10,-0.778798212656318
2011-01-11,0.08474177805744
2011-01-12,0.408575955232049
2011-01-13,0.411580956109736
2011-01-14,0.405245448271963
2011-01-17,-1.02325387623017
2011-01-18,0
2011-01-19,-10.1490890473838
2011-01-20,-0.500261595670892
2011-01-21,0.276495467904603
2011-01-24,-0.0468982057005185
2011-01-25,-1.88357228568599
2011-01-26,-1.31517533197751
2011-01-27,-1.37088652294097
2011-01-28,0.52782056970293
2011-01-31,-0.484183411971273
2011-02-01,-1.05258359019937
2011-02-02,0.817809656913893
2011-02-03,-0.762713236787338
2011-02-04,1.1391765670743
2011-02-07,1.89341363166786
2011-02-08,0
2011-02-09,-0.939528560326552
2011-02-10,-0.71455941998706
2011-02-11,0.806215983891256
2011-02-14,-0.806215983891256
2011-02-15,0.897788615462014
2011-02-16,0.236622858455515
2011-02-17,-1.8486418088735
2011-02-18,1.14790586692832
2011-02-21,-1.8121777504009
2011-02-22,0.42322870770839
2011-02-23,1.10184936280895
2011-02-24,0.335770691849424
2011-02-25,2.05486682273874
2011-02-28,-2.10353783470461
2011-03-01,-2.44762677358308
2011-03-02,1.6820052452986
2011-03-03,0.283039596750179
2011-03-04,1.23164910445008
2011-03-07,0
2011-03-08,-1.70564819398895
2011-03-09,-1.7296894820511
2011-03-10,0.0444419761772785
2011-03-11,-0.434154082813709
2011-03-14,0
2011-03-15,-2.92057658882401
2011-03-16,-1.67380040641674
2011-03-17,2.12079255467601
2011-03-18,4.78394552204096
2011-03-21,-0.136362417835612
2011-03-22,-2.66608711399772
2011-03-23,-0.883989878551761
2011-03-24,2.82698427740908
2011-03-25,0.285479194707383
2011-03-28,0.666596283226495
2011-03-29,0.47807990227029
2011-03-30,0.852676509934502
2011-03-31,0
2011-04-01,2.36841996667332
2011-04-04,-0.46289073236383
2011-04-05,-0.879056709153714
2011-04-06,1.15809972065963
2011-04-07,-1.15809972065963
2011-04-08,-3.30930441529445
2011-04-11,0.619332773548287
2011-04-12,-0.142161979216127
2011-04-13,1.99356548094691
2011-04-14,0
2011-04-15,-0.144923672073416
2011-04-18,-2.32581260320566
2011-04-19,0.433387956504916
2011-04-20,0.996767423699252
2011-04-21,-0.47807990227029
2011-04-26,2.12825575497044
2011-04-27,-0.942695786762604
2011-04-28,-1.66046465180956
2011-04-29,-0.956629429604616
2011-05-02,2.28827940356857
2011-05-04,-1.85831346913319
2011-05-05,-0.429965934435383
2011-05-06,-0.0497306268019582
2011-05-09,-0.682142234149197
2011-05-10,0.150137654359828
2011-05-11,-0.29492801211588
2011-05-12,-2.06645679871458
2011-05-13,-3.54977776184171
2011-05-16,-3.18627984261419
2011-05-17,-6.37598565079998
2011-05-18,3.46147953434603
2011-05-19,2.96317976063714
2011-05-20,-1.60650950322729
2011-05-23,-5.10395706652989
2011-05-24,3.46493368035938
2011-05-25,1.36048029499509
2011-05-26,4.24743817529376
2011-05-27,2.31366750272874
2011-05-30,-1.69183019648247
2011-05-31,3.15549583296395
2011-06-01,-0.452943468521427
2011-06-02,-1.7740624126986
2011-06-03,-2.54138014568075
2011-06-06,-1.52960873525192
2011-06-07,0.686077795116935
2011-06-08,-2.67974461543976
2011-06-09,3.73305117267462
2011-06-10,-3.18761781352768
2011-06-13,1.86772521534579
2011-06-14,2.8763904863125
2011-06-15,-0.51417033579968
2011-06-16,0
2011-06-17,0.925959846454161
2011-06-20,-1.55005174103726
2011-06-21,-1.10312869243812
2011-06-22,0.10845334557037
2011-06-24,-1.59032183245178
2011-06-27,-2.10846528514677
2011-06-28,1.03196240938241
2011-06-29,1.40025625100537
2011-06-30,-0.808283134241616
2011-07-01,-2.45220153998935
2011-07-04,-2.67550997213868
2011-07-05,-0.910161009343646
2011-07-06,-2.31231812603849
2011-07-07,1.62421947081088
2011-07-08,0.570474646371144
2011-07-11,-4.14515243967037
2011-07-12,2.76255091707807
2011-07-13,0
2011-07-14,-1.45578530930086
2011-07-15,-1.18416649148116
2011-07-18,-4.38300537796117
2011-07-19,-2.7104665116036
2011-07-20,0.836824967051664
2011-07-21,5.30598490526621
2011-07-22,4.46190645872133
2011-07-25,2.83150861030514
2011-07-26,-2.2613704297187
2011-07-27,-3.7891139348277
2011-07-28,-1.49062589097984
2011-07-29,-0.601141903570479
2011-08-01,0.2422733334702
2011-08-02,-4.07816653187392
2011-08-03,-11.8845821154829
2011-08-04,-1.4294709408166
2011-08-05,-5.78313239108224
2011-08-08,-6.20312068277875
2011-08-09,-0.083507311742137
2011-08-10,-0.895110871589022
2011-08-11,3.14384038543594
2011-08-12,-0.792750973882628
2011-08-16,5.21345834382312
2011-08-17,-0.986089407470825
2011-08-18,-7.31168216301037
2011-08-19,1.30291949552599
2011-08-22,-1.47289120783531
2011-08-23,-0.825627465750456
2011-08-24,-1.76893672356511
2011-08-25,-4.77770984443766
2011-08-26,-3.43822998273051
2011-08-29,3.70240408474967
2011-08-30,1.05981309918231
2011-08-31,6.04828683255176
2011-09-01,0.245422060130851
2011-09-02,-1.74033207007889
2011-09-05,-5.95878896469069
2011-09-06,-1.89130933064869
2011-09-07,2.4193901760162
2011-09-08,-5.18105215284441
2011-09-09,-7.45667685148721
2011-09-12,-6.21989735843029
2011-09-13,1.69658999337985
2011-09-14,-1.90962955972145
2011-09-15,4.40232190047416
2011-09-16,2.53274842217817
2011-09-19,-3.97876170974651
2011-09-20,4.97213040674045
2011-09-21,0.789448105892276
2011-09-22,-2.78846259354255
2011-09-23,-0.100544915639578
2011-09-26,3.67227211561207
2011-09-27,4.2016109635814
2011-09-28,1.29857475844251
2011-09-29,5.03698041623659
2011-09-30,3.36340199883018
2011-10-03,-3.89646838559248
2011-10-04,-3.21782040641954
2011-10-05,8.79742542451347
2011-10-06,-0.842836135805003
2011-10-07,-1.60949760990303
2011-10-10,0.429143348549532
2011-10-11,0.427309575127888
2011-10-12,4.14768822730411
2011-10-13,-0.409913001774687
2011-10-14,-1.47649270885877
2011-10-17,-1.009340124831
2011-10-18,4.42728236779883
2011-10-19,-2.75693889194817
2011-10-20,-3.77873879136774
2011-10-21,3.36376130252214
2011-10-24,1.64037984845939
2011-10-25,-2.46600731420985
2011-10-26,-1.68168091309426
2011-10-27,-0.164880499018372
2011-10-28,-2.41685798554472
2011-10-31,-0.868919324737938
2011-11-02,-2.2212993030811
2011-11-03,1.34476354138022
2011-11-04,-0.894496714343251
2011-11-07,-2.43914531241591
2011-11-08,-2.68695986268006
2011-11-09,-5.11315312367304
2011-11-10,-5.69841035792193
2011-11-14,-5.93224978843261
2011-11-15,-3.38967320491101
2011-11-16,6.13063520152726
2011-11-17,-3.85642181799684
2011-11-18,-0.114420165857654
2011-11-21,-2.85094295638553
2011-11-22,2.17461062882665
2011-11-23,0.338737944461265
2011-11-24,-0.565635062970715
2011-11-25,2.5781096288318
2011-11-28,1.75424396637469
2011-11-29,-2.30985028193862
2011-11-30,8.30070507962262
2011-12-01,-1.21553403531891
2011-12-02,-2.62583745275728
2011-12-05,-0.854011629119578
2011-12-06,-0.213725162116329
2011-12-07,4.21009638120631
2011-12-08,0
2011-12-09,0.513867889934749
2011-12-12,-1.13472714031002
2011-12-13,-1.46263630814341
2011-12-14,-4.63297272212779
2011-12-15,0.771166846106475
2011-12-16,-3.56473387302376
2011-12-19,-0.11416118722094
2011-12-20,-0.683796744687015
2011-12-21,5.7727493934455
2011-12-22,0.430838831317804
2011-12-23,2.02090945618973
2011-12-27,0
2011-12-28,-1.16476078593588
2011-12-29,-0.640197666084852
2011-12-30,-0.336398888155554
2012-01-02,-0.417773839337432
2012-01-03,0.646255518942418
2012-01-04,-1.29547168048822
2012-01-05,-4.78639422404661
2012-01-09,-5.02705725209152
2012-01-10,-1.69393625677547
2012-01-11,-3.59927264702131
2012-01-12,1.00546729217734
2012-01-13,0.99687524483798
2012-01-16,5.30658474690022
2012-01-17,3.46537950081287
2012-01-18,0.454572727510882
2012-01-19,-0.115066628509242
2012-01-20,0
2012-01-23,1.79360333430494
2012-01-24,1.65332596492509
2012-01-25,3.85893664573507
2012-01-26,6.51350772086166
2012-01-27,0.491141906507675
2012-01-30,1.8461857753298
2012-01-31,1.77271890312718
2012-02-01,-2.64379877296341
2012-02-02,-1.66247888623592
2012-02-03,-1.69402958169282
2012-02-06,9.02286936516625
2012-02-07,1.00209606843298
2012-02-08,3.48047581197415
2012-02-09,-5.12880148770667
2012-02-10,-2.71969072094089
2012-02-13,-0.853192642524947
2012-02-14,-3.90307594287638
2012-02-15,0.594470019235738
2012-02-16,-7.17371742539208
2012-02-17,-1.17595204069065
2012-02-20,-3.28099068027181
2012-02-21,-2.24610159432199
2012-02-22,-2.99959177618354
2012-02-23,0.583465722807963
2012-02-24,3.43234766045932
2012-02-27,-1.47208214800547
2012-02-28,0.79574982044659
2012-02-29,-0.751374982861197
2012-03-01,-4.35921155897094
2012-03-02,0.118510056574728
2012-03-05,-12.2701174838225
2012-03-06,-7.4009711311358
2012-03-07,6.99691148390087
2012-03-08,0.939768361528226
2012-03-09,-1.34857055366839
2012-03-12,-7.60924873785407
2012-03-13,-0.43964228279052
2012-03-14,3.32763177182882
2012-03-15,1.13224015872122
2012-03-16,-0.849598081083269
2012-03-19,-0.709742361727472
2012-03-20,-3.04526392633298
2012-03-21,-1.33599803459932
2012-03-22,-9.38042055101176
2012-03-23,1.30187618877402
2012-03-26,4.27608265490971
2012-03-27,3.20500553096728
2012-03-28,1.93345421096007
2012-03-29,-2.83898409311558
2012-03-30,1.52005265240689
2012-04-02,-1.82372734675427
2012-04-03,-0.611878592345239
2012-04-04,-4.05386177011322
2012-04-05,0
2012-04-10,0.949643773819409
2012-04-11,-0.633302880241238
2012-04-12,5.55860404538318
2012-04-13,0.597456176360756
2012-04-16,7.61211933471111
2012-04-17,-1.12936238857944
2012-04-18,-1.39175262347191
2012-04-19,-1.85987908913303
2012-04-20,-0.724779064397119
2012-04-23,-1.46551022402497
2012-04-24,1.17378743697856
2012-04-25,2.16663857884909
2012-04-26,2.11908977718638
2012-04-27,4.3778403093873
2012-04-30,-3.48458627473933
2012-05-02,-3.15784356366937
2012-05-04,-5.43772039419088
2012-05-07,5.72524591410637
2012-05-08,-3.92768321830632
2012-05-09,0.554964793373869
2012-05-10,-0.160420166285169
2012-05-11,-1.62538717587721
2012-05-14,-4.10059465329189
2012-05-15,-4.80969418431694
2012-05-16,1.79028155081409
2012-05-17,-4.6222314648305
2012-05-18,3.01205239595836
2012-05-21,-0.509251225054186
2012-05-22,1.79613125656539
2012-05-23,-1.10897236545853
2012-05-24,-0.717306615182056
2012-05-25,-0.181077460070989
2012-05-28,-0.179514603059028
2012-05-29,1.78823884228652
2012-05-30,-1.06835031196908
2012-05-31,3.52007417881681
2012-06-01,0
2012-06-04,0.347455062813284
2012-06-05,-7.51799527577326
2012-06-06,2.56868046728613
2012-06-08,-5.97186506459337
2012-06-11,6.69435416426298
2012-06-12,7.78135959567379
2012-06-13,1.48822570912246
2012-06-14,3.22477750330294
2012-06-15,0.791853719334212
2012-06-18,-0.791853719334212
2012-06-19,6.45478764475673
2012-06-20,-0.148234862330021
2012-06-21,-5.35806646633468
2012-06-22,-1.1066128002666
2012-06-25,-0.959091451610838
2012-06-26,2.22209189455951
2012-06-27,2.7883435221367
2012-06-28,-3.8932174809108
2012-06-29,1.1048739587741
2012-07-02,-0.313020239439887
2012-07-03,-0.632316343787065
2012-07-04,1.25901982354832
2012-07-05,2.77813610889996
2012-07-06,-4.51319671225232
2012-07-09,-0.160299259545615
2012-07-10,1.26865638313671
2012-07-11,-1.58667489536639
2012-07-12,0.636694691857609
2012-07-13,0.15812648417457
2012-07-16,-1.59939032742573
2012-07-17,1.28288692316885
2012-07-18,-1.12246675688368
2012-07-19,0.644148985108384
2012-07-20,-0.482301187829859
2012-07-23,-3.10170014977349
2012-07-24,2.7794321862098
2012-07-25,-1.62538717587721
2012-07-26,0.815995905926825
2012-07-27,0.32318449630262
2012-07-30,-2.12828766085948
2012-07-31,3.09666682614758
2012-08-01,-2.93026878452962
2012-08-02,-1.49885464802482
2012-08-03,2.9738684970096
2012-08-06,-0.817338191864159
2012-08-07,-0.989011450441124
2012-08-08,-0.499944427518662
2012-08-09,1.15979562798532
2012-08-10,1.95890305960631
2012-08-13,-0.648713343813556
2012-08-14,-0.65294912687941
2012-08-16,-0.657240588913344
2012-08-17,0
2012-08-20,0.494193809865928
2012-08-21,2.58909200305
2012-08-22,3.60806692433393
2012-08-23,-4.57177175150671
2012-08-24,1.75892770297288
2012-08-27,-1.59850753668771
2012-08-28,0
2012-08-29,2.07229290071116
2012-08-30,0
2012-08-31,-1.26900823982354
2012-09-03,-0.803284660887615
2012-09-04,0.161847797278525
2012-09-05,-0.969936425146289
2012-09-06,2.24705878900833
2012-09-07,4.34967894762459
2012-09-10,0.302095819152792
2012-09-11,1.65477801564933
2012-09-12,1.62476759947012
2012-09-13,-1.77478637994972
2012-09-14,5.79938655231012
2012-09-17,1.39805029173801
2012-09-18,6.06143493037952
2012-09-19,1.94238806207954
2012-09-20,-3.92185638312852
2012-09-21,1.8492644308024
2012-09-24,-3.19101896989236
2012-09-25,0
2012-09-26,-1.77278960844502
2012-09-27,2.84734946116143
2012-09-28,-0.536540748071901
2012-10-01,0.135108529573924
2012-10-02,-0.268989620901872
2012-10-03,0.937616525773399
2012-10-04,1.32536825904055
2012-10-05,0.654100062008434
2012-10-08,-1.05056144288846
2012-10-09,-0.131579877570265
2012-10-10,4.39924815605395
2012-10-11,-1.27471877351568
2012-10-12,0
2012-10-15,0.638723122727658
2012-10-16,4.36290868662002
2012-10-17,0.243760928812708
2012-10-18,0
2012-10-19,-1.10098969791519
2012-10-22,-2.23902593700944
2012-10-23,-0.377652929335515
2012-10-24,0.377652929335515
2012-10-25,2.85189813114677
2012-10-26,-2.97850379783524
2012-10-29,-0.251047262647042
2012-10-30,2.86253578825555
2012-10-31,0.855132776004597
2012-11-02,2.16502066856341
2012-11-05,-1.5588388264645
2012-11-06,-1.33925448512895
2012-11-07,-2.23071091569831
2012-11-08,-2.5385144877526
2012-11-09,1.7846294822208
2012-11-12,-0.634383472987166
2012-11-13,-0.6357538242038
2012-11-14,-0.25758687670927
2012-11-15,-0.127697629407386
2012-11-16,-1.29147591694596
2012-11-19,1.16226823803278
2012-11-20,1.53162408183625
2012-11-21,2.99204467844376
2012-11-22,1.4631072593223
2012-11-23,-0.120582108804212
2012-11-26,0.120582108804212
2012-11-27,1.20415781151553
2012-11-28,-0.119137957018545
2012-11-29,2.01489991041903
2012-11-30,0.81815075220355
2012-12-03,5.65768163012415
2012-12-04,-0.220405473578333
2012-12-05,-0.22089233256759
2012-12-06,0.661218562144716
2012-12-07,-0.661218562144716
2012-12-10,2.50957785211972
2012-12-11,1.28563583662191
2012-12-12,0
2012-12-13,-0.107065197312606
2012-12-14,-0.427169481889633
2012-12-17,1.59201147837389
2012-12-18,0.524721930409688
2012-12-19,1.35239544113017
2012-12-20,-1.03909756307812
2012-12-21,3.78610364037022
2012-12-27,2.18946553970327
2012-12-28,-2.69200038107429
2013-01-02,-1.01164080203686
2013-01-03,-5.23793670078048
2013-01-04,0.322829478981523
2013-01-07,-2.4959367240855
2013-01-08,1.6342416231284
2013-01-09,-0.108802839607014
2013-01-10,1.29116915763166
2013-01-11,0
2013-01-14,-0.536525329591342
2013-01-15,-0.106975366457718
2013-01-16,3.17469379083346
2013-01-17,2.87994774602702
2013-01-18,-3.4019307110944
2013-01-21,-1.68956392689394
2013-01-22,-0.963146898872136
2013-01-23,-1.62653230364485
2013-01-24,-0.437250726767324
2013-01-25,-1.77188834152573
2013-01-28,-4.92386479680076
2013-01-29,-0.824899713370097
2013-01-30,1.7588624729834
2013-01-31,0.116894990479821
2013-02-01,1.03872510892904
2013-02-04,-5.18950262393818
2013-02-05,1.91975341451265
2013-02-06,-0.956526313963435
2013-02-07,1.42952239757252
2013-02-08,0.941786727542837
2013-02-11,-1.41478281115193
2013-02-12,-1.07595182864473
2013-02-13,-4.04158925044693
2013-02-14,-6.32130693497739
2013-02-15,6.81907714680483
2013-02-18,0.992039465855177
2013-02-19,-0.248058937808526
2013-02-20,-1.4922246071448
2013-02-21,-2.28160917943203
2013-02-22,3.77383378657683
2013-02-25,-1.11740273272591
2013-02-26,0.499756381848293
2013-02-27,1.11057601626023
2013-02-28,0.123496510196341
2013-03-01,-0.739391598962325
2013-03-04,1.71554581052926
2013-03-05,1.56761434907455
2013-03-06,-2.66726507083783
2013-03-07,-1.11057601626023
2013-03-08,0.740460754989991
2013-03-11,1.71264041178834
2013-03-12,3.68796157692217
2013-03-13,1.27828742374687
2013-03-14,1.25976651165813
2013-03-15,-1.37585155698035
2013-03-18,-2.10055283500852
2013-03-19,-2.14562450413651
2013-03-20,-1.21164340933166
2013-03-21,-1.72186953336655
2013-03-22,-0.497831166439289
2013-03-25,-2.52434423283256
2013-03-26,2.14999334604493
2013-03-27,-0.879856048853966
2013-03-28,-3.47011223597977
2013-04-02,1.94238806207954
2013-04-03,-4.32221528062815
2013-04-04,-0.268268007371897
2013-04-05,1.99399516391208
2013-04-08,2.46879049468058
2013-04-09,0.127697629407386
2013-04-10,0.384793765711811
2013-04-11,2.14728928099093
2013-04-12,-0.124502823948536
2013-04-15,-1.13286144923852
2013-04-17,-3.87120689760365
2013-04-18,-1.05888560059295
2013-04-19,0.397703303946129
2013-04-22,1.31528235865526
2013-04-23,0.392326229264395
2013-04-24,2.44340253372821
2013-04-25,-0.765805930406449
2013-04-26,-0.127534770506621
2013-04-29,1.90537710323575
2013-04-30,-1.52058333752394
2013-05-02,-4.30665014884033
2013-05-06,0
2013-05-07,3.27902734866945
2013-05-08,-1.03692653458116
2013-05-09,1.67975556904023
2013-05-10,-0.127697629407386
2013-05-13,0.127697629407386
2013-05-14,-2.86154253255608
2013-05-15,-1.32750853694599
2013-05-16,0.267194686373551
2013-05-17,-1.34175453908996
2013-05-20,-0.679114933509983
2013-05-21,-0.956849149314887
2013-05-22,0.275961368088362
2013-05-23,-1.24205464390514
2013-05-24,7.86566828086013
2013-05-27,2.53208304670274
2013-05-28,1.24175073987409
2013-05-29,5.29057315036949
2013-05-31,-0.469784665068573
2013-06-03,-1.42149245531193
2013-06-04,-0.120105106393309
2013-06-05,1.54159756170524
2013-06-06,-2.74304769161846
2013-06-07,8.23634544688745
2013-06-10,0.11078524540844
2013-06-11,1.65524209109655
2013-06-12,0.436961643306111
2013-06-13,-0.656160565073538
2013-06-14,-0.880473270578896
2013-06-17,0.661944228527034
2013-06-18,-0.221315534002953
2013-06-19,0.221315534002953
2013-06-20,-3.92280822074911
2013-06-21,-4.08299777235954
2013-06-24,2.81767673572695
2013-06-25,-0.464336906639673
2013-06-26,-2.35333982908728
2013-06-27,-3.63657962014696
2013-06-28,1.22779802277084
2013-07-01,-0.85722876910248
2013-07-02,0.612872194137326
2013-07-03,0.609138939340204
2013-07-04,1.08768981365932
2013-07-05,-3.42425072885186
2013-07-08,-2.01011131669149
2013-07-09,-1.53286401473811
2013-07-10,5.27039730728194
2013-07-11,-1.47751295840139
2013-07-12,-2.00504350246544
2013-07-15,3.72691303583199
2013-07-16,-0.611371847191888
2013-07-17,4.20436230972197
2013-07-18,-3.34922953371737
2013-07-19,0
2013-07-22,-1.22350001377503
2013-07-23,1.22350001377503
2013-07-24,-0.366504257269629
2013-07-25,-2.47130825813655
2013-07-26,0.124502823948536
2013-07-29,1.48980967768262
2013-07-30,-1.48980967768262
2013-07-31,0.995668501976077
2013-08-01,1.2295236857037
2013-08-02,3.48293598233873
2013-08-05,1.40773001168006
2013-08-06,-1.76216013498194
2013-08-07,1.41146908598033
2013-08-08,1.5076425538024
2013-08-09,-1.04113949739104
2013-08-12,-0.349061794121042
2013-08-13,-2.96058745430798
2013-08-14,0.95630941934175
2013-08-16,-2.28746497808481
2013-08-19,-2.46651737478807
2013-08-20,-3.29926008830999
2013-08-21,2.9244382138911
2013-08-22,-2.02402230272276
2013-08-23,-0.770708949608689
2013-08-26,0.256216764578854
2013-08-27,-1.81568664400555
2013-08-28,0.782774841790923
2013-08-29,2.30955905237389
2013-08-30,-2.30955905237389
2013-09-02,0.776695037635777
2013-09-03,0
2013-09-04,-1.82176241027692
2013-09-05,-8.48486200060981
2013-09-06,-3.63831669388952
2013-09-09,-1.49195811358296
2013-09-10,1.49195811358296
2013-09-11,3.9223101287122
2013-09-12,3.22369332384844
2013-09-13,-0.414193206191227
2013-09-16,-3.0934935524799
2013-09-17,3.0934935524799
2013-09-18,-0.555912718687779
2013-09-19,0.278342657534969
2013-09-20,0
2013-09-23,-1.68031718424078
2013-09-24,0.842954134509766
2013-09-25,-0.280686469597358
2013-09-26,1.11804951932837
2013-09-27,0.554371803049425
2013-09-30,0
2013-10-01,0.137391464294612
2013-10-02,2.85650266981219
2013-10-03,-0.67363098063733
2013-10-04,0.269715127038239
2013-10-07,2.26298478481395
2013-10-08,-1.99399516391208
2013-10-09,1.99399516391208
2013-10-10,2.59648812408797
2013-10-11,1.40063916871034
2013-10-14,0.504737934525412
2013-10-15,1.49780749407147
2013-10-16,0.370649189269612
2013-10-17,3.0410567792019
2013-10-18,-1.44847639205601
2013-10-21,0.846861044956615
2013-10-22,-0.967882480518956
2013-10-23,-0.855132776004597
2013-10-24,-1.73382890830487
2013-10-25,1.11740273272591
2013-10-28,-1.11740273272591
2013-10-29,0.871320494827899
2013-10-30,-0.621782532922532
2013-10-31,-0.624359836324251
2013-11-04,1.12157541787519
2013-11-05,-2.00254542859688
2013-11-06,-0.507298467797268
2013-11-07,-0.765805930406449
2013-11-08,-2.20012672283274
2013-11-12,0.653418405972772
2013-11-13,2.81981271506369
2013-11-14,1.75554826698887
2013-11-15,2.81694307524871
2013-11-18,3.32411966845179
2013-11-19,2.76573178034281
2013-11-20,-0.341114079078508
2013-11-21,-2.07392665226269
2013-11-22,0
2013-11-25,0
2013-11-26,-1.17172785102437
2013-11-27,-0.117313654561091
2013-11-28,-2.14562450413651
2013-11-29,1.07856677232667
2013-12-02,-1.31871148005809
2013-12-03,0.12014444069921
2013-12-04,0.120000267032205
2013-12-05,-0.361700638420048
2013-12-06,0.841523231571673
2013-12-09,0.240930710966314
2013-12-10,-0.960898011849354
2013-12-11,-4.57249134223758
2013-12-12,-0.125920395194656
2013-12-13,0
2013-12-16,-4.53238919425047
2013-12-17,-3.91718634526981
2013-12-18,0
2013-12-19,-1.38642845084747
2013-12-20,5.03958273655891
2013-12-23,0.925214356205184
2013-12-27,-2.80314446921528
2013-12-30,0.809149305303203
2014-01-02,-0.538704747940111
2014-01-03,-0.134422886278318
2014-01-07,-4.28003513582094
2014-01-08,0.843241080587287
2014-01-09,-2.11934150633402
2014-01-10,3.23271480620484
2014-01-13,2.45784364164114
2014-01-14,1.33996414766551
2014-01-15,-0.132632494853868
2014-01-16,0.664185962393726
2014-01-17,-1.73727518150819
2014-01-20,2.26601809119455
2014-01-21,-1.19292887208009
2014-01-22,-2.02086947259994
2014-01-23,2.02086947259994
2014-01-24,-2.97771862191483
2014-01-27,-1.80082997240878
2014-01-28,5.44273455671733
2014-01-29,-2.27674933570017
2014-01-30,-1.08919388052002
2014-01-31,1.49442560101483
2014-02-03,0.806972755312008
2014-02-04,-1.62051057510031
2014-02-05,-1.92294242513167
2014-02-06,1.92294242513167
2014-02-07,-2.06109713673059
2014-02-10,-1.53982306558036
2014-02-11,0.562950040288213
2014-02-12,2.08112101270785
2014-02-13,-1.10424798741571
2014-02-14,-0.278342657534969
2014-02-17,0.278342657534969
2014-02-18,-1.39805029173801
2014-02-19,-0.282266892502769
2014-02-20,0.282266892502769
2014-02-21,0.560687242006996
2014-02-24,1.94161103714672
2014-02-25,1.09361104825791
2014-02-26,-1.92028897452081
2014-02-27,1.51229982085748
2014-02-28,0.543142573344424
2014-03-03,-5.7238701671869
2014-03-04,2.41398468654004
2014-03-05,-1.12908715817419
2014-03-06,-0.425969873038068
2014-03-07,0.709439070491324
2014-03-10,-2.43321736659561
2014-03-11,-0.145885596878781
2014-03-12,-0.28936086712561
2014-03-13,-1.46723685465568
2014-03-14,0.441665454270423
2014-03-17,0.879048991351161
2014-03-18,-0.731233856501512
2014-03-19,-1.03310538405545
2014-03-20,4.49585628273781
2014-03-21,1.96615705007679
2014-03-24,-2.67612035793754
2014-03-25,-1.58567045816038
2014-03-26,-1.02105651461093
2014-03-27,2.03179275226621
2014-03-28,1.99280742009418
2014-03-31,1.53620500333693
2014-04-01,0.829267750196627
2014-04-02,0.412786893708517
2014-04-03,-0.825837552454645
2014-04-04,-0.971446183028712
2014-04-07,-0.279507605013785
2014-04-08,1.52554821144752
2014-04-09,1.09660923816743
2014-04-10,0.81463660561869
2014-04-11,-0.679114933509983
2014-04-14,-0.271227254720308
2014-04-15,-0.409660526506217
2014-04-16,0.680887781226525
2014-04-17,0.947780253485475
2014-04-22,2.1334030696869
2014-04-23,-0.39612788817871
2014-04-24,0.792069662659411
2014-04-25,-0.130887366012589
2014-04-28,-1.99399516391208
2014-04-29,1.99399516391208
2014-04-30,-0.528041258450296
2014-05-02,1.83471227200307
2014-05-05,-2.36555661414573
2014-05-06,-1.60823719753755
2014-05-07,-0.81463660561869
2014-05-08,0
2014-05-09,0.272283571051735
2014-05-12,1.48374867615728
2014-05-13,-0.268268007371897
2014-05-14,-0.673127634218429
2014-05-15,-1.91124584378612
2014-05-16,0.551243129049617
2014-05-19,0
2014-05-20,-0.963418040626318
2014-05-21,-0.69513397241272
2014-05-22,1.24576511933052
2014-05-23,0.412786893708517
2014-05-26,2.56894861153107
2014-05-27,0
2014-05-28,1.32573751437548
2014-05-29,4.63430461428418
2014-05-30,0.626705943466987
2014-06-02,-0.37528912407252
2014-06-03,-0.503467336517049
2014-06-04,0.125444850434109
2014-06-05,0.75331161015546
2014-06-06,-0.626705943466987
2014-06-09,0.502203119518452
2014-06-10,1.24328814043926
2014-06-11,-1.11878531649072
2014-06-12,0
2014-06-13,0.624104388996471
2014-06-16,-0.499756381848293
2014-06-17,1.48797198639428
2014-06-18,1.34288628417942
2014-06-20,1.44673919837266
2014-06-23,-2.54376856064149
2014-06-24,0
2014-06-25,-0.616426175578955
2014-06-26,-0.991902677034995
2014-06-27,-2.78193110954184
2014-06-30,0.89334070091307
2014-07-01,-0.89334070091307
2014-07-02,-2.72892751104843
2014-07-03,-2.53468341117005
2014-07-04,0.268665319975492
2014-07-07,0.940280576819075
2014-07-08,-2.56894861153107
2014-07-09,2.43456256745291
2014-07-10,0.931380648767277
2014-07-11,-0.664185962393726
2014-07-14,-1.34175453908996
2014-07-15,0.941395641590326
2014-07-16,-0.672730321614834
2014-07-17,0.805894532740914
2014-07-18,-0.536540748071901
2014-07-21,-0.80882793886099
2014-07-22,-0.543827771402206
2014-07-23,-0.409103833395874
2014-07-24,0.409103833395874
2014-07-25,-0.545366109117817
2014-07-28,0
2014-07-29,-1.93767157989708
2014-07-30,-0.840588067344994
2014-07-31,-1.7056776913301
2014-08-01,-1.15198036954058
2014-08-04,0.288105979597053
2014-08-05,0.721164225040871
2014-08-06,-1.15515580151671
2014-08-07,-1.16711713266122
2014-08-08,-1.1824566673011
2014-08-11,2.06021293283671
2014-08-12,-0.291730196285678
2014-08-13,1.01508263988712
2014-08-14,-1.45504809108676
2014-08-18,2.03179275226621
2014-08-19,0.574934220505097
2014-08-20,0.142097532716234
2014-08-21,-11.9572672512464
2014-08-22,1.27712236386204
2014-08-25,-0.957568793810504
2014-08-26,-2.26720870949244
2014-08-27,0
2014-08-28,-3.84501145413736
2014-08-29,0.510990954397283
2014-09-01,-1.70873909623865
2014-09-02,1.19774814184137
2014-09-03,3.84501145413736
2014-09-04,0.327540227834233
2014-09-05,0.488455678092592
2014-09-08,-0.981029465818284
2014-09-09,-1.48895587795979
2014-09-10,-1.34140527403095
2014-09-11,-1.19113674734301
2014-09-12,-0.856228136753523
2014-09-15,-3.33192737694421
2014-09-16,-0.71602930100676
2014-09-17,2.30767313299767
2014-09-18,-1.76923554868216
2014-09-19,3.33594246842877
2014-09-22,-0.518906745311853
2014-09-23,-0.873320126496968
2014-09-24,-0.174480047937786
2014-09-25,0.174480047937786
2014-09-26,0.351706687761921
2014-09-29,-1.05330888072679
2014-09-30,-1.24211340365508
2014-10-01,-3.45301630654695
2014-10-02,-1.11402234962681
2014-10-03,1.48519506156357
2014-10-06,3.97037406095386
2014-10-07,2.10116821621846
2014-10-08,0
2014-10-09,0.17236534826004
2014-10-10,-0.866641746440311
2014-10-13,-1.05330888072679
2014-10-14,-3.22817654847214
2014-10-15,-1.09578044979313
2014-10-16,0.365955068558477
2014-10-17,3.95800192970679
2014-10-20,0.877610158758912
2014-10-21,2.24602366797499
2014-10-22,0
2014-10-23,-0.68475568825892
2014-10-24,1.53726664774405
2014-10-27,-0.852510959485131
2014-10-28,2.03184069520843
2014-10-29,-0.33402513388574
2014-10-30,0.500620232434357
2014-10-31,1.65775573463454
2014-11-03,-2.66505478104857
2014-11-04,-2.22094150930323
2014-11-05,1.71346131377432
2014-11-06,-1.88733975138091
2014-11-07,-1.21834843420223
2014-11-10,1.39222687180882
2014-11-12,-1.74149193273636
2014-11-13,1.04780134684279
2014-11-14,2.40715189966789
2014-11-17,-2.40715189966789
2014-11-18,2.57600630733892
2014-11-19,0.338625787857882
2014-11-20,-1.19113674734301
2014-11-21,3.69233764935928
2014-11-24,0.329160249974469
2014-11-25,0
2014-11-26,-0.49328305064229
2014-11-27,0.658316610533749
2014-11-28,0.815995905926825
2014-12-01,-1.31018971579275
2014-12-02,1.14649844183863
2014-12-03,-1.80634964230528
2014-12-04,-1.33467088756993
2014-12-05,0.834726460051272
2014-12-08,-2.53254202137396
2014-12-09,0
2014-12-10,0
2014-12-11,0.683656551814105
2014-12-12,-0.683656551814105
2014-12-15,0
2014-12-16,-0.511776438668932
2014-12-17,-2.08473524303789
2014-12-18,-1.76923554868216
2014-12-19,0
2014-12-22,-3.08184359461019
2014-12-23,-0.741784256414957
2014-12-29,-1.68199684008707
2014-12-30,1.68199684008707
2015-01-02,0.554436904150424
2015-01-05,-1.86151716789837
2015-01-07,4.23232403952005
2015-01-08,0
2015-01-09,-0.179514603059028
2015-01-12,0.179514603059028
2015-01-13,1.96478789082344
2015-01-14,-2.686689562226
2015-01-15,-0.547256983764211
2015-01-16,-0.548345795631899
2015-01-19,-13.7477669014826
2015-01-20,3.10998157867817
2015-01-21,-2.06326519878635
2015-01-22,3.07809195368651
2015-01-23,-0.809755442137927
2015-01-26,-2.05899455363669
2015-01-27,-2.31384686563985
2015-01-28,-0.424477302308857
2015-01-29,1.27248558075066
2015-01-30,1.25649662928615
2015-02-02,-0.624078228497926
2015-02-03,-1.48042667923003
2015-02-04,1.05778852783613
2015-02-05,-1.48226583014499
2015-02-06,-0.430783704104254
2015-02-09,-1.29676498922728
2015-02-10,0
2015-02-11,0
2015-02-12,1.29676498922728
2015-02-13,2.33568768564314
2015-02-16,1.04015097695667
2015-02-17,0
2015-02-18,0
2015-02-19,-1.88500583736735
2015-02-20,-1.91896390123445
2015-02-23,-0.217017898719174
2015-02-24,0.431312556817987
2015-02-25,3.38294428995614
2015-02-26,-0.20934195791189
2015-02-27,1.44981897836136
2015-03-02,-1.44981897836136
2015-03-03,1.44981897836136
2015-03-04,1.22315221083835
2015-03-05,-1.22315221083835
2015-03-06,-0.411784944848526
2015-03-09,0
2015-03-10,-0.205447677718151
2015-03-11,1.23067884299166
2015-03-12,1.01482675490017
2015-03-13,-0.405120764486799
2015-03-16,-0.815198709941178
2015-03-17,2.2270464538479
2015-03-18,2.76119054596882
2015-03-19,1.54339346830439
2015-03-20,0
2015-03-23,-4.30458401427321
2015-03-24,1.78201562914018
2015-03-25,-1.5831355719611
2015-03-26,-2.22043379149917
2015-03-27,-0.205492719527811
2015-03-30,11.9388808217283
2015-03-31,2.15397862922473
2015-04-01,0.176647281405318
2015-04-02,0.707174630624618
2015-04-07,-1.06264619036704
2015-04-08,0.178824278337109
2015-04-09,0.176647281405318
2015-04-10,0.35606365159595
2015-04-13,1.40258363127546
2015-04-14,0.173264435689346
2015-04-15,3.08263248839562
2015-04-16,0.839298653215215
2015-04-17,-0.671580028032359
2015-04-20,-0.674344806239557
2015-04-21,-1.02281225459988
2015-04-22,0.683035895265105
2015-04-23,-4.52361322630732
2015-04-24,-0.712878752226653
2015-04-27,1.95246068368704
2015-04-28,2.60099539958183
2015-04-29,2.3687370888718
2015-04-30,3.45280491520854
2015-05-04,0.965247077530385
2015-05-05,0
2015-05-06,-0.32239675975323
2015-05-07,-0.482172391640323
2015-05-08,1.12258766362323
2015-05-11,-0.158882836450447
2015-05-12,0.158882836450447
2015-05-13,-1.77025612520583
2015-05-14,0.647668461582596
2015-05-15,-0.973082543904513
2015-05-18,-0.6523046319727
2015-05-19,-0.658316610533749
2015-05-20,-0.164392606478336
2015-05-21,0.657675657120627
2015-05-22,0
2015-05-25,-4.53327433800268
2015-05-26,1.70291318601195
2015-05-27,2.17268549487011
2015-05-28,-2.00468510167129
2015-05-29,-3.78116877431087
2015-06-01,2.42203163376904
2015-06-02,-3.29934341481859
2015-06-03,5.33118411002702
2015-06-05,0.166595098548616
2015-06-08,-0.166595098548616
2015-06-09,-0.33402513388574
2015-06-10,-2.55404369807621
2015-06-11,-2.44311527806507
2015-06-12,1.75063190754652
2015-06-15,0
2015-06-16,2.4012224667572
2015-06-17,-0.852510959485131
2015-06-18,2.53254202137396
2015-06-19,5.6706206604884
2015-06-22,-0.791853719334212
2015-06-23,-2.57247287133024
2015-06-24,-1.47501384898479
2015-06-25,0.822709217012085
2015-06-26,-1.32099576386817
2015-06-29,0.331888505238132
2015-06-30,-0.664882179221205
2015-07-01,0
2015-07-02,0.664882179221205
2015-07-03,-0.664882179221205
2015-07-06,1.48895587795979
2015-07-07,-4.70625358759267
2015-07-08,-1.21200409528421
2015-07-09,4.4293018049171
2015-07-10,-1.68003106188883
2015-07-13,2.0130247358719
2015-07-14,-0.332993673983073
2015-07-15,-1.00568625564927
2015-07-16,-0.674344806239557
2015-07-17,-1.36428739815406
2015-07-20,0.683576262595875
2015-07-21,-1.37548302349375
2015-07-22,1.03338190445206
2015-07-23,1.86811685643744
2015-07-24,0
2015-07-27,0
2015-07-28,-0.84530460183756
2015-07-29,1.1793297357233
2015-07-30,-0.840703947865418
2015-07-31,-0.338625787857882
2015-08-03,0.84530460183756
2015-08-04,0
2015-08-05,0.500620232434357
2015-08-06,-1.34592483427192
2015-08-07,1.51399210072374
2015-08-10,-0.501535466020564
2015-08-11,0.501535466020564
2015-08-12,3.76768353845724
2015-08-13,4.40276052292083
2015-08-14,-1.08265105081378
2015-08-17,-1.88344973269787
2015-08-18,-1.91960562910971
2015-08-19,2.07723099462553
2015-08-20,-1.9165530684887
2015-08-21,-0.160677926136832
2015-08-24,-7.54800049250872
2015-08-25,1.04053164678961
2015-08-26,0.856228136753523
2015-08-27,4.18653145922521
2015-08-28,0.815995905926825
2015-08-31,-4.1500164056669
2015-09-01,1.68003106188883
2015-09-02,0
2015-09-03,-1.17340488083213
2015-09-04,-2.9078486478139
2015-09-07,1.55050261086058
2015-09-08,0.85071985589662
2015-09-09,2.38480466758406
2015-09-10,-0.67509042972671
2015-09-11,-2.40115421971721
2015-09-14,-1.04801469735811
2015-09-15,3.44916891707532
2015-09-16,5.76296714956983
2015-09-17,-0.804174102946864
2015-09-18,1.44157933631415
2015-09-21,-1.28055806165948
2015-09-22,0.160762412912385
2015-09-23,-0.483064658953825
2015-09-24,-0.161541507155283
2015-09-25,1.44620705410223
2015-09-28,-1.44620705410223
2015-09-29,-0.323867998151783
2015-09-30,1.4508645796407
2015-10-01,-0.804174102946864
2015-10-02,0.482288069706427
2015-10-05,3.31561609892059
2015-10-06,0.155025162698896
2015-10-07,1.69117136860955
2015-10-08,1.36300531909208
2015-10-09,4.8435324159084
2015-10-12,3.10341178210984
2015-10-13,-1.39884583915173
2015-10-14,0.840790263934443
2015-10-15,0.278699773839941
2015-10-16,-0.418341478853868
2015-10-19,-2.11984003292578
2015-10-20,-0.429118754446245
2015-10-21,-2.17667823316545
2015-10-22,2.31992251865885
2015-10-23,0.143039389706656
2015-10-26,-1.29627324928139
2015-10-27,-0.435352447341697
2015-10-28,0
2015-10-29,-1.7621401440798
2015-10-30,-0.445046730305676
2015-11-02,0.445046730305676
2015-11-03,0
2015-11-04,-2.55165953818235
2015-11-05,1.05885357327018
2015-11-06,0.300040436665538
2015-11-09,3.24535112607927
2015-11-10,0.144906993588867
2015-11-12,-2.04958274370126
2015-11-13,2.33876830708957
2015-11-16,3.26976279806506
2015-11-17,1.38913972648727
2015-11-18,-1.8092386559893
2015-11-19,-0.562891374540042
2015-11-20,5.76214312428871
2015-11-23,-2.565134871237
2015-11-24,-0.275146036165674
2015-11-25,-0.964023679470594
2015-11-26,2.1913775595845
2015-11-27,0.270402283373672
2015-11-30,-3.01828659747767
2015-12-01,0.140491744132065
2015-12-02,-0.140491744132065
2015-12-03,0.970798247633398
2015-12-04,1.50595062622756
2015-12-07,-1.36823400251227
2015-12-08,-1.52685635020255
2015-12-09,-0.139836975782903
2015-12-10,-1.12725063684811
2015-12-11,-0.852752420294767
2015-12-14,-2.89922975404466
2015-12-15,-0.147039901584489
2015-12-16,-3.59856603218998
2015-12-17,3.59856603218998
2015-12-18,0.588374898419852
2015-12-21,1.01878642868172
2015-12-22,2.85779980253285
2015-12-23,0.701148558920517
2015-12-28,0
2015-12-29,0
2015-12-30,0
2016-01-04,0
2016-01-05,0
2016-01-07,2.07583405787306
2016-01-08,-4.19567409079884
2016-01-11,-5.732202066973
2016-01-12,3.4204852358044
2016-01-13,0.437256055299318
2016-01-14,-1.02476897817538
2016-01-15,1.46012142551708
2016-01-18,0
2016-01-19,1.43910832852758
2016-01-20,-1.72913260082792
2016-01-21,-0.72876215638138
2016-01-22,-0.294510985171992
2016-01-25,2.17983721880965
2016-01-26,-0.866539804955946
2016-01-27,-1.01878642868172
2016-01-28,-0.441334996835363
2016-01-29,1.46012142551708
2016-02-01,0
2016-02-02,2.15023937974921
2016-02-03,-1.71677403735169
2016-02-04,1.00564298613006
2016-02-05,-1.00564298613006
2016-02-08,-0.433465342397521
2016-02-09,0
2016-02-10,0
2016-02-11,-2.79132947074017
2016-02-12,-0.748836336973402
2016-02-15,-1.20898632189028
2016-02-16,-0.304151745821901
2016-02-17,2.11142517892353
2016-02-18,0
2016-02-19,0
2016-02-22,-1.3512150419432
2016-02-23,0.75292793073185
2016-02-24,0.299590989272636
2016-02-25,0.298696121938713
2016-02-26,1.18746094207127
2016-02-29,-0.443074836990554
2016-03-01,0.14790984772024
2016-03-02,1.46869061111241
2016-03-03,1.59088170667019
2016-03-04,-1.00998957408134
2016-03-07,0.577537254733995
2016-03-08,0.432452319347343
2016-03-09,0.28628367520005
2016-03-10,-1.00708768589308
2016-03-11,3.26976279806506
2016-03-14,1.38913972648727
2016-03-15,0.686694331385795
2016-03-16,0
2016-03-17,-1.65749257901919
2016-03-18,-3.97728984030723
2016-03-21,2.85779980253285
2016-03-22,-0.281841745121558
2016-03-23,-1.1368497288837
2016-03-24,0
2016-03-29,1.69974110342375
2016-03-30,0.420098929502033
2016-03-31,-1.26708761263101
2016-04-01,0.284097308588938
2016-04-04,-0.425718677662079
2016-04-05,0.707560422783637
2016-04-06,-0.140821579132022
2016-04-07,-1.27786989487324
2016-04-08,0
2016-04-11,0
2016-04-12,0.995630415150495
2016-04-13,4.01929997049011
2016-04-14,-2.05872158012974
2016-04-15,-0.13867149235387
2016-04-18,0
2016-04-19,-0.837534256014116
2016-04-20,-0.984372641992382
2016-04-21,1.26385132278921
2016-04-22,0.558055575217287
2016-04-25,-1.8219068980065
2016-04-26,-0.28449936392887
2016-04-27,0.28449936392887
2016-04-28,-0.28449936392887
2016-04-29,0
2016-05-02,0.707560422783637
2016-05-04,-1.84781022845151
2016-05-05,-0.576524231683817
2016-05-06,-0.433465342397521
2016-05-09,0
2016-05-10,1.43910832852758
2016-05-11,-0.572568523571637
2016-05-12,-0.866539804955946
2016-05-13,1.43910832852758
2016-05-16,-1.43910832852758
2016-05-17,0.722883961819831
2016-05-18,0.716224366707752
2016-05-19,-1.58401532211645
2016-05-20,-1.31521443192821
2016-05-23,2.03765868025108
2016-05-24,-0.867561527034333
2016-05-25,-0.290867860288513
2016-05-27,1.4474319375448
2016-05-30,-2.32666123047303
2016-05-31,-2.08004438219649
2016-06-01,-3.20430943632173
2016-06-02,-1.56279585480772
2016-06-03,2.33592178267923
2016-06-06,2.88023408286735
2016-06-07,3.95765503825238
2016-06-08,0.572568523571637
2016-06-09,-1.43910832852758
2016-06-10,-0.290024272300338
2016-06-13,-2.65185442420188
2016-06-14,0
2016-06-15,0
2016-06-16,0
2016-06-17,2.21523475190026
2016-06-20,-0.733477480915123
2016-06-21,0
2016-06-22,-1.1824178962101
2016-06-23,0.296917785248385
2016-06-24,-1.04463658318934
2016-06-27,0
2016-06-28,1.93013669415105
2016-06-29,0
2016-06-30,-2.23017713081659
2016-07-01,1.49280596491217
2016-07-04,0
2016-07-05,-1.64316445090256
2016-07-06,-1.67061604788123
2016-07-07,2.71994361946513
2016-07-08,0
2016-07-11,1.33120804522309
2016-07-12,-1.48175727098514
2016-07-13,0.892295952800959
2016-07-14,0
2016-07-15,-2.54627669203342
2016-07-18,0.905560879401013
2016-07-19,-1.66808497071804
2016-07-20,0.45727115984795
2016-07-21,1.51085424753563
2016-07-22,1.48836677352613
2016-07-25,0.441769920624924
2016-07-26,0
2016-07-27,0
2016-07-28,2.61335528509181
2016-07-29,0.997005520174477
2016-08-01,1.82705046055802
2016-08-02,-3.97728984030723
2016-08-03,1.43910832852758
2016-08-04,2.53818151177965
2016-08-05,0.279355801377346
2016-08-08,0.966686295804631
2016-08-09,-1.66438357603584
2016-08-10,2.07583405787306
2016-08-11,0
2016-08-12,1.36079401845848
2016-08-16,-0.270402283373672
2016-08-17,-0.679221999133484
2016-08-18,-2.48700379382438
2016-08-19,-1.40870898170415
2016-08-22,-0.997005520174477
2016-08-23,-1.44325813187507
2016-08-24,5.23811236024097
2016-08-25,-0.552770953902182
2016-08-26,-0.976205748367986
2016-08-29,-2.55257158071451
2016-08-30,3.39010583672863
2016-08-31,0
2016-09-01,-2.67490596154945
2016-09-02,0.852999063542947
2016-09-05,0.423061058854768
2016-09-06,9.40300656069881
2016-09-07,3.77334806610059
2016-09-08,-1.99463340532517
2016-09-09,-5.03617428775596
2016-09-12,-2.27817258183989
2016-09-13,2.01178444045713
2016-09-14,-1.47032089116474
2016-09-15,0.403145352579726
2016-09-16,7.12191272988092
2016-09-19,3.68200230293265
2016-09-20,0.719667757191056
2016-09-21,-0.479202576927351
2016-09-22,1.55030437456483
2016-09-23,-0.711973158591883
2016-09-26,0.119014768196823
2016-09-27,0.474647658497407
2016-09-28,0.708985646555638
2016-09-29,-0.354472547526186
2016-09-30,-2.63192540811543
2016-10-03,0
2016-10-04,0
2016-10-05,0
2016-10-06,0.122281437195282
2016-10-07,-0.729660748803473
2016-10-10,0.607379311608192
2016-10-11,0.243168036621588
2016-10-12,-0.485677249563699
2016-10-13,-2.83453960383544
2016-10-14,1.85857854199547
2016-10-17,-0.616119898827483
2016-10-18,0
2016-10-19,1.22721086200137
2016-10-20,1.81241502164644
2016-10-21,0
2016-10-24,-0.600082223883147
2016-10-25,0.719667757191056
2016-10-26,-0.719667757191056
2016-10-27,-0.48267204895982
2016-10-28,-2.20387648550098
2016-10-31,-0.620194695231691
2016-11-02,-0.375259073240164
2016-11-03,0.250757224927378
2016-11-04,-0.751577912119972
2016-11-07,-1.26444677886774
2016-11-08,2.38906617733559
2016-11-09,-0.623798711275247
2016-11-10,1.73591094942478
2016-11-14,-0.124085204201618
2016-11-15,0.735923947959849
2016-11-16,-1.22871722312232
2016-11-17,0.739546071934782
2016-11-18,-0.616119898827483
2016-11-21,-0.494621374529158
2016-11-22,0.371195201421859
2016-11-23,-1.11903247006069
2016-11-24,-0.250096817223078
2016-11-25,0.250096817223078
2016-11-28,1.61182574522316
2016-11-29,-1.48701150277128
2016-11-30,0
2016-12-01,1.24091842139795
2016-12-02,0.123122242923435
2016-12-05,0.61460832103668
2016-12-06,0.122217827514426
2016-12-07,0.730186668362087
2016-12-08,3.10757904873271
2016-12-09,-2.02096319018716
2016-12-12,-1.57281407706265
2016-12-13,-0.488573659648672
2016-12-14,-1.23325857688186
2016-12-15,0.247616499833025
2016-12-16,-0.371655057196607
2016-12-19,0.741933952574581
2016-12-20,-0.123274020681841
2016-12-21,-0.867199569927823
2016-12-22,0.620194695231691
2016-12-23,-0.123731607522393
2016-12-27,-0.871722160949462
2016-12-28,0.499606107177453
2016-12-29,1.35897243481802
2016-12-30,0.611090963173888
2017-01-02,0.121771348568789
2017-01-03,0.485607963039403
2017-01-04,-1.58819391000429
2017-01-05,0.492240938747424
2017-01-09,0.122367382289257
2017-01-10,0.366206277359415
2017-01-11,-1.22721086200137
2017-01-12,-0.61865993189274
2017-01-13,0.371655057196607
2017-01-16,-0.870639526019978
2017-01-17,0.623023026186953
2017-01-18,0.98807368078595
2017-01-19,0.48977010589959
2017-01-20,1.45632124760828
2017-01-23,2.96744618266001
2017-01-24,1.16299181885662
2017-01-25,0.575870886929142
2017-01-26,-0.229950555300595
2017-01-27,-1.27546961089511
2017-01-30,0.929549279266562
2017-01-31,-1.74899353203011
2017-02-01,0
2017-02-02,0
2017-02-03,-0.946027863069032
2017-02-06,-1.43541660641748
2017-02-07,-0.48267204895982
2017-02-08,-0.364790650137392
2017-02-09,3.58092011259346
2017-02-10,0.700330163097274
2017-02-13,-0.116381624841599
2017-02-14,0.465910954490667
2017-02-15,0.693041426902585
2017-02-16,-1.27546961089511
2017-02-17,-0.116653150536372
2017-02-20,-0.702791102227174
2017-02-21,1.052343107107
2017-02-22,-0.466341393933511
2017-02-23,-3.81490888175722
2017-02-24,0
2017-02-27,0.24250921294211
2017-02-28,-0.607379311608192
2017-03-01,0.607379311608192
2017-03-02,0.845418666418807
2017-03-03,-1.08792787936092
2017-03-06,-0.364870098666081
2017-03-07,1.09188302130638
2017-03-08,-1.33587147115137
2017-03-09,0
2017-03-10,1.21527643822925
2017-03-13,-0.727893393532142
2017-03-14,4.28634415466309
2017-03-15,-1.29043402979159
2017-03-16,0.940474260699675
2017-03-17,-3.08789595911692
2017-03-20,3.90376668269949
2017-03-21,-1.40187243675607
2017-03-22,-3.10757904873271
2017-03-23,1.32621680312934
2017-03-24,0
2017-03-27,0
2017-03-28,1.54478199221804
2017-03-29,1.40516969594469
2017-03-30,-0.582587729385864
2017-03-31,-1.76963501822653
2017-04-03,0.237605441984012
2017-04-04,-1.43541660641748
2017-04-05,2.38144446948652
2017-04-06,-0.236580253385332
2017-04-07,-0.947053051667712
2017-04-10,0.356196786489793
2017-04-11,-1.19352667162391
2017-04-12,0.359186477891704
2017-04-13,1.66177671229546
2017-04-18,3.35431991802562
2017-04-19,1.69178496146958
2017-04-20,0.891250028111479
2017-04-21,0.44209542859206
2017-04-24,1.09788707289913
2017-04-25,2.47998450348983
2017-04-26,1.16473136636843
2017-04-27,-1.37776609252058
2017-04-28,-1.83159570170766
2017-05-02,-0.544489386106051
2017-05-04,1.62576157824996
2017-05-05,-3.2783915816986
2017-05-08,2.19711938955469
2017-05-09,0
2017-05-10,-1.20181434919391
2017-05-11,1.96026406279581
2017-05-12,0.107723328073162
2017-05-15,0.107607409778954
2017-05-16,-0.43112614973686
2017-05-17,-2.51799087883837
2017-05-18,1.32159264523954
2017-05-19,0.436303810343519
2017-05-22,0.543832327508786
2017-05-23,0.539780835704429
2017-05-24,-0.215562824452098
2017-05-25,1.87333302025099
2017-05-26,0.435730536895562
2017-05-29,-0.763778944811744
2017-05-30,1.84487055523332
2017-05-31,-2.28394919698229
2017-06-01,2.28394919698229
2017-06-02,-0.539084863487638
2017-06-05,0.539084863487638
2017-06-06,0
2017-06-07,1.0695289116748
2017-06-08,-0.533334597536284
2017-06-09,0.426894991957605
2017-06-12,-0.855620193119577
2017-06-13,0.214592357027676
2017-06-14,-0.32206147000422
2017-06-16,0
2017-06-19,0.856536285892284
2017-06-20,0.319319057915513
2017-06-21,-0.106326432132997
2017-06-22,0.741921792202849
2017-06-23,1.88290081529079
2017-06-26,0
2017-06-27,0.310398593759098
2017-06-28,-1.77180247311868
2017-06-29,1.25393492527355
2017-06-30,0.724265969930249
2017-07-03,-1.03627870355463
2017-07-04,-0.208550649102168
2017-07-05,0.208550649102168
2017-07-06,-1.25787822068602
2017-07-07,-0.422833610952145
2017-07-10,0.105876134824223
2017-07-11,0.105764155813581
2017-07-12,0.421941554270822
2017-07-13,0
2017-07-14,0.524935588614373
2017-07-17,-0.524935588614373
2017-07-18,0
2017-07-19,0.734140685836771
2017-07-20,-0.734140685836771
2017-07-21,-0.951884500920697
2017-07-24,1.47682008953507
2017-07-25,-0.946877142885194
2017-07-26,0.946877142885194
2017-07-27,0
2017-07-28,0.104657257067098
2017-07-31,0.208986491945895
2017-08-01,0.416667269484616
2017-08-02,0.207684394483909
2017-08-03,-0.415801014866357
2017-08-04,0
2017-08-07,0.312012733624378
2017-08-08,-0.834207131739539
2017-08-09,-1.79613914745058
2017-08-10,-3.58150053062984
2017-08-11,0
2017-08-14,-0.887908164113016
2017-08-16,0.55586580038276
2017-08-17,0.110803335436183
2017-08-18,0.441989669815124
2017-08-21,3.99837160303638
2017-08-22,0.211640290637805
2017-08-23,-0.529942946649875
2017-08-24,1.37205318629068
2017-08-25,0.104766903244391
2017-08-28,-0.735683822570854
2017-08-29,0.630916919326463
2017-08-30,0
2017-08-31,3.70412716803492
2017-09-01,1.50378773645405
2017-09-04,-0.498754151103897
2017-09-05,-2.02027073175195
2017-09-06,1.71981982972205
2017-09-07,0.500251168297172
2017-09-08,0
2017-09-11,-0.701054448621719
2017-09-12,0
2017-09-13,-0.10055305020189
2017-09-14,-0.605450890870607
2017-09-15,-3.92207131532811
2017-09-18,2.28938198658524
2017-09-19,0.205549918209602
2017-09-20,-2.49493190479484
2017-09-21,1.25524660711198
2017-09-22,1.54722013770763
2017-09-25,0.204499048772755
2017-09-26,-1.02670306397443
2017-09-27,-1.14168339199057
2017-09-28,-0.313643749012993
2017-09-29,-1.26450578472728
2017-10-02,-2.68688920129674
2017-10-03,2.15525583857343
2017-10-04,-1.39562114937992
2017-10-05,0.539084863487638
2017-10-06,0.536194314138516
2017-10-09,2.84679213770196
2017-10-10,0.828162083172179
2017-10-11,2.94587071511252
2017-10-12,0.100050033358379
2017-10-13,-3.45914447696192
2017-10-16,0.824746943001697
2017-10-17,-0.824746943001697
2017-10-18,0.31007776782479
2017-10-19,0.822204015201677
2017-10-20,-4.18033698043607
2017-10-23,-3.80687621757985
2017-10-24,-0.890874488910942
2017-10-25,0.890874488910942
2017-10-26,-0.110926245428589
2017-10-27,0.110926245428589
2017-10-30,2.40975515790605
2017-10-31,-2.63173083173731
2017-11-02,0.774768679082571
2017-11-03,-0.663719250679895
2017-11-06,1.76022146481269
2017-11-07,0.76045993852194
2017-11-08,-0.869570696755373
2017-11-09,-0.328048407916182
2017-11-10,-0.990652020279192
2017-11-13,-2.23722977545333
2017-11-14,-3.10191440398633
2017-11-15,4.5617943461016
2017-11-16,-1.91339545865437
2017-11-17,2.69074529199242
2017-11-20,-1.67321248782719
2017-11-21,4.83079653334393
2017-11-22,0.214132844134296
2017-11-23,0.533334597536284
2017-11-24,0.31864073694079
2017-11-27,-0.958984440461519
2017-11-28,-1.18472037259902
2017-11-29,-1.41846349919565
2017-11-30,0.329128108407284
2017-12-01,0.546151002552175
2017-12-04,2.47457489648895
2017-12-05,1.05709229600106
2017-12-06,0.210084110881192
2017-12-07,0.418848779875214
2017-12-08,1.34926800444739
2017-12-11,-1.2448293526568
2017-12-12,1.7589693026987
2017-12-13,1.52674721307884
2017-12-14,-0.50633019565467
2017-12-15,-5.63823638950218
2017-12-18,1.49256502166755
2017-12-19,2.61111440036856
2017-12-20,-1.34926800444739
2017-12-21,1.86340795448929
2017-12-22,2.03052661607455
2017-12-27,1.49628726767124
2017-12-28,-0.198216120399142
2017-12-29,-2.8170876966696
2018-01-03,2.02027073175195
2018-01-04,-1.00503358535016
2018-01-05,0.503779402995708
2018-01-08,1.69411126888179
2018-01-09,-1.19285708652734
2018-01-10,0
2018-01-11,0
2018-01-12,-1.81639706276715
2018-01-15,-1.85000137439202
2018-01-16,2.86318126743272
2018-01-17,-0.201816415623712
2018-01-18,1.00503358535016
2018-01-19,-0.100050033358379
2018-01-22,0.100050033358379
2018-01-23,-0.904074465214944
2018-01-24,0.402820282860494
2018-01-25,-1.01010959865038
2018-01-26,1.01010959865038
2018-01-29,0
2018-01-30,-0.201207311342033
2018-01-31,-1.31780923805547
2018-02-01,-1.33540762113236
2018-02-02,1.74274015989591
2018-02-05,-4.46827574668736
2018-02-06,-1.1758553438078
2018-02-07,-3.39015516756813
2018-02-08,5.83318691825818
2018-02-09,-1.90683743655153
2018-02-12,-2.93021506873936
2018-02-13,-0.110192848615664
2018-02-14,2.2889282671064
2018-02-15,-0.865806274311476
2018-02-16,0
2018-02-19,0
2018-02-20,-0.544960476756451
2018-02-21,-1.65293019512105
2018-02-22,0.332779009267448
2018-02-23,0.66225407604934
2018-02-26,0.657897109804262
2018-02-27,1.08696722369039
2018-02-28,-3.29700192375699
2018-03-01,-4.33857996770755
2018-03-02,0.813485020627569
2018-03-05,1.60738248310608
2018-03-06,-1.37616850726814
2018-03-07,3.29388097124204
2018-03-08,-2.83305066262263
2018-03-09,3.39015516756818
2018-03-12,0.995033085316788
2018-03-13,-0.551573378530223
2018-03-14,1.97158631644174
2018-03-15,0.216684808509005
2018-03-16,-1.41691743817258
2018-03-19,1.41691743817258
2018-03-20,0
2018-03-21,1.71678036223657
2018-03-22,-1.0695289116748
2018-03-23,0
2018-03-26,0.214822853828966
2018-03-27,-1.51354240651012
2018-03-28,-2.20273223182907
2018-03-29,1.76605031519506
2018-04-03,2.59193775520745
2018-04-04,-0.856536285892284
2018-04-05,0.963089306096121
2018-04-06,-0.963089306096121
2018-04-09,0
2018-04-10,-3.27898228229908
2018-04-11,0.884961527698236
2018-04-12,2.28643602125453
2018-04-13,1.17711364502111
2018-04-16,-0.640343703520729
2018-04-17,0.640343703520729
2018-04-18,1.79235161889046
2018-04-19,-0.1045478401553
2018-04-20,-0.104657257067098
2018-04-23,-1.158517433523
2018-04-24,-1.60174273316618
2018-04-25,0.322407587175277
2018-04-26,-0.645858003941191
2018-04-27,1.50056406178702
2018-04-30,-1.60861377516244
2018-05-02,1.82115370639377
2018-05-04,-2.36316045332772
2018-05-07,0.433840159859811
2018-05-08,-2.63173083173731
2018-05-09,0.554018037561521
2018-05-10,0.110436234305311
2018-05-11,3.68405692210705
2018-05-14,-2.58635105899194
2018-05-15,-2.65502320941211
2018-05-16,-2.15305767404068
2018-05-17,2.37702193339118
