2011-07-07,2.68638369563323
2011-07-08,0.923830260994141
2011-07-11,-2.15045110881693
2011-07-12,0.650795947743088
2011-07-13,1.70984557748817
2011-07-14,-0.210190416414324
2011-07-15,0.357837799183258
2011-07-18,-1.06952891167476
2011-07-19,0
2011-07-20,-1.79771224230718
2011-07-21,-0.368265567108139
2011-07-22,-0.361576867355051
2011-07-25,-0.370968167365504
2011-07-26,0.145325392926843
2011-07-27,-1.17672284964172
2011-07-28,0.667157303316745
2011-07-29,0.735208320763636
2011-08-01,0.361576867355051
2011-08-02,-1.91916493998647
2011-08-03,-6.45003674490585
2011-08-04,-6.64297884135605
2011-08-05,-3.80880836181108
2011-08-08,-10.7773036079637
2011-08-09,-7.75037981479114
2011-08-10,-9.21376735704493
2011-08-11,15.0821356520177
2011-08-12,4.87859782387643
2011-08-16,1.0431183809791
2011-08-17,0.751107488942271
2011-08-18,-10.4426726701606
2011-08-19,3.72039054516522
2011-08-22,0.647613170890793
2011-08-23,4.28044308418318
2011-08-24,-0.381647837842181
2011-08-25,1.80102516470964
2011-08-26,-1.41937732686745
2011-08-29,3.37184000544077
2011-08-30,2.18667240060135
2011-08-31,-2.74063984880959
2011-09-01,-4.06359109826218
2011-09-02,-3.83306193381143
2011-09-05,-7.0574064983651
2011-09-06,0
2011-09-07,5.84782152479466
2011-09-08,3.87881448246423
2011-09-09,-2.46904685792915
2011-09-12,-4.0303401721375
2011-09-13,0.467941231417957
2011-09-14,2.55745414761286
2011-09-15,1.00494479310669
2011-09-16,3.92173322106411
2011-09-19,-2.03972170124569
2011-09-20,0.587035338110731
2011-09-21,-1.97033644034725
2011-09-22,-11.0350061624406
2011-09-23,-1.117234034262
2011-09-26,-0.280650749530942
2011-09-27,1.39788478379295
2011-09-28,-1.117234034262
2011-09-29,-1.69960948333152
2011-09-30,-2.89849514542402
2011-10-03,-1.90012111166009
2011-10-04,-2.54999106078984
2011-10-05,3.26677413334453
2011-10-06,4.2524731255587
2011-10-07,1.19135073049774
2011-10-10,4.73355944159541
2011-10-11,0.697022826007299
2011-10-12,5.80725255262076
2011-10-13,-1.26677756455793
2011-10-14,0.55904794631676
2011-10-17,-3.66782339635581
2011-10-18,-1.59257227778742
2011-10-19,-2.27140677466569
2011-10-20,-4.4746344372018
2011-10-21,2.37412776970833
2011-10-24,3.62049584440403
2011-10-25,-0.107807780894031
2011-10-26,0.484812168835713
2011-10-27,1.75625677484019
2011-10-28,0
2011-10-31,-1.81053342187596
2011-11-02,-1.40607166952611
2011-11-03,2.58057492483568
2011-11-04,-2.3629651971822
2011-11-07,0.596590141364306
2011-11-08,0.484411571113874
2011-11-09,-3.83576335591549
2011-11-10,-1.57647266612893
2011-11-14,3.12847789518171
2011-11-15,-1.6072677581672
2011-11-16,1.00102893553347
2011-11-17,-2.18232503105238
2011-11-18,0.676381350757893
2011-11-21,-4.95163806138397
2011-11-22,4.67098731185303
2011-11-23,-3.26429143788749
2011-11-24,-0.408888433146792
2011-11-25,-1.82761204729571
2011-11-28,0.475016879307066
2011-11-29,0.943317652613374
2011-11-30,6.64076060518193
2011-12-01,-0.0555287315089359
2011-12-02,0.930250446615499
2011-12-05,-0.273129295182173
2011-12-06,-1.9844613230898
2011-12-07,-0.111411075499657
2011-12-08,-1.45975384133425
2011-12-09,2.84415365076471
2011-12-12,-2.73110524531672
2011-12-13,-1.07852749366995
2011-12-14,0.738998155176507
2011-12-15,0.902862283803341
2011-12-16,-1.35736879124417
2011-12-19,-1.72303798872084
2011-12-20,1.49500771976632
2011-12-21,-1.03262026958344
2011-12-22,0.345392895286434
2011-12-23,0.573016951164185
2011-12-27,-1.84533270408691
2011-12-28,-2.17765348746015
2011-12-29,0.237650765389308
2011-12-30,-0.172305807041351
2012-01-02,1.76248532623937
2012-01-03,3.95154149648187
2012-01-04,0
2012-01-05,-0.0567761061906147
2012-01-09,-0.112412999861444
2012-01-10,-0.677144700416576
2012-01-11,2.46076255508436
2012-01-12,1.96926333457359
2012-01-13,-0.434274943413637
2012-01-16,2.89656731851471
2012-01-17,1.41627130853132
2012-01-18,2.11440657084871
2012-01-19,-0.460762983229124
2012-01-20,1.47590952538206
2012-01-23,-0.506285123479966
2012-01-24,-1.12293296535295
2012-01-25,-0.411485997745942
2012-01-26,2.19153702336659
2012-01-27,0.704562675158904
2012-01-30,1.04544491002674
2012-01-31,4.93049751044365
2012-02-01,1.12664762638648
2012-02-02,-1.03132466084128
2012-02-03,-0.568097782278176
2012-02-06,2.43539324006994
2012-02-07,1.65326346235641
2012-02-08,0.627898609504296
2012-02-09,-1.45212184909447
2012-02-10,-3.73945406153711
2012-02-13,2.53973376708796
2012-02-14,-0.465290725267575
2012-02-15,-0.186724174494746
2012-02-16,-0.939923451891733
2012-02-17,1.49905324180706
2012-02-20,0.463565181529901
2012-02-21,-0.649594631912365
2012-02-22,-0.373100339532861
2012-02-23,-0.657327732559576
2012-02-24,-0.376972038919821
2012-02-27,-2.77639272801267
2012-02-28,1.25413100417742
2012-02-29,-0.478381388469007
2012-03-01,0.0941674451281571
2012-03-02,2.00085198676376
2012-03-05,-4.33766189794085
2012-03-06,-2.79713951548333
2012-03-07,0.353396527111549
2012-03-08,1.94995769826143
2012-03-09,3.50200393477511
2012-03-12,1.23506693368842
2012-03-13,-3.06805492736526
2012-03-14,2.97358945473469
2012-03-15,-2.39111325114978
2012-03-16,-3.14649694428866
2012-03-19,-0.853255022355359
2012-03-20,-2.29233510898386
2012-03-21,-1.87293232511303
2012-03-22,-4.40300433980765
2012-03-23,4.19271875930756
2012-03-26,0.838502067887958
2012-03-27,1.39865605783385
2012-03-28,-0.257076828576697
2012-03-29,-3.03819379356938
2012-03-30,0.47695492883344
2012-04-02,1.62819116836017
2012-04-03,1.55027778164136
2012-04-04,-0.720473175164393
2012-04-05,-0.517820398310409
2012-04-10,-3.48774017296698
2012-04-11,1.17692636193363
2012-04-12,-0.37318932636099
2012-04-13,-3.08749516243534
2012-04-16,0.439041569809362
2012-04-17,3.76271020832375
2012-04-18,-1.16701314554177
2012-04-19,-1.07405579813413
2012-04-20,-2.29123362914079
2012-04-23,-4.05425814274034
2012-04-24,2.9444635868396
2012-04-25,0.723374652021036
2012-04-26,0.275993050441414
2012-04-27,3.79534564259139
2012-04-30,-1.55739597420226
2012-05-02,-0.594215605882731
2012-05-04,-0.817887657167926
2012-05-07,2.32803915760327
2012-05-08,-1.51015150043534
2012-05-09,-2.0305817402984
2012-05-10,3.54073324073374
2012-05-11,0.267873038050137
2012-05-14,-1.39774835051556
2012-05-15,-0.380276187969919
2012-05-16,-0.654254975943847
2012-05-17,-1.43240996402989
2012-05-18,-1.7916069226489
2012-05-21,1.68056697957191
2012-05-22,1.48933637560003
2012-05-23,-0.164926151688771
2012-05-24,-2.32935748325724
2012-05-25,3.04008740943198
2012-05-28,-1.48116932954165
2012-05-29,3.26088586122824
2012-05-30,-0.80471461142313
2012-05-31,-3.00892118093143
2012-06-01,-3.16148040955397
2012-06-04,1.25346778559594
2012-06-05,0.560892940456181
2012-06-06,2.23562547092353
2012-06-08,3.45958978629604
2012-06-11,2.10514609719361
2012-06-12,1.95965809808181
2012-06-13,0.40771122461738
2012-06-14,0.557346695849148
2012-06-15,2.74863956384195
2012-06-18,-2.19327656944941
2012-06-19,0.901278777134173
2012-06-20,0
2012-06-21,-3.24214313877773
2012-06-22,-1.13578095876123
2012-06-25,1.54684408910528
2012-06-26,1.53105012143575
2012-06-27,0
2012-06-28,-1.99418125829878
2012-06-29,2.99248890660184
2012-07-02,-0.40298216894783
2012-07-03,1.00333454179022
2012-07-04,1.8730361086309
2012-07-05,1.93958213322816
2012-07-06,-0.202071298868045
2012-07-09,-4.98526753372142
2012-07-10,0.1062511167782
2012-07-11,-1.39239230889814
2012-07-12,1.92306141242797
2012-07-13,2.61083647905327
2012-07-16,-0.568693380177265
2012-07-17,-4.07294621102636
2012-07-18,-0.650029608017189
2012-07-19,1.72336918778315
2012-07-20,0.42679442885456
2012-07-23,-5.46641299649675
2012-07-24,0
2012-07-25,-2.21500193054327
2012-07-26,2.21500193054327
2012-07-27,-0.280797179972225
2012-07-30,1.95266812746162
2012-07-31,3.26104181790434
2012-08-01,-1.6166633855347
2012-08-02,-0.327173189701924
2012-08-03,2.31791776628851
2012-08-06,-0.587834988080616
2012-08-07,0
2012-08-08,-1.67566841147284
2012-08-09,0.813806390997041
2012-08-10,-0.541047568030173
2012-08-13,-0.272758822966868
2012-08-14,0.272758822966868
2012-08-16,0
2012-08-17,-1.09324239889554
2012-08-20,-2.05373998321026
2012-08-21,-1.18502870955259
2012-08-22,0
2012-08-23,1.5761634976438
2012-08-24,2.2107203608055
2012-08-27,-0.219569027740363
2012-08-28,-1.4338725555695
2012-08-29,-3.27536221526588
2012-08-30,0.458571611100389
2012-08-31,0.341665713837536
2012-09-03,-0.914910757161103
2012-09-04,-1.15644358031846
2012-09-05,-2.35256034373954
2012-09-06,2.75919985815447
2012-09-07,1.89302677493757
2012-09-10,-0.170297351878457
2012-09-11,1.2994297269934
2012-09-12,1.83718680724096
2012-09-13,-0.941582049108458
2012-09-14,7.09185837258248
2012-09-17,0.103497357119053
2012-09-18,2.55847328325238
2012-09-19,1.99964030187889
2012-09-20,-3.93829797461169
2012-09-21,-0.102857519273769
2012-09-24,-1.97794727162028
2012-09-25,-1.69705854206583
2012-09-26,-2.70990578443024
2012-09-27,1.52631438590802
2012-09-28,-1.14311534942875
2012-10-01,3.39087608258382
2012-10-02,-1.06416933463285
2012-10-03,-0.536361728990187
2012-10-04,0
2012-10-05,1.0698619600932
2012-10-08,-1.3385649588197
2012-10-09,-0.432558213031964
2012-10-10,-2.13378147544034
2012-10-11,-0.277593981350499
2012-10-12,0.498197513148924
2012-10-15,-0.441694798938919
2012-10-16,0.110606735243302
2012-10-17,-1.67559844821463
2012-10-18,1.34225519424716
2012-10-19,-2.47512489032795
2012-10-22,-0.914910757161103
2012-10-23,-2.79728348513695
2012-10-24,-0.295421189743106
2012-10-25,1.9362610945616
2012-10-26,-1.22748693029591
2012-10-29,0.585817607098438
2012-10-30,0.117968283864744
2012-10-31,1.45040249974224
2012-11-02,-0.693616605026648
2012-11-05,-0.991643475820592
2012-11-06,0.875772803480146
2012-11-07,-0.117214183042424
2012-11-08,1.15644358031846
2012-11-09,-3.62791147507204
2012-11-12,0.948552531902713
2012-11-13,-1.36709049764594
2012-11-14,-0.901374407414579
2012-11-15,1.14128551923605
2012-11-16,-0.96061019625111
2012-11-19,0.54132237024751
2012-11-20,1.19227557826349
2012-11-21,-0.356687018459656
2012-11-22,0.947536130430837
2012-11-23,0.879172100911063
2012-11-26,0.232823329288134
2012-11-27,0.174262454245078
2012-11-28,-2.35256034373954
2012-11-29,1.3011793181458
2012-11-30,2.72401169820791
2012-12-03,0.398723664865397
2012-12-04,2.36414863479055
2012-12-05,1.5448488111069
2012-12-06,-1.99115133306513
2012-12-07,-3.40930696727479
2012-12-10,0.86417926614164
2012-12-11,1.92862952151689
2012-12-12,1.83820827477499
2012-12-13,-0.110240933513772
2012-12-14,-0.554190384149322
2012-12-17,-0.557278777495629
2012-12-18,0.446302521958231
2012-12-19,2.36378174867768
2012-12-20,-0.599363909830419
2012-12-21,0.707749094252197
2012-12-27,0.162357831657634
2012-12-28,0.108092294311746
2013-01-02,2.35333762162542
2013-01-03,1.88480414221806
2013-01-04,-0.624329145065783
2013-01-07,-0.418758803558639
2013-01-08,-2.01146241669683
2013-01-09,0.213297864570983
2013-01-10,0.850871470061865
2013-01-11,-0.105688471079901
2013-01-14,1.88875288106223
2013-01-15,-1.30774860525351
2013-01-16,-3.59223935640731
2013-01-17,-0.109036401698148
2013-01-18,1.35672589102711
2013-01-21,1.12594971217677
2013-01-22,-0.214179182211627
2013-01-23,-0.320459599277179
2013-01-24,0.587834988080616
2013-01-25,-0.910442920042076
2013-01-28,-0.75532196384378
2013-01-29,-0.87010692590983
2013-01-30,0.761897665714528
2013-01-31,1.93339318413228
2013-02-01,-0.800763945464844
2013-02-04,-2.00368232523509
2013-02-05,-0.438959744833323
2013-02-06,-0.882589898899244
2013-02-07,1.64865910809286
2013-02-08,1.83701679006854
2013-02-11,0.534068899492901
2013-02-12,0.0531396700131914
2013-02-13,0.106194700245421
2013-02-14,0.159080899655351
2013-02-15,2.1015693603764
2013-02-18,1.44440159375572
2013-02-19,-0.256021987043731
2013-02-20,-4.03561335132716
2013-02-21,-0.160272497495395
2013-02-22,0.266978299743847
2013-02-25,1.48533139770652
2013-02-26,-1.48533139770652
2013-02-27,-0.48107532729782
2013-02-28,1.96640672500434
2013-03-01,0.942329225474126
2013-03-04,0.986154468086387
2013-03-05,-2.19261804044795
2013-03-06,-0.263733518434695
2013-03-07,0.158323562806739
2013-03-08,2.03894517582963
2013-03-11,-0.103390350828914
2013-03-12,-1.46098918037447
2013-03-13,0.733162678189636
2013-03-14,0
2013-03-15,0.727826502184836
2013-03-18,-0.362710359217377
2013-03-19,-0.365116142967459
2013-03-20,-0.785659562392826
2013-03-21,-0.845926494597649
2013-03-22,-1.22771753100634
2013-03-25,-2.28082341668889
2013-03-26,1.63428996692572
2013-03-27,0.968796032336439
2013-03-28,0
2013-04-02,-1.50984360036661
2013-04-03,-4.67369370684692
2013-04-04,1.58268147545595
2013-04-05,-1.92434718929348
2013-04-08,0
2013-04-09,0.966213944406746
2013-04-10,-1.53945898773031
2013-04-11,2.49759223261705
2013-04-12,-0.674891883307804
2013-04-15,-0.226764127462165
2013-04-17,-1.07974912955138
2013-04-18,-5.22318297840965
2013-04-19,-0.301125683935322
2013-04-22,-0.181111621780783
2013-04-23,5.07442810866312
2013-04-24,-3.39419884089107
2013-04-25,0.48654084618045
2013-04-26,-1.13107541895872
2013-04-29,-1.76470731738299
2013-04-30,1.80954925032344
2013-05-02,-3.03693423465443
2013-05-06,0.860239600470081
2013-05-07,-0.860239600470081
2013-05-08,-2.24719805819831
2013-05-09,0.125959473453552
2013-05-10,-0.632709532862474
2013-05-13,-1.2775568510099
2013-05-14,3.27510192659934
2013-05-15,-0.486234077581305
2013-05-16,-0.187343934894457
2013-05-17,1.88594782633977
2013-05-20,-0.765825269258258
2013-05-21,-3.46402617828936
2013-05-22,-7.17409301722673
2013-05-23,0.672326618451446
2013-05-24,0.694683524093609
2013-05-27,3.20872735341524
2013-05-28,1.17789234868404
2013-05-29,-0.391543708839581
2013-05-31,4.63398250025904
2013-06-03,-5.97461521592395
2013-06-04,1.23605221650642
2013-06-05,2.1722160063824
2013-06-06,0.31994504594417
2013-06-07,0.697400792519964
2013-06-10,1.13341614085378
2013-06-11,-1.13341614085378
2013-06-12,-0.443237408761998
2013-06-13,-0.574108429702136
2013-06-14,-0.371675831350249
2013-06-17,1.26258275193454
2013-06-18,-0.635930088907344
2013-06-19,-0.254976831676945
2013-06-20,-1.54636730956259
2013-06-21,-6.85338338378045
2013-06-24,-2.82047602981255
2013-06-25,-6.50235918319986
2013-06-26,-4.2085538986381
2013-06-27,-4.56144850988416
2013-06-28,6.65706133004402
2013-07-01,2.87364155131344
2013-07-02,1.03134093887967
2013-07-03,2.85909422345592
2013-07-04,-3.43771809133706
2013-07-05,-1.36593651911241
2013-07-08,-1.38485303058093
2013-07-09,-2.3323245909757
2013-07-10,2.47087116316731
2013-07-11,1.96239449799185
2013-07-12,2.31409095000439
2013-07-15,-0.881554384000793
2013-07-16,-1.83906369641784
2013-07-17,-0.763726862549952
2013-07-18,1.00436276374225
2013-07-19,-0.335783386962252
2013-07-22,-1.4381839449416
2013-07-23,2.13383892427759
2013-07-24,0.29890685355678
2013-07-25,0.0785114274449938
2013-07-26,-0.677221266899775
2013-07-29,1.13137599002728
2013-07-30,1.55041865359653
2013-07-31,3.03053494953289
2013-08-01,-1.35238725333249
2013-08-02,4.07614783170231
2013-08-05,-1.98026272961798
2013-08-06,-0.0741015224718922
2013-08-07,-0.893527910581327
2013-08-08,-0.675424706556349
2013-08-09,0.824901565479319
2013-08-12,7.27200468788736
2013-08-13,2.73989741881149
2013-08-14,1.00841190666259
2013-08-16,-2.62959038641766
2013-08-19,-3.22405985883965
2013-08-20,0.706716722309242
2013-08-21,1.39862419747399
2013-08-22,1.37933221323356
2013-08-23,-1.51831764213899
2013-08-26,-2.60669919439849
2013-08-27,-2.23755275148365
2013-08-28,1.88002645001468
2013-08-29,-2.21635783381373
2013-08-30,-0.49926682269783
2013-09-02,0.966898830801899
2013-09-03,-0.13130062430502
2013-09-04,-1.51506906288459
2013-09-05,-3.7295784743697
2013-09-06,1.82931930473256
2013-09-09,8.39856560730929
2013-09-10,8.64325057723079
2013-09-11,0.267158736599526
2013-09-12,0.367764031266304
2013-09-13,-2.75923824824167
2013-09-16,-3.77903767804346
2013-09-17,2.13911899813173
2013-09-18,-0.796816964917735
2013-09-19,4.43358138200525
2013-09-20,3.26252273160765
2013-09-23,-1.36733019002104
2013-09-24,-2.4067026082637
2013-09-25,0.383877630716611
2013-09-26,-0.44800074929725
2013-09-27,-2.66509111022009
2013-09-30,-3.55384365044076
2013-10-01,2.90616443173786
2013-10-02,-0.745378134891794
2013-10-03,-1.14210176614673
2013-10-04,-2.04785313435414
2013-10-07,2.04785313435414
2013-10-08,-1.15529657380371
2013-10-09,-1.30720815673522
2013-10-10,3.53778390816508
2013-10-11,-0.616872011132585
2013-10-14,-2.49246814856043
2013-10-15,-0.984000732932344
2013-10-16,-3.04017758283637
2013-10-17,-2.39749950497075
2013-10-18,0.805570083221596
2013-10-21,1.44825123611287
2013-10-22,-2.03347602269099
2013-10-23,-1.37403358455819
2013-10-24,0.563716075195853
2013-10-25,-1.64060353871101
2013-10-28,2.81708769666968
2013-10-29,0
2013-10-30,-0.895813318563121
2013-10-31,-1.69596448181561
2013-11-04,0.179883124505942
2013-11-05,-2.379440893717
2013-11-06,1.0678972575854
2013-11-07,-0.151860317718988
2013-11-08,0.0911438616946647
2013-11-12,-1.22213559030122
2013-11-13,-4.49549213000724
2013-11-14,1.27797266463991
2013-11-15,0.695985093506035
2013-11-18,4.33408875397383
2013-11-19,-0.87932646634501
2013-11-20,3.39827625295568
2013-11-21,-1.67721927950524
2013-11-22,2.20569966393587
2013-11-25,1.01967380205155
2013-11-26,-0.145032657764688
2013-11-27,-1.35897466610659
2013-11-28,-1.48216734365878
2013-11-29,-1.24710503683128
2013-12-02,-3.28906241939748
2013-12-03,-2.70821840936177
2013-12-04,-1.26011360457765
2013-12-05,-1.24326809996198
2013-12-06,2.51943435727497
2013-12-09,0
2013-12-10,-1.29242509809346
2013-12-11,-2.13648224976968
2013-12-12,1.10680901910571
2013-12-13,-0.609707746903698
2013-12-16,-0.746581651080369
2013-12-17,-2.64927330844689
2013-12-18,-1.68998676382186
2013-12-19,-2.76840389698085
2013-12-20,-3.51168622692217
2013-12-23,0.388134670797236
2013-12-27,-0.221606738891111
2013-12-30,-1.79075854204838
2014-01-02,0.787405643090588
2014-01-03,0.929374719145937
2014-01-07,-2.35877652496925
2014-01-08,0.208156002872872
2014-01-09,-5.11938067488074
2014-01-10,-1.72591079215692
2014-01-13,1.7060122745308
2014-01-14,0.950690463941362
2014-01-15,2.08726976868387
2014-01-16,-0.193236775105365
2014-01-17,-3.34347760862377
2014-01-20,-1.0454457903859
2014-01-21,1.0454457903859
2014-01-22,0.637960696403894
2014-01-23,-1.64299428175401
2014-01-24,-5.18250678645864
2014-01-27,-4.3040766231472
2014-01-28,2.15345610105087
2014-01-29,-1.97591499804624
2014-01-30,2.40975515790605
2014-01-31,0
2014-02-03,0.151400483121522
2014-02-04,-1.21767105752553
2014-02-05,3.88335827107364
2014-02-06,3.10777030455771
2014-02-07,4.05771665107078
2014-02-10,-2.21835200981566
2014-02-11,0.539300218516559
2014-02-12,3.13751225677539
2014-02-13,1.38039001691581
2014-02-14,-0.0380879837017289
2014-02-17,2.81708769666964
2014-02-18,-1.68071183163812
2014-02-19,-0.18850146957714
2014-02-20,-1.27220931680054
2014-02-21,0.419527693884358
2014-02-24,0.663824154129333
2014-02-25,-0.378788331693691
2014-02-26,-1.3371736965889
2014-02-27,0
2014-02-28,-0.966191091173707
2014-03-03,-4.9761509559064
2014-03-04,3.62728874950142
2014-03-05,0.373244711868503
2014-03-06,-1.30256430171558
2014-03-07,0.317334657414436
2014-03-10,-2.60797127830519
2014-03-11,-5.6441310904952
2014-03-12,-3.27898228229908
2014-03-13,-4.430025889658
2014-03-14,-2.70764039456477
2014-03-17,4.66284931530336
2014-03-18,1.80591815383977
2014-03-19,-1.32869875026751
2014-03-20,-1.16293637618594
2014-03-21,1.14026320978113
2014-03-24,-1.60003413464409
2014-03-25,-2.0955365175988
2014-03-26,1.65678740134707
2014-03-27,-0.254895283414003
2014-03-28,2.04393382509265
2014-03-31,4.07583416647213
2014-04-01,1.25787822068597
2014-04-02,0.858374369139181
2014-04-03,-1.46365075227428
2014-04-04,1.86881177138658
2014-04-07,1.81363047842393
2014-04-08,-0.209205097222442
2014-04-09,-3.69029823195191
2014-04-10,-0.152223580552402
2014-04-11,-4.35915134410676
2014-04-14,2.27001544096912
2014-04-15,-2.02027073175195
2014-04-16,-0.386232446511192
2014-04-17,-0.502054911246486
2014-04-22,-0.481597078058504
2014-04-23,-1.73917427118693
2014-04-24,-0.56298530120702
2014-04-25,-2.6216944813223
2014-04-28,2.97393154857284
2014-04-29,0.910051783053545
2014-04-30,-3.42620636065218
2014-05-02,0.383877630716523
2014-05-05,-0.624551633773063
2014-05-06,1.62527478139762
2014-05-07,1.45919275371225
2014-05-08,0.860770697963487
2014-05-09,-2.74761912840176
2014-05-12,1.08928379917415
2014-05-13,3.81240578417383
2014-05-14,-2.45565982633194
2014-05-15,5.55824101033759
2014-05-16,1.26666904307311
2014-05-19,0.0433933614966797
2014-05-20,-0.217155351350762
2014-05-21,0.650056460309312
2014-05-22,0.431035150112224
2014-05-23,0.536194314138561
2014-05-26,0
2014-05-27,-2.0530164614557
2014-05-28,0.652885888246368
2014-05-29,2.67538696294847
2014-05-30,-0.86966292092101
2014-06-02,0.127741128718117
2014-06-03,-2.58635105899194
2014-06-04,0.23988671409918
2014-06-05,1.04009605025217
2014-06-06,0.21533169388408
2014-06-09,-1.64826980325294
2014-06-10,1.23874234222243
2014-06-11,0.107933091967594
2014-06-12,-0.324149392417095
2014-06-13,-0.2383791355276
2014-06-16,-0.937336563076796
2014-06-17,0.741875538744585
2014-06-18,2.19316466228285
2014-06-20,-0.0425441401865179
2014-06-23,6.16753837154205
2014-06-24,-1.20750108729455
2014-06-25,-4.78996921604575
2014-06-26,-1.67063212998877
2014-06-27,0.753096620116445
2014-06-30,0.74746744167058
2014-07-01,-0.319659302562725
2014-07-02,-0.513589829978178
2014-07-03,-1.20873476833334
2014-07-04,-3.19939036752976
2014-07-07,-4.82297830956471
2014-07-08,0.446062483949916
2014-07-09,-0.446062483949916
2014-07-10,0
2014-07-11,1.81865586078547
2014-07-14,0.736651581676284
2014-07-15,-1.61853244210177
2014-07-16,-0.889727246022387
2014-07-17,0.656354911400392
2014-07-18,0.744882401299041
2014-07-21,-0.0463929491039572
2014-07-22,0.854804789099894
2014-07-23,-0.692523543331491
2014-07-24,0.231374466940748
2014-07-25,0.0693080771650756
2014-07-28,-0.695251931488183
2014-07-29,-0.840733583597331
2014-07-30,-3.19302798906023
2014-07-31,0.603502133447043
2014-08-01,-0.72464085207673
2014-08-04,2.32429296394847
2014-08-05,-2.95659079039283
2014-08-06,-5.38774910931221
2014-08-07,-6.76329021523192
2014-08-08,-0.802106361002108
2014-08-11,3.84086431851598
2014-08-12,-1.12874082017194
2014-08-13,0
2014-08-14,-2.02027073175195
2014-08-18,0.110253594410015
2014-08-19,-4.85422610156605
2014-08-20,-3.59179027645986
2014-08-21,0.538117890451684
2014-08-22,-5.01327466042638
2014-08-25,-4.38962030440124
2014-08-26,7.47628510245395
2014-08-27,2.6988144717647
2014-08-28,-0.89153636579522
2014-08-29,-0.0597193209746383
2014-09-01,0.447028013090378
2014-09-02,-0.0892458783019467
2014-09-03,1.18344576470029
2014-09-04,-3.01560393756715
2014-09-05,0.0303076225990129
2014-09-08,-2.85865477614169
2014-09-09,-1.79334678734762
2014-09-10,-2.60506771999425
2014-09-11,-2.3739987303073
2014-09-12,1.58891128273342
2014-09-15,2.01567292490501
2014-09-16,-0.581021647446578
2014-09-17,1.19068180628403
2014-09-18,-0.0960153698343458
2014-09-19,3.58528966431657
2014-09-22,-1.11837139563811
2014-09-23,-3.17386208694139
2014-09-24,0.930836443374972
2014-09-25,-2.42534119285032
2014-09-26,2.00914081616412
2014-09-29,3.53014909909382
2014-09-30,-0.279113221982108
2014-10-01,3.08845828382927
2014-10-02,-2.28424733022101
2014-10-03,-0.0924641767218404
2014-10-06,0.0924641767218404
2014-10-07,-0.959611140281691
2014-10-08,-1.72553300907619
2014-10-09,1.25787822068602
2014-10-10,-3.17486983145803
2014-10-13,-0.939887003241546
2014-10-14,0.939887003241546
2014-10-15,-3.44578799236879
2014-10-16,-4.96252372868535
2014-10-17,-1.80567837472427
2014-10-20,-0.501433715406918
2014-10-21,4.73357429009429
2014-10-22,-1.48355317107791
2014-10-23,1.44930073025669
2014-10-24,-2.181904739464
2014-10-27,2.48975516217271
2014-10-28,0.510987315227052
2014-10-29,-0.442704622235945
2014-10-30,-0.856903272510134
2014-10-31,-0.344827927891611
2014-11-03,-6.52987409468095
2014-11-04,-0.777349833338015
2014-11-05,-1.53532317466381
2014-11-06,-1.44434285839461
2014-11-07,-10.1454592376666
2014-11-10,-2.27136398459025
2014-11-12,6.01400453650194
2014-11-13,0.285306898240645
2014-11-14,-5.95314060008447
2014-11-17,-0.998488868570435
2014-11-18,0.348432408261079
2014-11-19,-2.46491352746538
2014-11-20,-5.21380079391163
2014-11-21,0
2014-11-24,-0.47058910374127
2014-11-25,-0.425431981773761
2014-11-26,0
2014-11-27,-0.760821549208268
2014-11-28,-0.238948739738154
2014-12-01,-3.40665545636059
2014-12-02,1.96084713883762
2014-12-03,-2.95588022415445
2014-12-04,-0.0500125041682065
2014-12-05,0.648219671922989
2014-12-08,4.75586952504821
2014-12-09,0.142079114594473
2014-12-10,-4.1551871164057
2014-12-11,-4.54164830450039
2014-12-12,-0.103305794311348
2014-12-15,-4.97984242308047
2014-12-16,-3.42574935672428
2014-12-17,-2.44677924455394
2014-12-18,-1.50902457235897
2014-12-19,1.73917427118688
2014-12-22,-2.91565842914556
2014-12-23,-0.355661311484701
2014-12-29,-3.56641000384341
2014-12-30,3.03053494953289
2015-01-02,-0.478756150837256
2015-01-05,1.96026472935134
2015-01-07,17.2469260350943
2015-01-08,5.53691352674743
2015-01-09,-1.70056058420918
2015-01-12,-1.63308144254999
2015-01-13,0.434888339433925
2015-01-14,-6.42171327369256
2015-01-15,5.45271344359568
2015-01-16,3.82090413731948
2015-01-19,1.44222085748917
2015-01-20,-2.57324139664781
2015-01-21,-1.00024649135464
2015-01-22,2.17811641061592
2015-01-23,-4.55168388244629
2015-01-26,-1.93027522545286
2015-01-27,-2.3256862164267
2015-01-28,-4.44517625708341
2015-01-29,3.36519661646073
2015-01-30,9.18256916528186
2015-02-02,-2.6285862270925
2015-02-03,9.02345868711985
2015-02-04,1.75443096509094
2015-02-05,1.89497487796624
2015-02-06,-4.58295340981487
2015-02-09,-2.16712770032883
2015-02-10,-5.58437362160928
2015-02-11,-1.65453895967036
2015-02-12,3.94471538833883
2015-02-13,9.23039503553986
2015-02-16,11.0251759802524
2015-02-17,-4.16890883652274
2015-02-18,-2.89284788487261
2015-02-19,-4.69728829820371
2015-02-20,-4.52004278145424
2015-02-23,6.79043372720649
2015-02-24,-2.53069478036849
2015-02-25,-1.62035513646934
2015-02-26,-1.10988930680489
2015-02-27,-1.8018505502678
2015-03-02,-2.29895182246991
2015-03-03,-7.23206615796261
2015-03-04,-2.531780798429
2015-03-05,-2.12498278320448
2015-03-06,-0.10482181253284
2015-03-09,-2.4954838893172
2015-03-10,-1.08109161042158
2015-03-11,7.43408642869019
2015-03-12,-1.11619626653701
2015-03-13,-0.819676720417872
2015-03-16,0.308166653740782
2015-03-17,-0.875617234946136
2015-03-18,-1.66931367199017
2015-03-19,3.8694535819384
2015-03-20,-2.87494132859858
2015-03-23,-0.679385942140831
2015-03-24,-2.81858594746187
2015-03-25,-1.74106683058968
2015-03-26,-2.05163836061639
2015-03-27,0.892365096221637
2015-03-30,-0.668526166723682
2015-03-31,-3.46921341447182
2015-04-01,3.24537448497386
2015-04-02,0.27972046210607
2015-04-07,-0.504061554513902
2015-04-08,-4.89024669378129
2015-04-09,0.705055799666665
2015-04-10,-1.17786991926128
2015-04-13,-1.79323394606623
2015-04-14,0
2015-04-15,-0.847976007911466
2015-04-16,-0.182648452603473
2015-04-17,-2.21820555259744
2015-04-20,-0.312012733624378
2015-04-21,2.77367549715999
2015-04-22,-1.53142349730429
2015-04-23,-0.619197024792095
2015-04-24,-1.88093319574962
2015-04-27,2.7467394700611
2015-04-28,-2.30468001952144
2015-04-29,-3.07125866875295
2015-04-30,-6.99680056451579
2015-05-04,1.59007843748822
2015-05-05,-1.86921330121526
2015-05-06,0.0698567964140029
2015-05-07,-1.83232751499807
2015-05-08,1.34230203321404
2015-05-11,0.559833512542118
2015-05-12,-0.7705817464986
2015-05-13,6.33511075802837
2015-05-14,-0.463116937556851
2015-05-15,0.98978043272604
2015-05-18,-0.197173905483972
2015-05-19,3.808140041532
2015-05-20,4.88203214395981
2015-05-21,-1.15257569514102
2015-05-22,-1.35137191667227
2015-05-25,1.65597160390183
2015-05-26,-0.243605479788123
2015-05-27,0.910476699291918
2015-05-28,-6.23254631978289
2015-05-29,-4.4042609220297
2015-06-01,1.20241929668015
2015-06-02,-2.96517680501149
2015-06-03,-5.62736359821088
2015-06-05,-2.1946747724706
2015-06-08,-6.25680771502721
2015-06-09,-1.10848324244932
2015-06-10,1.02971206862437
2015-06-11,0.941183418234681
2015-06-12,-2.85054929979265
2015-06-15,3.62815819478346
2015-06-16,-2.19272684961513
2015-06-17,-1.83784637514086
2015-06-18,-5.38432320208231
2015-06-19,-5.78094392278925
2015-06-22,3.54332904983887
2015-06-23,1.81117499430461
2015-06-24,-2.15991118034617
2015-06-25,2.15991118034617
2015-06-26,0.85106896679088
2015-06-29,-0.339558900113834
2015-06-30,0.931026615109554
2015-07-01,1.0892441166424
2015-07-02,0.415801014866357
2015-07-03,-0.499169089724116
2015-07-06,6.53722018861487
2015-07-07,-6.87138925480517
2015-07-08,0.417537141048063
2015-07-09,-0.668898815079677
2015-07-10,0.668898815079677
2015-07-13,-0.166805710069706
2015-07-14,0.083437635211947
2015-07-15,-0.250522051693691
2015-07-16,0.250522051693691
2015-07-17,0.249896006763883
2015-07-20,-0.33333364197583
2015-07-21,-0.502093105009971
2015-07-22,-2.20534807148574
2015-07-23,1.53194485335133
2015-07-24,0.505477066162419
2015-07-27,-0.589972212718815
2015-07-28,0.673970537691337
2015-07-29,0
2015-07-30,0.0839278269994637
2015-07-31,-0.588979405606338
2015-08-03,-1.35940920971631
2015-08-04,-0.600602406021178
2015-08-05,2.12864571978111
2015-08-06,-1.87080286098666
2015-08-07,0.939776245877111
2015-08-10,2.85015101322146
2015-08-11,3.49203163052816
2015-08-12,-1.52797504307354
2015-08-13,2.87559749873041
2015-08-14,-1.58733491562901
2015-08-17,0.796816964917646
2015-08-18,-0.716848947861237
2015-08-19,-0.802572526230394
2015-08-20,1.04209359882588
2015-08-21,-0.319489089651892
2015-08-24,-10.8922407224187
2015-08-25,-4.74975120471148
2015-08-26,-6.67236320429079
2015-08-27,5.82689081239756
2015-08-28,7.27593542824283
2015-08-31,7.10959216837304
2015-09-01,-2.73308937169712
2015-09-02,-1.01266688179296
2015-09-03,1.7654935238721
2015-09-04,-1.42679717977048
2015-09-07,-10.1329952953342
2015-09-08,-1.03432986068004
2015-09-09,1.68701283034851
2015-09-10,0.925075977215073
2015-09-11,0
2015-09-14,6.24645487384421
2015-09-15,-3.97052595926928
2015-09-16,24.5396360955676
2015-09-17,7.06815856512852
2015-09-18,-9.85305828372995
2015-09-21,-3.23795763073491
2015-09-22,0.596571493399667
2015-09-23,-0.746272120158986
2015-09-24,1.63450890005192
2015-09-25,0.220831889522888
2015-09-28,-6.61083801726914
2015-09-29,-5.07559599666196
2015-09-30,-5.95920972022457
2015-10-01,0.96028673333417
2015-10-02,-0.96028673333417
2015-10-05,8.32763402406012
2015-10-06,-3.19830458530506
2015-10-07,1.2422519998557
2015-10-08,0.328677370662289
2015-10-09,4.64827265512677
2015-10-12,-0.549667657990227
2015-10-13,-3.03780353591718
2015-10-14,-0.56980211146378
2015-10-15,1.61946859199804
2015-10-16,-0.402415029972536
2015-10-19,-0.0806776969940248
2015-10-20,2.31362533680288
2015-10-21,-0.236873383555025
2015-10-22,2.42104757505994
2015-10-23,4.45188564015813
2015-10-26,-2.54124287914763
2015-10-27,0.979292195324399
2015-10-28,0.299401421260459
2015-10-29,0.149365225678322
2015-10-30,-1.27677288300014
2015-11-02,0.0755572381998082
2015-11-03,-0.0755572381998082
2015-11-04,0.151057430536694
2015-11-05,-2.29017642866847
2015-11-06,-2.42293994268352
2015-11-09,0.473560474583445
2015-11-10,2.3347363996991
2015-11-12,-1.55041865359653
2015-11-13,-0.78431774610257
2015-11-16,-2.14890879419261
2015-11-17,-0.241643291162852
2015-11-18,0.0806126605524593
2015-11-19,1.91546159570137
2015-11-20,-0.793654959573642
2015-11-23,-0.399202126953746
2015-11-24,-2.10193672240755
2015-11-25,0.163265342388508
2015-11-26,1.93867138001904
2015-11-27,1.82327682610595
2015-11-30,-1.10585645130592
2015-12-01,0.948623714510699
2015-12-02,-1.42633162933858
2015-12-03,-0.801286338535734
2015-12-04,-2.27837357360623
2015-12-07,-1.32562007471346
2015-12-08,-8.7087200623893
2015-12-09,-4.56105112520522
2015-12-10,3.18677388480224
2015-12-11,-3.09158111226404
2015-12-14,0.94697677370319
2015-12-15,-1.99911464785645
2015-12-16,0.956945101615059
2015-12-17,0
2015-12-18,-0.0952834755271859
2015-12-21,3.37426575782627
2015-12-22,0.643089033029076
2015-12-23,-1.84848146741032
2015-12-28,-2.07358984791783
2015-12-29,0
2015-12-30,1.41846349919565
2016-01-04,-2.56790144176917
2016-01-05,0.672110067307763
2016-01-07,-0.961545869944214
2016-01-08,-1.45987994211527
2016-01-11,-10.1012682721723
2016-01-12,-5.0038231184411
2016-01-13,0.227790531299377
2016-01-14,2.36098656391341
2016-01-15,7.38698485664551
2016-01-18,-4.10800257434643
2016-01-19,-3.83608678724463
2016-01-20,0.557104504945549
2016-01-21,1.10498361865847
2016-01-22,3.45606750654674
2016-01-25,0.317965291737954
2016-01-26,-1.60003413464409
2016-01-27,-3.83608678724463
2016-01-28,1.55213759026234
2016-01-29,-3.24231867052265
2016-02-01,1.91339545865437
2016-02-02,-1.00841190666259
2016-02-03,1.00841190666259
2016-02-04,2.7489361497798
2016-02-05,13.4750822353573
2016-02-08,7.30918840053363
2016-02-09,-7.87953215192059
2016-02-10,-1.92498725622476
2016-02-11,1.25544864792628
2016-02-12,9.51356749613725
2016-02-15,1.64434687251163
2016-02-16,-3.40495573001656
2016-02-17,2.19596000222473
2016-02-18,-4.3504419009023
2016-02-19,-2.01656695945944
2016-02-22,1.28796628636612
2016-02-23,-1.65902422601967
2016-02-24,-0.559181326577818
2016-02-25,1.39213385186081
2016-02-26,-1.20539243438125
2016-02-29,-3.9967260407066
2016-03-01,0.966191091173707
2016-03-02,1.43200537747483
2016-03-03,12.6277659647807
2016-03-04,-2.70973395581722
2016-03-07,5.99680063926868
2016-03-08,-0.974824941366048
2016-03-09,-0.408998525152526
2016-03-10,-1.15417604401715
2016-03-11,0.825768523898152
2016-03-14,0.574007316106018
2016-03-15,-0.245599795987017
2016-03-16,0.653597097978542
2016-03-17,0.891777292205465
2016-03-18,-0.891777292205465
2016-03-21,4.92553886486302
2016-03-22,1.84337016888381
2016-03-23,-2.93457351398207
2016-03-24,-1.65946123388507
2016-03-29,-0.399202126953746
2016-03-30,6.20353909194526
2016-03-31,3.61796565775023
2016-04-01,-3.01826371051281
2016-04-04,0.67039357221903
2016-04-05,-2.02481608299476
2016-04-06,-3.46855579878897
2016-04-07,0.078400631220843
2016-04-08,-0.786786120061356
2016-04-11,2.18758723567243
2016-04-12,8.30105973097646
2016-04-13,5.53391529070941
2016-04-14,4.53875993356299
2016-04-15,0.321027563024812
2016-04-18,8.12254399225862
2016-04-19,3.37045267513911
2016-04-20,0.456101132756226
2016-04-21,-1.31693858641624
2016-04-22,0.460035313906104
2016-04-25,6.76532865578952
2016-04-26,-4.04869300172042
2016-04-27,1.71606757591918
2016-04-28,2.65382484541861
2016-04-29,4.9019198029272
2016-05-02,5.10897113249582
2016-05-04,-2.34844452330694
2016-05-05,-2.00006667066694
2016-05-06,1.35442251077569
2016-05-09,-0.599701947237419
2016-05-10,-14.1367240201583
2016-05-11,-0.231213975837941
2016-05-12,-7.1351802371618
2016-05-13,6.90343042312551
2016-05-16,3.75684476111622
2016-05-17,-3.98913290273017
2016-05-18,-14.0198083982712
2016-05-19,-1.48250693621566
2016-05-20,3.60038887560021
2016-05-23,1.30125453544339
2016-05-24,-2.09021326295966
2016-05-25,0.263678465230299
2016-05-27,0.0658111244549175
2016-05-30,-8.08105462457864
2016-05-31,-1.58162894432849
2016-06-01,-7.28824135356141
2016-06-02,2.15891191480635
2016-06-03,9.31582231236678
2016-06-06,3.34845085056696
2016-06-07,3.82380137543299
2016-06-08,3.43326790805052
2016-06-09,-0.312989300892763
2016-06-10,-0.439837341186378
2016-06-13,2.61046519937271
2016-06-14,-0.615386557437869
2016-06-15,-0.309119256967261
2016-06-16,-3.46491354131744
2016-06-17,5.54832223160164
2016-06-20,3.04592074847085
2016-06-21,-1.78046246335066
2016-06-22,1.78046246335066
2016-06-23,4.03512955235672
2016-06-24,-4.03512955235672
2016-06-27,-2.08031276297636
2016-06-28,7.51798985078351
2016-06-29,3.5033686799065
2016-06-30,-8.06256281214042
2016-07-01,6.2166906416552
2016-07-04,4.34268181975552
2016-07-05,-1.58649546479772
2016-07-06,-3.14048548287458
2016-07-07,3.67211884559784
2016-07-08,-2.74137027047319
2016-07-11,0.543479598595686
2016-07-12,2.09178986616809
2016-07-13,-1.12090845347201
2016-07-14,1.59747806077344
2016-07-15,2.91535482982379
2016-07-18,-2.02131784668849
2016-07-19,-2.11648111920435
2016-07-20,1.53890009636535
2016-07-21,11.7139214850439
2016-07-22,3.67857568165109
2016-07-25,2.89230394692508
2016-07-26,0.873367996875452
2016-07-27,2.15062052209638
2016-07-28,6.18754037180871
2016-07-29,0
2016-08-01,0.0399920021327382
2016-08-02,-2.06026273388464
2016-08-03,2.4194728587057
2016-08-04,0
2016-08-05,-0.63949058858479
2016-08-08,3.00180516492836
2016-08-09,15.1032984394672
2016-08-10,1.65896306328555
2016-08-11,-1.62551265320614
2016-08-12,0.998344398418327
2016-08-16,-1.29980166908439
2016-08-17,-0.538178224624541
2016-08-18,-7.52761207712087
2016-08-19,5.31098253139484
2016-08-22,-0.865806274311476
2016-08-23,4.9866189601234
2016-08-24,0.560965008410852
2016-08-25,-2.60014648152018
2016-08-26,1.27518506474176
2016-08-29,5.54526881223172
2016-08-30,20.4934606113227
2016-08-31,-0.386249997389676
2016-09-01,-4.37718174091759
2016-09-02,6.59694375889543
2016-09-05,18.4506064468252
2016-09-06,-1.58615993302291
2016-09-07,-4.60227329194272
2016-09-08,4.1321869561906
2016-09-09,0.661759272721296
2016-09-12,-3.4635496662756
2016-09-13,1.31292914417926
2016-09-14,11.021826289261
2016-09-15,0.466201310581171
2016-09-16,2.05243610077805
2016-09-19,-0.323286389771971
2016-09-20,2.81708769666964
2016-09-21,4.77314028211895
2016-09-22,2.37275611609551
2016-09-23,-1.87962373247679
2016-09-26,-3.52230923720205
2016-09-27,-3.61317672975088
2016-09-28,0.845472391893232
2016-09-29,1.76175163908425
2016-09-30,-3.00423750263721
2016-10-03,1.33598750664361
2016-10-04,5.89740024595513
2016-10-05,-1.68817869742472
2016-10-06,0.71428875123809
2016-10-07,-2.85166408540869
2016-10-10,2.22694094696507
2016-10-11,11.2497031227146
2016-10-12,3.76810669676884
2016-10-13,1.71101027150025
2016-10-14,2.21698714534373
2016-10-17,2.21238237540264
2016-10-18,2.9835915176684
2016-10-19,1.39667074817087
2016-10-20,-0.62608900167227
2016-10-21,-3.9282124669076
2016-10-24,0.159547499215495
2016-10-25,-3.69045569354514
2016-10-26,5.1293294387551
2016-10-27,2.12022076506022
2016-10-28,1.23707186050881
2016-10-31,0.427321623442367
2016-11-02,-2.95945662923494
2016-11-03,-0.3121898377767
2016-11-04,-3.11803550199405
2016-11-07,4.0235312191899
2016-11-08,2.77795641070755
2016-11-09,0
2016-11-10,6.62493855412007
2016-11-14,-0.29530739827397
2016-11-15,2.80208507118207
2016-11-16,2.81083593836051
2016-11-17,-0.316571553802447
2016-11-18,1.45281005629094
2016-11-21,-0.844905448652788
2016-11-22,-0.620100473254848
2016-11-23,1.22433191885118
2016-11-24,-0.51941893672609
2016-11-25,2.90048380609793
2016-11-28,2.89875368732524
2016-11-29,-7.81777810640243
2016-11-30,2.27254740210414
2016-12-01,1.46303125227272
2016-12-02,0.947874395454384
2016-12-05,-1.43716470867927
2016-12-06,-5.6476043244043
2016-12-07,-9.919111863615
2016-12-08,3.85269390752923
2016-12-09,-1.83242317577728
2016-12-12,5.26964191364971
2016-12-13,-0.325415191167799
2016-12-14,-4.32968057533234
2016-12-15,-4.14178152809557
2016-12-16,0.833750325394966
2016-12-19,-2.9418085995621
2016-12-20,5.63529365511313
2016-12-21,-2.34228711081785
2016-12-22,-0.435669299889696
2016-12-23,-0.848661387731831
2016-12-27,-2.8820438535492
2016-12-28,-0.219539056343621
2016-12-29,-0.0732869215652521
2016-12-30,-1.92455977152335
2017-01-02,-4.58796057506943
2017-01-03,-5.94809099071325
2017-01-04,4.52962749151764
2017-01-05,0
2017-01-09,5.72201403298918
2017-01-10,3.95320007913345
2017-01-11,3.24644003520218
2017-01-12,-1.13629615679551
2017-01-13,0.464495169720802
2017-01-16,-1.20083381246765
2017-01-17,-4.96788477321752
2017-01-18,0.104501017198277
2017-01-19,2.83905219301461
2017-01-20,-3.76845477569221
2017-01-23,-2.36201457199359
2017-01-24,0.231035913318411
2017-01-25,6.83772974447372
2017-01-26,2.55333020051651
2017-01-27,-2.98529631496818
2017-01-30,-3.37522868048916
2017-01-31,-0.0298552024907472
2017-02-01,3.980625040042
2017-02-02,0.415205693497001
2017-02-03,-1.27976439278239
2017-02-06,-1.31101659242079
2017-02-07,-1.52178455706435
2017-02-08,1.84384602706862
2017-02-09,-0.322061470004265
2017-02-10,-1.47713173203128
2017-02-13,1.76995770994015
2017-02-14,0.728335339110764
2017-02-15,-0.378072283990605
2017-02-16,1.91911235780982
2017-02-17,-2.31324468321024
2017-02-20,1.22112289280691
2017-02-21,4.43700922237209
2017-02-22,1.91655421424368
2017-02-23,-1.57160733891795
2017-02-24,-1.38698478641501
2017-02-27,-1.704386634656
2017-02-28,-0.985088985356164
2017-03-01,5.25407226250429
2017-03-02,2.0747073144789
2017-03-03,-2.02027073175195
2017-03-06,-2.75879565188291
2017-03-07,-3.25520888461899
2017-03-08,5.18060945403498
2017-03-09,-3.33387455758984
2017-03-10,1.40847398817385
2017-03-13,3.42324992374978
2017-03-14,-0.270672786718418
2017-03-15,-1.48818365308019
2017-03-16,2.31145572995732
2017-03-17,-3.91992080081751
2017-03-20,1.97916639466573
2017-03-21,-3.69921444006076
2017-03-22,-2.84146902069624
2017-03-23,2.24240860698055
2017-03-24,-1.7025371563764
2017-03-27,-5.73467490429227
2017-03-28,0.153988327318011
2017-03-29,0.781673073494904
2017-03-30,-5.08916072963901
2017-03-31,0.879653812933601
2017-04-03,8.83374612576873
2017-04-04,3.34009404821556
2017-04-05,4.08840255865606
2017-04-06,1.42437237480504
2017-04-07,0.0666888987703729
2017-04-10,0.664454271866877
2017-04-11,-4.330852709026
2017-04-12,-4.06491187310785
2017-04-13,0.917700733570026
2017-04-18,-2.69074529199242
2017-04-19,3.11803550199405
2017-04-20,0.340522462983905
2017-04-21,0.916467464956394
2017-04-24,0.866411233159159
2017-04-25,0.180718753570375
2017-04-26,-0.0694685682678831
2017-04-27,2.26735924014543
2017-04-28,6.1902577261927
2017-05-02,0.890024947026369
2017-05-04,-4.65079602524661
2017-05-05,-0.411933344446602
2017-05-08,-0.668005156037399
2017-05-09,4.13580438496277
2017-05-10,2.38923552100099
2017-05-11,-3.81413009515299
2017-05-12,-1.9896565172
2017-05-15,1.78069731879518
2017-05-16,1.29888824420838
2017-05-17,-3.51973298915453
2017-05-18,-1.68501661481928
2017-05-19,-1.20351562081504
2017-05-22,0.192439921931697
2017-05-23,0.246879840110381
2017-05-24,2.10106000623567
2017-05-25,0.854820217918828
2017-05-26,-4.50201814745776
2017-05-29,-1.62696435859706
2017-05-30,-2.752467339009
2017-05-31,-2.81542658089808
2017-06-01,3.39513834933074
2017-06-02,-2.76920486010024
2017-06-05,1.00518215157468
2017-06-06,2.91346065109908
2017-06-07,-0.501254182354494
2017-06-08,-0.12930107397322
2017-06-09,0.915862154568359
2017-06-12,-3.61144315342115
2017-06-13,0.103328668135116
2017-06-14,0.632401548772243
2017-06-16,1.16602399658827
2017-06-19,2.12194341532737
2017-06-20,-2.64497235718038
2017-06-21,2.94244406885467
2017-06-22,-0.510494585669097
2017-06-23,0.09946714852056
2017-06-26,1.53621511689197
2017-06-27,2.78600283474697
2017-06-28,-0.600274653762511
2017-06-29,1.48050242386608
2017-06-30,-0.270015014869074
2017-07-03,1.10245806037996
2017-07-04,-1.06190929994057
2017-07-05,-1.37426477406297
2017-07-06,1.33371601362358
2017-07-07,-0.63741993809856
2017-07-10,-1.06689563495674
2017-07-11,0.247218914538916
2017-07-12,2.0232885188638
2017-07-13,-0.525643099908013
2017-07-14,0
2017-07-17,3.08699339358611
2017-07-18,1.37933221323356
2017-07-19,-1.28765517190983
2017-07-20,1.41680409855267
2017-07-21,-0.374992357703263
2017-07-24,3.19996708344066
2017-07-25,5.2547213047144
2017-07-26,1.18344576470033
2017-07-27,-1.12393966356921
2017-07-28,-3.17909167797916
2017-07-31,1.65655432457532
2017-08-01,2.64647701697305
2017-08-02,0
2017-08-03,-0.117716317301486
2017-08-04,-0.294898473815763
2017-08-07,2.73830100754395
2017-08-08,3.88890931867207
2017-08-09,1.6991365207736
2017-08-10,-2.47605496806518
2017-08-11,-0.592279766827009
2017-08-14,1.41341176629233
2017-08-16,0.562015915380787
2017-08-17,0.329128108407328
2017-08-18,-0.428078146715638
2017-08-21,2.59501017195314
2017-08-22,2.15244486521886
2017-08-23,3.18994789323455
2017-08-24,2.09136920612982
2017-08-25,3.85507605034441
2017-08-28,-2.52073453297594
2017-08-29,-1.83309566847232
2017-08-30,4.64063728141557
2017-08-31,-0.718565966087503
2017-09-01,0.956945101615059
2017-09-04,-0.956945101615059
2017-09-05,-0.626961301359508
2017-09-06,1.58390640297457
2017-09-07,1.84010853708916
2017-09-08,-3.27898228229913
2017-09-11,0.529994013422019
2017-09-12,0.813596256260762
2017-09-13,0.0952834755271859
2017-09-14,-1.05314520523416
2017-09-15,0.096200103619104
2017-09-18,-4.52387854788441
2017-09-19,-0.403226352793862
2017-09-20,2.98529631496809
2017-09-21,-3.39015516756813
2017-09-22,-4.3530188457134
2017-09-25,-3.32807625232068
2017-09-26,0.382576845272897
2017-09-27,1.77340287723204
2017-09-28,2.85280836145381
2017-09-29,0.488388771462578
2017-10-02,2.99200344800665
2017-10-03,-1.55120462248002
2017-10-04,-4.54647502739149
2017-10-05,1.57015744367275
2017-10-06,0.262812240626964
2017-10-09,4.76646716476976
2017-10-10,-1.60439342756753
2017-10-11,3.1933047103009
2017-10-12,-0.791299875732498
2017-10-13,-0.0993542058878027
2017-10-16,-0.398406901487469
2017-10-17,-0.400000533334577
2017-10-18,-0.301053915287142
2017-10-19,0
2017-10-20,1.99011543172949
2017-10-23,-1.23917322951632
2017-10-24,-3.19256908893992
2017-10-25,1.68500284839519
2017-10-26,-1.47924145892722
2017-10-27,0.410256985677826
2017-10-30,0.916970255985206
2017-10-31,-0.712471207212495
2017-11-02,2.11236314512933
2017-11-03,-2.11236314512933
2017-11-06,-0.62503405491281
2017-11-07,-0.0411226488780336
2017-11-08,-1.29367910307199
2017-11-09,-2.9064132943911
2017-11-10,3.21842602801548
2017-11-13,0.724265969930293
2017-11-14,0.103039679389649
2017-11-15,-3.71384335813012
2017-11-16,-0.0641505421336674
2017-11-17,-2.72118259260417
2017-11-20,2.29245739144215
2017-11-21,2.32506890770754
2017-11-22,-0.991360154553789
2017-11-23,-2.04514864083789
2017-11-24,0.947466174704914
2017-11-27,-1.26167630373963
2017-11-28,-2.19427344665064
2017-11-29,0.276931774880484
2017-11-30,-1.10117346509044
2017-12-01,1.14541146625422
2017-12-04,5.88278633094896
2017-12-05,-2.79087881170765
2017-12-06,-2.17835760733962
2017-12-07,-1.72399009575939
2017-12-08,0.344962229359425
2017-12-11,1.61978088266581
2017-12-12,0.859775661410911
2017-12-13,0.561920648660141
2017-12-14,3.90963685527854
2017-12-15,0.403330605197283
2017-12-18,1.64802337811301
2017-12-19,-2.24843926052705
2017-12-20,0.0830306223104316
2017-12-21,-0.426262536577759
2017-12-22,-1.02629448295586
2017-12-27,-0.105318598465853
2017-12-28,1.97199775451153
2017-12-29,-0.538693937112278
2018-01-03,3.30009003746721
2018-01-04,5.85533087515744
2018-01-05,-1.19190922372105
2018-01-08,0.191662732366371
2018-01-09,1.28420314216244
2018-01-10,-1.23634480193333
2018-01-11,0.0956480225957179
2018-01-12,2.54850980058299
2018-01-15,0.789050276241543
2018-01-16,-0.13879252748481
2018-01-17,-1.8692133012153
2018-01-18,-1.42520227072014
2018-01-19,0.477327875265754
2018-01-22,-0.0952834755271859
2018-01-23,-4.68378290810767
2018-01-24,-0.601204215662765
2018-01-25,-0.38264068436602
2018-01-26,0.463010389314977
2018-01-29,1.41591756272232
2018-01-30,-0.396825917562094
2018-01-31,-3.52049303544506
2018-02-01,2.32047863513403
2018-02-02,0.201005092802387
2018-02-05,1.5936592262813
2018-02-06,-4.23877783499824
2018-02-07,3.39530967389639
2018-02-08,3.09075374630767
2018-02-09,-4.66764575929446
2018-02-12,1.2275030875613
2018-02-13,0.995033085316788
2018-02-14,-0.995033085316788
2018-02-15,-2.94288106908125
2018-02-16,2.7426808020139
2018-02-19,-0.100250634962595
2018-02-20,-0.402010591666535
2018-02-21,-0.0805964178224094
2018-02-22,1.28181206262274
2018-02-23,-2.68242361202136
2018-02-26,0.9359173098062
2018-02-27,-3.5662853816822
2018-02-28,-3.30696800976087
2018-03-01,1.40013057320933
2018-03-02,-0.751479650248665
2018-03-05,-0.21574981400212
2018-03-06,5.29981038726257
2018-03-07,3.97562896196222
2018-03-08,-2.79459303905591
2018-03-09,0.242620418246364
2018-03-12,-1.15772593998216
2018-03-13,0.285597909344215
2018-03-14,-2.49574673801884
2018-03-15,-1.00756519887417
2018-03-16,-1.12444167664165
2018-03-19,-1.87364154455194
2018-03-20,1.63867401147728
2018-03-21,1.88544934963435
2018-03-22,-1.18219658447485
2018-03-23,-2.34192677663678
2018-03-26,-5.33549146344203
2018-03-27,-2.57824059243035
2018-03-28,-6.68942348300305
2018-03-29,1.96792999235127
2018-04-03,5.30800543589161
2018-04-04,-2.75094416279495
2018-04-05,4.2369246055439
2018-04-06,-1.57959149568843
2018-04-09,-0.351823981998578
2018-04-10,-0.423829219323579
2018-04-11,2.03206805377354
2018-04-12,0.691246992062311
2018-04-13,1.11886085559671
2018-04-16,0.85915066118023
2018-04-17,-1.38277166404741
2018-04-18,0.591717702808836
2018-04-19,-1.55502790436364
2018-04-20,1.60039995595875
2018-04-23,-1.18641592404956
2018-04-24,-0.529284402113817
2018-04-25,-4.82134961412255
2018-04-26,0.723766730023012
2018-04-27,0.359928402964727
2018-04-30,-0.817705373938882
2018-05-02,-2.89094115957793
2018-05-04,-2.56811696574566
2018-05-07,2.01976065649037
2018-05-08,-0.878629977749412
2018-05-09,3.46912884991379
2018-05-10,2.43004860116418
2018-05-11,-0.214158320994251
2018-05-14,-1.14998871558338
2018-05-15,-2.6616148146271
2018-05-16,4.04952893390726
2018-05-17,4.68872140233456
