2007-11-26,0.335969138114667
2007-11-27,-0.246266943366358
2007-11-28,0.331200231143391
2007-11-29,0
2007-11-30,-0.0446927381740903
2007-12-03,-0.246167742080505
2007-12-04,0
2007-12-05,3.95825980605991
2007-12-06,-3.45761059976804
2007-12-07,3.45761059976804
2007-12-10,0
2007-12-11,9.52866847598202
2007-12-12,5.31496585410087
2007-12-13,3.42010377252113
2007-12-14,0
2007-12-17,1.29061650975255
2007-12-18,-1.32291683124213
2007-12-19,3.27678223934025
2007-12-20,8.88565720539338
2007-12-21,-0.028610029599907
2007-12-27,0.383962900522139
2007-12-28,0
2008-01-02,2.89676287942817
2008-01-03,-3.19492023546144
2008-01-04,-6.64547990584805
2008-01-07,-2.2973728144343
2008-01-08,5.33996651136168
2008-01-09,-2.1671592641372
2008-01-10,-3.49639271424258
2008-01-11,3.49639271424258
2008-01-14,0
2008-01-15,-0.306712520731223
2008-01-16,-3.83650167140237
2008-01-17,0.970406944909108
2008-01-18,1.60240510623257
2008-01-21,-5.38298487737969
2008-01-22,-0.198616969397314
2008-01-23,2.35422664775546
2008-01-24,0
2008-01-25,0
2008-01-28,1.24212123312457
2008-01-29,-1.24212123312457
2008-01-30,0
2008-01-31,0
2008-02-01,0.0317712472886811
2008-02-04,-0.0317712472886811
2008-02-05,0.0317712472886811
2008-02-06,1.59319884550029
2008-02-07,0
2008-02-08,1.60240510623257
2008-02-11,0
2008-02-12,0.314014866534951
2008-02-13,2.80913572656485
2008-02-14,0
2008-02-15,1.5290063597992
2008-02-18,0
2008-02-19,-3.08175481190709
2008-02-20,3.08175481190709
2008-02-21,5.88321089661221
2008-02-22,1.42054352290795
2008-02-25,4.13278270713571
2008-02-26,8.0521710997667
2008-02-27,-5.35586247098645
2008-02-28,1.14927605090172
2008-02-29,-0.674444034702315
2008-03-03,-0.500333185141155
2008-03-04,-0.394679445279289
2008-03-05,-3.6594218613931
2008-03-06,5.09996196810882
2008-03-07,-3.71666812127494
2008-03-10,-0.268127929347273
2008-03-11,0.268127929347273
2008-03-12,2.14232207012448
2008-03-13,2.86716726726932
2008-03-14,-2.3386818775553
2008-03-17,-5.40593495664532
2008-03-18,0.0538277524958719
2008-03-19,2.68129974431095
2008-03-20,-4.13278270713571
2008-03-25,2.77604497500326
2008-03-26,0
2008-03-27,1.35673773213245
2008-03-28,-1.35673773213245
2008-03-31,-1.65696233620327
2008-04-01,-2.48118530065642
2008-04-02,-0.777901746485865
2008-04-03,0.719460885434353
2008-04-04,-1.43789276245254
2008-04-07,-1.13949720720887
2008-04-08,-0.319372909766757
2008-04-09,0
2008-04-10,-1.21723454292391
2008-04-11,-4.75342207012082
2008-04-14,-0.40425873677763
2008-04-15,-1.26368962026069
2008-04-16,3.1231505930998
2008-04-17,-1.55274845210789
2008-04-18,-1.57040214099191
2008-04-21,-0.411072105303623
2008-04-22,-4.4681152402692
2008-04-23,-3.38780345103156
2008-04-24,1.02330082622331
2008-04-25,6.60580584990846
2008-04-28,13.4335273650439
2008-04-29,1.93631310285109
2008-04-30,-4.51090880846454
2008-05-05,-1.09548475568584
2008-05-06,4.19808696804362
2008-05-07,0
2008-05-08,-1.93353656651434
2008-05-09,-0.31470106480862
2008-05-12,-2.26863945543254
2008-05-13,0.26260683488184
2008-05-14,-0.529043792122241
2008-05-15,4.39057471050313
2008-05-16,0.422656164925161
2008-05-19,1.65239079051096
2008-05-20,-4.18179396833218
2008-05-21,1.9714798396445
2008-05-23,-2.37417938939677
2008-05-26,0.0554289599705715
2008-05-27,-2.83828784506208
2008-05-28,4.56875691881597
2008-05-29,-1.6719940393878
2008-05-30,1.42054352290795
2008-06-02,-3.38419327036514
2008-06-03,-0.933113131970975
2008-06-04,-3.90104356495393
2008-06-05,0.309078600701973
2008-06-06,5.05083508122759
2008-06-09,-1.45887011697563
2008-06-10,0
2008-06-11,3.75150821471828
2008-06-12,0.565798187617839
2008-06-13,0
2008-06-16,1.39765521032889
2008-06-17,2.73512749680682
2008-06-18,-2.73512749680682
2008-06-19,-7.7983369643984
2008-06-20,4.98013823116157
2008-06-23,-1.43789276245254
2008-06-24,0
2008-06-25,1.29934380942545
2008-06-26,-1.01259632457786
2008-06-27,3.96934401084179
2008-06-30,2.19522453496994
2008-07-01,-2.19522453496994
2008-07-02,-2.81819873323683
2008-07-03,-8.33762581120809
2008-07-04,2.42504202556111
2008-07-07,-4.62278406386423
2008-07-08,-3.55627051433069
2008-07-09,0.660231536659905
2008-07-10,-2.95341694028024
2008-07-11,0.970268572378208
2008-07-14,0.99649020020447
2008-07-15,0.65532194634681
2008-07-16,-1.65181214655128
2008-07-17,1.65181214655128
2008-07-18,-2.99610297894546
2008-07-21,0.170843901171658
2008-07-22,-0.170843901171658
2008-07-23,0.674404296491149
2008-07-24,0
2008-07-25,-1.00966936035674
2008-07-28,0
2008-07-29,0
2008-07-30,-1.70824755477179
2008-07-31,0
2008-08-01,1.70824755477179
2008-08-04,4.95633813560001
2008-08-05,-6.6645856903718
2008-08-06,0.34103157936487
2008-08-07,0
2008-08-08,-0.41160714457722
2008-08-11,0.0705755652123496
2008-08-12,-3.51045813026842
2008-08-13,-2.86742616346451
2008-08-14,0
2008-08-18,-0.774751089166692
2008-08-19,-0.363614969187287
2008-08-20,-3.36655380686084
2008-08-21,3.28646089480626
2008-08-22,14.2609289545133
2008-08-25,-3.30909299730862
2008-08-26,-3.35549269306319
2008-08-27,-2.76331390484663
2008-08-28,2.72617507949215
2008-08-29,2.92114474457916
2008-09-01,-2.88400591922469
2008-09-02,0
2008-09-03,0
2008-09-04,-2.79767488638161
2008-09-05,-2.14987341867858
2008-09-08,-2.20508707783944
2008-09-09,-1.86394559249421
2008-09-10,-5.87013637633689
2008-09-11,-5.21872921826017
2008-09-12,-0.930493850984515
2008-09-15,-11.2452888926803
2008-09-16,-0.143685558666284
2008-09-17,-8.80903751675315
2008-09-18,-5.35657237758187
2008-09-19,9.53585888934096
2008-09-22,-0.102246746429557
2008-09-23,-7.15227782825525
2008-09-24,6.04238852145031
2008-09-25,0.85651306946799
2008-09-26,-4.56670100232186
2008-09-29,-2.98204331643084
2008-09-30,2.67080745983845
2008-10-01,-0.1588202262369
2008-10-02,-2.83849909734899
2008-10-03,-3.52456771739011
2008-10-06,-10.3547278533646
2008-10-07,2.03892170303188
2008-10-08,-4.88361845564715
2008-10-09,2.79100547615769
2008-10-10,-21.0121166184461
2008-10-13,0
2008-10-14,0.759142188523576
2008-10-15,-0.759142188523576
2008-10-16,-1.16638829627314
2008-10-17,1.08352451957279
2008-10-20,-1.86592871273872
2008-10-21,1.16714872933343
2008-10-22,-3.95045834765453
2008-10-23,-1.62847233812968
2008-10-24,-0.824290064935429
2008-10-27,-0.831141117708034
2008-10-28,-1.33708740581926
2008-10-29,1.33708740581926
2008-10-30,3.11876507118067
2008-10-31,-3.02906287643241
2008-11-03,4.39409487084825
2008-11-04,3.90424818019151
2008-11-05,0
2008-11-06,5.60024398032062
2008-11-10,-6.05514737427568
2008-11-12,-3.05540747795363
2008-11-13,2.97247498024964
2008-11-14,3.19249874291838
2008-11-17,-0.596439263099402
2008-11-18,-4.77680512965635
2008-11-19,0
2008-11-20,0
2008-11-21,0
2008-11-24,0
2008-11-25,-1.58116195259463
2008-11-26,0
2008-11-27,3.92770387683634
2008-11-28,-0.781643760105633
2008-12-01,-8.06341951425487
2008-12-02,2.48448882847065
2008-12-03,2.4328705690535
2008-12-04,-0.0861846127637733
2008-12-05,-1.11849260718637
2008-12-08,-0.0872295938074252
2008-12-09,3.66699185541761
2008-12-10,-1.50875891318996
2008-12-11,6.0880802168803
2008-12-12,-5.37324439275575
2008-12-15,5.37324439275575
2008-12-16,-4.57932130369034
2008-12-17,0
2008-12-18,0
2008-12-19,7.52490243275163
2008-12-22,-12.3328580434652
2008-12-23,0
2008-12-29,0
2008-12-30,0
2008-12-31,0.826305686045847
2009-01-05,2.00206019690721
2009-01-06,8.76047024531914
2009-01-07,-5.22826168238235
2009-01-08,3.76329507034696
2009-01-09,0.366271609411806
2009-01-12,0
2009-01-13,-0.366271609411806
2009-01-14,2.8545283929279
2009-01-15,6.95457330763793
2009-01-16,6.55639931365077
2009-01-19,0
2009-01-20,-2.53785911317466
2009-01-21,-2.2907128669063
2009-01-22,0.651791184584516
2009-01-23,-2.99621036682067
2009-01-26,1.34433941331795
2009-01-27,0
2009-01-28,3.2907926358245
2009-01-29,0
2009-01-30,0
2009-02-02,16.0491867711952
2009-02-03,-16.0491867711952
2009-02-04,0
2009-02-05,0
2009-02-06,3.78972631676513
2009-02-09,-6.81523828079471
2009-02-10,3.02551196402958
2009-02-11,3.17248182100709
2009-02-12,4.87292724909021
2009-02-13,1.17884565210984
2009-02-16,8.18829570646247
2009-02-17,-5.28519830069638
2009-02-18,-0.573916228635474
2009-02-19,2.77702383468248
2009-02-20,-0.500860957140858
2009-02-23,2.76834287484164
2009-02-24,-3.89383004051758
2009-02-25,2.23844796958881
2009-02-26,-2.81520745281902
2009-02-27,-0.573916228635474
2009-03-02,-4.64257132660655
2009-03-03,-2.80727109122538
2009-03-04,5.12066124070132
2009-03-05,-4.81442306781208
2009-03-06,0.616283717233834
2009-03-09,1.22128898156109
2009-03-10,-1.83757269879492
2009-03-11,-1.1835248976876
2009-03-12,0.563419560057676
2009-03-13,2.45767803642485
2009-03-16,0
2009-03-17,5.93531365236255
2009-03-18,-1.54945771110411
2009-03-19,-1.45969623357258
2009-03-20,-1.72605448642149
2009-03-23,0
2009-03-24,1.77674514775279
2009-03-25,-1.77674514775279
2009-03-26,-4.27502775344726
2009-03-27,6.05177290120005
2009-03-30,-6.05177290120005
2009-03-31,-3.17248182100709
2009-04-01,3.66926050109924
2009-04-02,5.5549942211079
2009-04-03,5.71830485858511
2009-04-06,-0.998084283525547
2009-04-07,3.19922634293301
2009-04-08,2.67929878794164
2009-04-09,10.2993178090964
2009-04-14,0.0462499044704412
2009-04-15,-1.24591267104979
2009-04-16,-0.49019706002067
2009-04-17,-3.95616149988123
2009-04-20,-6.14577582490519
2009-04-21,7.15227782825525
2009-04-22,1.2360699956679
2009-04-23,0.292064036834416
2009-04-24,1.28551372512868
2009-04-27,-0.340840895240158
2009-04-28,2.40287644769905
2009-04-29,2.82121845364567
2009-04-30,12.3863189575126
2009-05-04,2.23005757241452
2009-05-05,2.36667213625821
2009-05-06,4.39870963994995
2009-05-07,0.925617170975102
2009-05-08,2.56338477002518
2009-05-11,1.07879248260603
2009-05-12,0.712783243886816
2009-05-13,-0.785881256182774
2009-05-14,6.97135959359594
2009-05-15,6.76542873843275
2009-05-18,0.311500645443186
2009-05-19,3.92824513934524
2009-05-20,4.12591979682673
2009-05-21,-1.15443188741642
2009-05-22,0
2009-05-25,0
2009-05-26,0
2009-05-27,-1.17107283108981
2009-05-28,2.20818816650619
2009-05-29,0.40077742703617
2009-06-01,0
2009-06-02,-4.38044595160441
2009-06-03,-5.84090703137186
2009-06-04,-1.27237342521456
2009-06-05,-0.644046547552968
2009-06-08,-5.30005647896985
2009-06-09,4.81603011394509
2009-06-10,6.70921553512156
2009-06-12,-0.27456381241322
2009-06-15,-1.22506965835121
2009-06-16,-1.55274845210789
2009-06-17,-3.49639271424258
2009-06-18,-3.28757910635877
2009-06-19,-2.16252192835551
2009-06-22,2.42868041371636
2009-06-23,0.0682238486757747
2009-06-24,0
2009-06-25,0
2009-06-26,-1.67955589625977
2009-06-29,6.55874324183259
2009-06-30,0.314014866534951
2009-07-01,-1.5904156610115
2009-07-02,-0.97072940131957
2009-07-03,0
2009-07-06,-2.6320571497767
2009-07-07,0
2009-07-08,-8.51889178613781
2009-07-09,0.720506300795209
2009-07-10,-4.23284904551888
2009-07-13,19.0479491469193
2009-07-14,-3.89985453567943
2009-07-15,-0.0347995549168978
2009-07-16,0.194721713878732
2009-07-17,0
2009-07-20,3.48864649909251
2009-07-21,2.76591556003907
2009-07-22,0
2009-07-23,0.634303175743378
2009-07-24,2.35214484144066
2009-07-27,5.714961612665
2009-07-28,2.73512749680682
2009-07-29,1.34719160457428
2009-07-30,3.41006282672289
2009-07-31,3.04217400865445
2009-08-03,1.48839708409505
2009-08-04,0.739921984733316
2009-08-05,5.92887322207289
2009-08-06,-3.5175509180684
2009-08-07,-4.63964137283286
2009-08-10,-0.350593670870802
2009-08-11,2.32848094370808
2009-08-12,0
2009-08-13,4.34379380753991
2009-08-14,-0.96754059251456
2009-08-17,-0.189011831193886
2009-08-18,-2.69750896743202
2009-08-19,-2.21487702942165
2009-08-20,0.120768099699031
2009-08-21,0.622988338627639
2009-08-24,-0.49968706586947
2009-08-25,0.747267955575248
2009-08-26,1.2235397013892
2009-08-27,-0.239300620408356
2009-08-28,-5.79082759872178
2009-08-31,3.56250852989342
2009-09-01,-7.79942843995163
2009-09-02,-4.75655810218139
2009-09-03,-0.507972572446658
2009-09-04,1.13174796749234
2009-09-07,7.06396275987426
2009-09-08,3.6084958656625
2009-09-09,1.25975252155057
2009-09-10,0
2009-09-11,0
2009-09-14,-3.82229609726195
2009-09-15,2.56254357571137
2009-09-16,0
2009-09-17,3.11879495213052
2009-09-18,0.608577258656773
2009-09-21,-0.0236415935535028
2009-09-22,-0.0210194430621868
2009-09-23,0.0446610366156897
2009-09-24,-0.239300620408356
2009-09-25,-0.984239080980842
2009-09-28,0.244317096247526
2009-09-29,0.468372536946626
2009-09-30,-1.08562560085907
2009-10-01,-0.618401360367526
2009-10-02,0.74375643832667
2009-10-05,-3.50170705144626
2009-10-06,0.613693016535066
2009-10-07,0.126124166752017
2009-10-08,-2.05690532724452
2009-10-09,5.06637608510947
2009-10-12,-0.247580889705779
2009-10-13,0
2009-10-14,-0.245523327949515
2009-10-15,0
2009-10-16,0.493104217655294
2009-10-19,-0.0265922086396309
2009-10-20,1.25013191002883
2009-10-21,1.21393980075735
2009-10-22,3.31764631493718
2009-10-23,3.12112214533582
2009-10-26,0.0681016686906677
2009-10-27,0.359197532044186
2009-10-28,-1.03741433032409
2009-10-29,-1.35302052977657
2009-10-30,-2.09362158207078
2009-11-02,-1.18263134439331
2009-11-03,-4.25830242633056
2009-11-04,-2.64318237966199
2009-11-05,-0.509509633061889
2009-11-06,1.14754457543302
2009-11-09,6.38388086737676
2009-11-10,3.38631386459771
2009-11-12,-2.32411352395974
2009-11-13,-8.59362578344776
2009-11-16,5.48502048552755
2009-11-17,-0.487345721673549
2009-11-18,0
2009-11-19,0
2009-11-20,-0.608577258656773
2009-11-23,-3.11879495213052
2009-11-24,2.25625161969232
2009-11-25,-3.27560609208066
2009-11-26,-0.126774166076338
2009-11-27,-0.124173914602022
2009-11-30,1.52624518740527
2009-12-01,1.94965244891092
2009-12-02,1.79456418194062
2009-12-03,-0.173028566658973
2009-12-04,0.945374219389894
2009-12-07,0.168807093623613
2009-12-08,0.24102954560461
2009-12-09,0.477746980188298
2009-12-10,-1.44537060487671
2009-12-11,-0.487345721673549
2009-12-14,1.19058350028913
2009-12-15,1.22273617491131
2009-12-16,2.35394412260375
2009-12-17,-0.466880036808615
2009-12-18,-4.30038376099557
2009-12-21,0
2009-12-22,3.54779794256879
2009-12-23,-3.54779794256879
2009-12-28,0.852604809178725
2009-12-29,0.241900990623023
2009-12-30,0
2009-12-31,0.838210526748506
2010-01-04,0.457525537862713
2010-01-05,-1.15035701512256
2010-01-06,0.023344789678692
2010-01-07,1.15009003623134
2010-01-08,0
2010-01-11,0
2010-01-12,0
2010-01-13,2.28129427911274
2010-01-14,3.9675559101334
2010-01-15,1.31365171972755
2010-01-18,1.53099719714205
2010-01-19,1.08501844444233
2010-01-20,-0.217920568447916
2010-01-21,-0.867097875994416
2010-01-22,-4.67251566477604
2010-01-25,-1.83691264756343
2010-01-26,0.232091043900962
2010-01-27,4.08090323503476
2010-01-28,0
2010-01-29,3.68820136310628
2010-02-01,0.980006236786357
2010-02-02,-1.38675512204656
2010-02-03,1.04816725768413
2010-02-04,-3.22537243696477
2010-02-05,-4.49456750292438
2010-02-08,0
2010-02-09,-2.86781405030974
2010-02-10,2.43116463547222
2010-02-11,0.829489856297538
2010-02-12,5.19391379630267
2010-02-15,1.08501844444233
2010-02-16,1.0687898303086
2010-02-17,4.16666177924756
2010-02-18,3.01328021116181
2010-02-19,3.50538178672308
2010-02-22,0.18924595272436
2010-02-23,1.04466814658957
2010-02-24,3.79911218824138
2010-02-25,-1.83563901946431
2010-02-26,1.65534933140452
2010-03-01,-0.734305859710149
2010-03-02,0
2010-03-03,-0.550812749626495
2010-03-04,-0.370230722067877
2010-03-05,0.921043471694372
2010-03-08,0.914595547769936
2010-03-09,0
2010-03-10,3.92207131532811
2010-03-11,3.94067837093113
2010-03-12,-2.2087101770023
2010-03-15,-2.43475956991586
2010-03-16,0.702791375987033
2010-03-17,-2.11952151570447
2010-03-18,0
2010-03-19,-0.360235794732455
2010-03-22,-0.991057635072456
2010-03-23,1.79642079562878
2010-03-24,0.795130465550198
2010-03-25,-0.351975706076368
2010-03-26,-1.78452547286803
2010-03-29,0.80390013208187
2010-03-30,-1.71020658413519
2010-03-31,1.80254979962364
2010-04-01,-1.7125267006636
2010-04-06,0
2010-04-07,-1.92566211842435
2010-04-08,1.74553480589346
2010-04-09,1.89265401319449
2010-04-12,-1.259728144182
2010-04-13,2.14801026947971
2010-04-14,0.439302008231524
2010-04-15,-1.32758413352922
2010-04-16,0
2010-04-19,-0.896243347570325
2010-04-20,2.66309733445942
2010-04-21,-0.878571861591393
2010-04-22,-1.24851792003016
2010-04-23,1.24851792003016
2010-04-26,0.878571861591393
2010-04-27,11.5843623280692
2010-04-28,-6.78733706769492
2010-04-29,1.16547888642247
2010-04-30,1.39281463995911
2010-05-04,0.245437615538968
2010-05-05,-2.46934880788396
2010-05-06,-1.68138106349076
2010-05-07,-4.32859839251152
2010-05-10,0.878571861591393
2010-05-11,0
2010-05-12,9.13331350388513
2010-05-13,0.0792884762994106
2010-05-14,-0.241508509802468
2010-05-17,-2.84674965177771
2010-05-18,2.60811906992364
2010-05-19,-0.565993385672581
2010-05-20,-3.03506190844454
2010-05-21,3.68239198923623
2010-05-24,-0.403872869853572
2010-05-25,-0.889747670118535
2010-05-26,5.61522320199375
2010-05-27,-2.65075154349406
2010-05-28,0.473512251549923
2010-05-31,-1.02964736171423
2010-06-01,-3.72068671149419
2010-06-02,3.96160333592572
2010-06-04,1.18077544578679
2010-06-07,-0.0792988003322392
2010-06-08,-1.26031392191281
2010-06-09,-1.27813205145566
2010-06-10,1.35843618630815
2010-06-11,0
2010-06-14,-0.0803041348524935
2010-06-15,-0.0820793479732629
2010-06-16,-2.89845180159602
2010-06-17,2.98053114956929
2010-06-18,0
2010-06-21,0
2010-06-22,0
2010-06-23,-0.0820793479732629
2010-06-24,-0.554084564354085
2010-06-25,-0.482817829617765
2010-06-28,1.11898174194511
2010-06-29,-3.2273751990215
2010-06-30,-0.820715594165389
2010-07-01,3.25009783338777
2010-07-02,0.161829047471773
2010-07-05,-0.0808817879386581
2010-07-06,1.50532944269122
2010-07-07,-0.236003335483481
2010-07-08,-0.634359754914993
2010-07-09,-0.316979199157341
2010-07-12,-3.56719044523865
2010-07-13,-0.746165546928523
2010-07-14,0.664323746110895
2010-07-15,2.12384272932411
2010-07-16,-2.12384272932411
2010-07-19,-2.17356835959563
2010-07-20,-2.91426996473385
2010-07-21,7.13149417908534
2010-07-22,0.240367983075451
2010-07-23,0.163398729165465
2010-07-26,0
2010-07-27,0.481686484245003
2010-07-28,0.482817829617765
2010-07-29,-2.42716838709498
2010-07-30,3.06333229942233
2010-08-02,0.710243564740232
2010-08-03,-0.710243564740232
2010-08-04,-0.159089970687987
2010-08-05,-1.11904208076767
2010-08-06,2.30355532605167
2010-08-09,-0.708000614436699
2010-08-10,-0.953586572486653
2010-08-11,-0.641968139128313
2010-08-12,2.22570006519662
2010-08-13,-2.54823623993108
2010-08-16,1.60066822619012
2010-08-17,0.317422660159306
2010-08-18,0
2010-08-19,0.156633102031734
2010-08-20,0.397290799144123
2010-08-23,-0.553923901175857
2010-08-24,-1.67695761717095
2010-08-25,-1.05030358067717
2010-08-26,2.40983853768881
2010-08-27,-2.00443493843103
2010-08-30,0.403766712240916
2010-08-31,-0.485763245067172
2010-09-01,0.485763245067172
2010-09-02,0
2010-09-03,0
2010-09-06,-2.03710910555932
2010-09-07,0.330929824643
2010-09-08,2.18786576516132
2010-09-09,1.11898174194511
2010-09-10,3.89222011740937
2010-09-13,3.30199610713393
2010-09-14,-2.46703439574896
2010-09-15,2.09732464266033
2010-09-16,-1.26927685310498
2010-09-17,0.971881241943962
2010-09-20,-0.446149895093484
2010-09-21,0.0739609327067292
2010-09-22,-0.67409824840734
2010-09-23,1.27181333384643
2010-09-24,-0.0767177623256288
2010-09-27,-1.49489727887673
2010-09-28,-1.67259725379454
2010-09-29,1.14210066370477
2010-09-30,0
2010-10-01,1.50439654585304
2010-10-04,-0.299396601914559
2010-10-05,-0.374701646492781
2010-10-06,0.374701646492781
2010-10-07,-1.88935101036032
2010-10-08,-0.841366979946923
2010-10-11,1.0727365112186
2010-10-12,1.20881846003744
2010-10-13,-0.225340334797508
2010-10-14,-1.595060605597
2010-10-15,-0.768113960613537
2010-10-18,-0.929928651372336
2010-10-19,0
2010-10-20,-3.00690046650587
2010-10-21,-0.481686484245003
2010-10-22,-1.37986292337917
2010-10-25,0.976096211138255
2010-10-26,0.323838990443459
2010-10-27,2.46887969041278
2010-10-28,-0.314227980234172
2010-10-29,-1.19110146245704
2010-11-02,-0.642489256745638
2010-11-03,-0.484590480116598
2010-11-04,-0.485200616777082
2010-11-05,-1.80423635188536
2010-11-08,0.906187206769182
2010-11-09,-2.06906392992492
2010-11-10,3.29200419051539
2010-11-12,3.5782023265166
2010-11-15,1.16594524300542
2010-11-16,0.385094674594111
2010-11-17,-5.04905536954787
2010-11-18,-2.87241474391804
2010-11-19,-0.0825245377919614
2010-11-22,5.35324310776382
2010-11-23,-3.94711613070591
2010-11-24,2.75601466824886
2010-11-25,-3.00230493671076
2010-11-26,1.47222044118065
2010-11-29,2.24713019579612
2010-11-30,6.1549218979069
2010-12-01,-4.73775842661368
2010-12-02,3.15827944978588
2010-12-03,0.07508243097476
2010-12-06,1.50439654585304
2010-12-07,-1.8067016464558
2010-12-08,9.97132170812653
2010-12-09,-6.68252058346113
2010-12-10,0
2010-12-13,0.733679006385479
2010-12-14,4.9798749198283
2010-12-15,-2.81520745281902
2010-12-16,0
2010-12-17,-0.931964552370168
2010-12-20,0.861174626205585
2010-12-21,-1.94935522469732
2010-12-22,3.43765529139661
2010-12-23,-2.56709925222127
2010-12-27,3.12973118500661
2010-12-28,2.07916385931766
2010-12-29,1.49838599755583
2010-12-30,-0.678968535940605
2010-12-31,1.35191272969228
2011-01-03,-1.21574972302501
2011-01-04,5.80643261779095
2011-01-05,-2.66380238951172
2011-01-07,5.07267002378127
2011-01-10,-1.13445826034617
2011-01-11,0
2011-01-12,0.629133723987874
2011-01-13,0.627892553372877
2011-01-14,-1.25702627736075
2011-01-17,-0.252492644668134
2011-01-18,0.252492644668134
2011-01-19,0
2011-01-20,-0.191016812979061
2011-01-21,5.13089999264507
2011-01-24,-3.30666406310645
2011-01-25,0.744173324147468
2011-01-26,-0.311958658539524
2011-01-27,1.66183868317598
2011-01-28,-1.04287244057391
2011-01-31,-0.185952662232314
2011-02-01,0.124892064330595
2011-02-02,0.0610605979017187
2011-02-03,1.28683578346429
2011-02-04,0.846616978513826
2011-02-07,3.78793581538206
2011-02-08,-1.28645850515543
2011-02-09,0.93690198531764
2011-02-10,-2.95631950419954
2011-02-11,0.835489125496292
2011-02-14,0
2011-02-15,0.594353490846888
2011-02-16,-0.831802502767243
2011-02-17,-0.658817418356961
2011-02-18,-6.19376050450873
2011-02-21,5.1064822683327
2011-02-22,-2.45831013780302
2011-02-23,-0.436520621971592
2011-02-24,-1.89288672592545
2011-02-25,0.952960274008952
2011-02-28,4.50075296130343
2011-03-01,-0.11957837056622
2011-03-02,-0.121023640405227
2011-03-03,-0.121170285113337
2011-03-04,0.121170285113337
2011-03-07,0.300337617765578
2011-03-08,0.062294786124184
2011-03-09,-1.33613078889647
2011-03-10,-0.487683682828877
2011-03-11,-1.35955162357906
2011-03-14,-0.37303962854951
2011-03-15,1.67047165007546
2011-03-16,-1.79692282852679
2011-03-17,0.993833604292238
2011-03-18,-0.369858954074687
2011-03-21,0.496391513128724
2011-03-22,-1.30764601275057
2011-03-23,-0.376968890503893
2011-03-24,-0.124617359610379
2011-03-25,-1.45812593520604
2011-03-28,-0.512920629251745
2011-03-29,-1.16238343328554
2011-03-30,-2.63137653983128
2011-03-31,-5.4815718923674
2011-04-01,5.88136321534805
2011-04-04,0.9252603339994
2011-04-05,0
2011-04-06,-0.131859737379258
2011-04-07,-1.99615434880878
2011-04-08,-3.28091215087509
2011-04-11,2.60560188377417
2011-04-12,-0.884041880034658
2011-04-13,-0.338703825701003
2011-04-14,-0.689780407467477
2011-04-15,0
2011-04-18,-0.829273772602068
2011-04-19,0
2011-04-20,1.51905418006955
2011-04-21,1.22274570573566
2011-04-26,1.21085441577238
2011-04-27,-2.43360012150804
2011-04-28,-0.689780407467477
2011-04-29,-0.693075770571028
2011-05-02,-0.694900625313544
2011-05-04,0.558702623282503
2011-05-05,0.41698798249632
2011-05-06,-1.25470653986861
2011-05-09,-1.84129089341569
2011-05-10,2.40004832441585
2011-05-11,0.415159128403175
2011-05-12,-1.04341451503265
2011-05-13,0.907216513001607
2011-05-16,3.95265430157759
2011-05-17,-1.54803425047216
2011-05-18,1.54803425047216
2011-05-19,-1.07397182217204
2011-05-20,0.807280010109945
2011-05-23,-0.134335816358266
2011-05-24,1.06823723193754
2011-05-25,3.5224456628284
2011-05-26,-1.29086044597777
2011-05-27,3.00730006721066
2011-05-30,1.62340353485799
2011-05-31,1.05063492577315
2011-06-01,0
2011-06-02,-0.185150950874657
2011-06-03,-0.0622347594586792
2011-06-06,-1.54975637781822
2011-06-07,2.22432413164499
2011-06-08,0.184021713909388
2011-06-09,0.607490739687222
2011-06-10,1.32517531214562
2011-06-13,0.773720587127613
2011-06-14,0.178783553565776
2011-06-15,-0.714489966201359
2011-06-16,-0.479178586164775
2011-06-17,0.479178586164775
2011-06-20,-3.09021783702939
2011-06-21,-0.926733927060663
2011-06-22,0.369858954074687
2011-06-24,-0.993833604292238
2011-06-27,-0.627892553372877
2011-06-28,-4.63258816411951
2011-06-29,0.131859737379258
2011-06-30,0.0665727118971837
2011-07-01,-1.92573446147586
2011-07-04,-1.89438241655573
2011-07-05,-1.23747101493512
2011-07-06,-1.04355543042098
2011-07-07,3.36812885180189
2011-07-08,-2.46169449690923
2011-07-11,0.895335567694122
2011-07-12,-1.59128467656258
2011-07-13,1.79801530644168
2011-07-14,1.83145397521054
2011-07-15,-0.202975103757019
2011-07-18,-4.97179716702094
2011-07-19,-1.57110731928478
2011-07-20,0.716361983994673
2011-07-21,1.48877031139065
2011-07-22,-1.34426828012808
2011-07-25,1.76472928856377
2011-07-26,-0.984347992791523
2011-07-27,-1.42610658744688
2011-07-28,5.24506509539338
2011-07-29,-0.138001930438492
2011-08-01,0.951852025650712
2011-08-02,-0.813850095212221
2011-08-03,-3.04462003521113
2011-08-04,-3.86388926677945
2011-08-05,-1.02866447102761
2011-08-08,-2.69151055942052
2011-08-09,-6.97985140595918
2011-08-10,-5.94137800461438
2011-08-11,0.172520981823565
2011-08-12,3.21899573112336
2011-08-16,4.95949148042527
2011-08-17,1.57083269616409
2011-08-18,-1.65113683101659
2011-08-19,-1.19679535633654
2011-08-22,2.77056274442211
2011-08-23,-0.785483645660356
2011-08-24,0
2011-08-25,6.10963596905236
2011-08-26,-4.15820708038659
2011-08-29,3.41520926681591
2011-08-30,0.149362826794786
2011-08-31,-2.41206460729231
2011-09-01,0.379052495566157
2011-09-02,0.379252739078328
2011-09-05,-6.25119357824397
2011-09-06,-1.54376993845826
2011-09-07,6.80622826370954
2011-09-08,0.988735252992701
2011-09-09,-2.2990656560804
2011-09-12,2.68013637094375
2011-09-13,3.77361139522314
2011-09-14,0
2011-09-15,-0.434507079638369
2011-09-16,-2.96433810556085
2011-09-19,-2.66664964585015
2011-09-20,1.37912717440436
2011-09-21,-1.76738010952189
2011-09-22,-7.23064704154623
2011-09-23,2.14313574368816
2011-09-26,-1.31203919130227
2011-09-27,7.17289809887198
2011-09-28,-1.3946808652574
2011-09-29,-4.87456460507607
2011-09-30,0.408386562763763
2011-10-03,1.1353833756945
2011-10-04,-4.95990018287342
2011-10-05,3.58003725949425
2011-10-06,-0.575739364761407
2011-10-07,3.15721196720009
2011-10-10,0.873114309321643
2011-10-11,1.09971162589453
2011-10-12,3.37815193453332
2011-10-13,-3.53475585132568
2011-10-14,2.85410914168231
2011-10-17,0.379252739078328
2011-10-18,-0.302305100602762
2011-10-19,-1.223412945766
2011-10-20,-2.17723929194413
2011-10-21,4.9836959391742
2011-10-24,1.70575742320134
2011-10-25,-3.97523127705535
2011-10-26,0.988735252992701
2011-10-27,1.50439654585304
2011-10-28,1.48209947820961
2011-10-31,0.733679006385479
2011-11-02,-0.881062968215485
2011-11-03,-1.78414723529032
2011-11-04,1.85707397885562
2011-11-07,0.29275646972442
2011-11-08,-0.957400916098639
2011-11-09,-2.93174542584556
2011-11-10,0.457299130821109
2011-11-14,-5.30075485255166
2011-11-15,-1.04696662776425
2011-11-16,2.71253180628799
2011-11-17,-1.26631496224974
2011-11-18,-0.319961739974595
2011-11-21,-0.802675266390995
2011-11-22,2.31091179093035
2011-11-23,0.161102996594931
2011-11-24,1.55855171041042
2011-11-25,-0.856130883660011
2011-11-28,4.58115450982133
2011-11-29,-1.9573780810032
2011-11-30,6.90693562474003
2011-12-01,0.919658719258187
2011-12-02,1.25910966553553
2011-12-05,-3.10541950217997
2011-12-06,2.19883041866948
2011-12-07,2.35677273744184
2011-12-08,-1.10206619757323
2011-12-09,-4.39041367319817
2011-12-12,-6.03996517993144
2011-12-13,1.22248698678717
2011-12-14,-2.53555469189237
2011-12-15,2.38335388841477
2011-12-16,-2.23083435395042
2011-12-19,0.777409116907979
2011-12-20,0.690577312415996
2011-12-21,1.89793758859205
2011-12-22,0.224833693585769
2011-12-23,2.73950441197508
2011-12-27,1.4483054830146
2011-12-28,-1.08582421051713
2011-12-29,-0.362481272497472
2011-12-30,1.37390533078241
2012-01-02,-1.08350177998897
2012-01-03,4.13303531440423
2012-01-04,0
2012-01-05,-2.04363162808159
2012-01-09,1.2023703704279
2012-01-10,-1.70251376119523
2012-01-11,-1.15288914179201
2012-01-12,0
2012-01-13,-0.292267624918363
2012-01-16,-1.0226003150529
2012-01-17,-1.18186447452562
2012-01-18,-2.55738571471271
2012-01-19,1.88790699506605
2012-01-20,0.223657944991729
2012-01-23,-0.299396601914559
2012-01-24,-0.60149584705691
2012-01-25,1.05025527576625
2012-01-26,0.816735538263558
2012-01-27,-1.7146579860241
2012-01-30,0.748559620965761
2012-01-31,2.21577848459509
2012-02-01,-1.54619391104731
2012-02-02,1.25021460243264
2012-02-03,1.0227540131714
2012-02-06,8.2723423720461
2012-02-07,0
2012-02-08,-0.603813485648352
2012-02-09,-0.201118517877141
2012-02-10,-0.471825675874538
2012-02-13,-0.542805529273327
2012-02-14,-0.816822770062675
2012-02-15,-0.413889520791155
2012-02-16,-0.688176676782071
2012-02-17,1.44077002327423
2012-02-20,-2.97678771827332
2012-02-21,-0.42345612061272
2012-02-22,-0.781790792277626
2012-02-23,0.284717312100646
2012-02-24,-0.140726600662422
2012-02-27,-0.49872353683309
2012-02-28,2.05100257909319
2012-02-29,1.87231125560272
2012-03-01,-4.20831745535644
2012-03-02,3.10021107347955
2012-03-05,-1.39769731228432
2012-03-06,-1.2023703704279
2012-03-07,2.60006768271221
2012-03-08,-2.31648391598593
2012-03-09,-3.17877075876813
2012-03-12,-4.42284113026385
2012-03-13,0.0759451910367304
2012-03-14,2.34710060764325
2012-03-15,0.374908924453887
2012-03-16,4.0893300096478
2012-03-19,-1.29566645400496
2012-03-20,-0.0734311928066944
2012-03-21,1.2271617409751
2012-03-22,-1.80712794175548
2012-03-23,0
2012-03-26,-0.733679006385479
2012-03-27,2.18198448940008
2012-03-28,-0.721530778457868
2012-03-29,-1.60783767277222
2012-03-30,-0.0729799654799912
2012-04-02,2.40234841671008
2012-04-03,3.1854731583465
2012-04-04,-3.54714281923041
2012-04-05,1.007241718714
2012-04-10,2.81866990309076
2012-04-11,1.24345302405224
2012-04-12,2.37363893932505
2012-04-13,-0.807280010109945
2012-04-16,0
2012-04-17,1.74118142568922
2012-04-18,-2.42014996162982
2012-04-19,0.812757547389698
2012-04-20,0.539155182302586
2012-04-23,-2.03257249308768
2012-04-24,-3.48679691287002
2012-04-25,-1.0688062432413
2012-04-26,-4.92379887532204
2012-04-27,3.69663713434694
2012-04-30,0.868339282234221
2012-05-02,1.49786736361683
2012-05-04,0.636004760912545
2012-05-07,-2.78363890982947
2012-05-08,-5.05039927472115
2012-05-09,2.92893088015687
2012-05-10,-2.54746661162351
2012-05-11,-3.39539558879771
2012-05-14,0.546228345785593
2012-05-15,-4.87851203003808
2012-05-16,-1.65181214655128
2012-05-17,-8.06650820518025
2012-05-18,-3.21253225108595
2012-05-21,-1.1253439701592
2012-05-22,1.86793402603747
2012-05-23,-2.91159935833707
2012-05-24,1.97998093214458
2012-05-25,-3.80740509208013
2012-05-28,0.579602990283767
2012-05-29,5.6282594147349
2012-05-30,-1.46883888674605
2012-05-31,3.63818881908795
2012-06-01,-1.7125267006636
2012-06-04,5.21927156901665
2012-06-05,-3.15163426704665
2012-06-06,2.63414460677835
2012-06-08,2.14363158605582
2012-06-11,-2.14363158605582
2012-06-12,4.07577917949022
2012-06-13,-1.34203569064599
2012-06-14,0
2012-06-15,4.45378200375366
2012-06-18,-3.27851911938266
2012-06-19,1.48926794115232
2012-06-20,-1.1577887940458
2012-06-21,-2.77687305109859
2012-06-22,3.1090399398388
2012-06-25,-1.5017077305111
2012-06-26,0.838061694664383
2012-06-27,-1.08813430976431
2012-06-28,-1.4455793173457
2012-06-29,4.10605346557635
2012-07-02,0.405529859659204
2012-07-03,-0.488601756973228
2012-07-04,1.95064930252125
2012-07-05,1.12083666098952
2012-07-06,0.950575877702864
2012-07-09,0.0781011279470611
2012-07-10,-0.314473686157335
2012-07-11,-0.395769878582897
2012-07-12,-2.40983853768881
2012-07-13,2.88389429987985
2012-07-16,0.0782246447506907
2012-07-17,4.09824494511213
2012-07-18,4.87987106832506
2012-07-19,-0.869292487083495
2012-07-20,-1.76318422181785
2012-07-23,-3.16035830634842
2012-07-24,2.34339956007101
2012-07-25,0.0739609327067292
2012-07-26,1.48209947820961
2012-07-27,-1.03627870355467
2012-07-30,0.520277590403406
2012-07-31,3.27117702751005
2012-08-01,-2.02149690797331
2012-08-02,0.218273839634708
2012-08-03,3.1528579503461
2012-08-06,2.99159930788599
2012-08-07,-2.63808389257232
2012-08-08,1.67313877052742
2012-08-09,0.964945122044902
2012-08-10,0
2012-08-13,0.816822770062675
2012-08-14,-0.887653708435021
2012-08-16,1.43045923770835
2012-08-17,-0.271034467785558
2012-08-20,0.404823479234651
2012-08-21,1.20760109125948
2012-08-22,-3.04531386069424
2012-08-23,2.10765372053414
2012-08-24,-0.812018781233537
2012-08-27,0.677139390802584
2012-08-28,-0.677139390802584
2012-08-29,-1.22608927681256
2012-08-30,-6.67607453711971
2012-08-31,-0.145585770970946
2012-09-03,2.18198448940008
2012-09-04,-3.66408396760969
2012-09-05,-2.34000123749398
2012-09-06,1.2166754065043
2012-09-07,-2.13733545781034
2012-09-10,0.230546696578227
2012-09-11,0.767412811724277
2012-09-12,-0.845307988648258
2012-09-13,3.10800976914578
2012-09-14,1.70039872966932
2012-09-17,1.53045811024848
2012-09-18,-2.63314175447871
2012-09-19,-2.48136437037045
2012-09-20,-4.82833892161914
2012-09-21,-0.240926651155515
2012-09-24,1.35027336674085
2012-09-25,1.17784603348596
2012-09-26,3.67623583651344
2012-09-27,-1.51414215953176
2012-09-28,-0.767412811724277
2012-10-01,0.0761791239808574
2012-10-02,3.17709430056654
2012-10-03,-2.48586061282312
2012-10-04,0.758305234644485
2012-10-05,0.603504096881569
2012-10-08,0.152332828005708
2012-10-09,-3.67623583651344
2012-10-10,-1.57128916396942
2012-10-11,0.866585998137737
2012-10-12,1.32603642137745
2012-10-15,-1.48011313463829
2012-10-16,-0.239204124541992
2012-10-17,0.15614130563204
2012-10-18,2.64419575488715
2012-10-19,1.67385741733073
2012-10-22,2.16102173417516
2012-10-23,0.736386183356963
2012-10-24,-0.366723456058704
2012-10-25,-0.294985464642128
2012-10-26,-0.589398928128393
2012-10-29,0.295133702306227
2012-10-30,-2.39724533359835
2012-10-31,1.20499994393848
2012-11-02,-3.81508703696722
2012-11-05,-0.935529773794119
2012-11-06,-1.10490848523099
2012-11-07,1.33961272224505
2012-11-08,0.781181787128027
2012-11-09,0.0769475289300381
2012-11-12,-1.80197215972022
2012-11-13,0.392513863842314
2012-11-14,2.33652356325988
2012-11-15,1.52571804636876
2012-11-16,-0.150221278025153
2012-11-19,0.680717868114922
2012-11-20,-1.595060605597
2012-11-21,-2.08962329805154
2012-11-22,0
2012-11-23,3.4555812841238
2012-11-26,-1.98130382557968
2012-11-27,1.98130382557968
2012-11-28,2.02095394508648
2012-11-29,0.9582659674928
2012-11-30,-0.294117859081666
2012-12-03,4.45832621167996
2012-12-04,-3.43424365450105
2012-12-05,0.14410352884493
2012-12-06,-3.24997784379066
2012-12-07,-0.90470426629583
2012-12-10,4.01057858124156
2012-12-11,1.87426391621583
2012-12-12,-1.00497142913234
2012-12-13,-0.432921333320202
2012-12-14,-0.582252388409366
2012-12-17,1.59156205437956
2012-12-18,-1.66379710408071
2012-12-19,-0.368266575060883
2012-12-20,0.295979308614669
2012-12-21,-3.72017503044813
2012-12-27,0.980670618473045
2012-12-28,0.150146542144469
2013-01-02,1.70829490161513
2013-01-03,-1.111556684054
2013-01-04,-2.25924092473715
2013-01-07,-1.14822430845614
2013-01-08,-3.1297054677272
2013-01-09,-2.98534819396039
2013-01-10,3.06235881667511
2013-01-11,-0.316979199157341
2013-01-14,0.794828425713501
2013-01-15,-0.395769878582897
2013-01-16,0
2013-01-17,-0.399058547130604
2013-01-18,0.239968576442617
2013-01-21,6.31401186859488
2013-01-22,-2.95393546824094
2013-01-23,0.5365749754632
2013-01-24,0.912963946924705
2013-01-25,0.755836924887276
2013-01-28,1.12074858335252
2013-01-29,-0.671585564301314
2013-01-30,1.56113215281417
2013-01-31,2.6901273042224
2013-02-01,-1.88239017570302
2013-02-04,-3.42061498893766
2013-02-05,-0.153254236334366
2013-02-06,-1.9873441857837
2013-02-07,1.38017579157896
2013-02-08,-0.151136840439747
2013-02-11,0.758305234644485
2013-02-12,0
2013-02-13,0.0766564767404887
2013-02-14,1.35377913640582
2013-02-15,1.55606041091634
2013-02-18,0.733679006385479
2013-02-19,0.57996620078038
2013-02-20,-1.23924338642967
2013-02-21,0.438950383479764
2013-02-22,-0.733716131525952
2013-02-25,-2.46473812618762
2013-02-26,-0.528445906165764
2013-02-27,-0.225929599549435
2013-02-28,-0.920436251673973
2013-03-01,-3.91327147755707
2013-03-04,-3.41192688085954
2013-03-05,-0.331610216520328
2013-03-06,0.331610216520328
2013-03-07,0.41031346143745
2013-03-08,-1.82821756573563
2013-03-11,3.05615635979626
2013-03-12,1.37033706808722
2013-03-13,-0.561166756588527
2013-03-14,-0.323579837672661
2013-03-15,-0.322882131933344
2013-03-18,-1.96841111392994
2013-03-19,-4.05516274879365
2013-03-20,-1.127761308505
2013-03-21,-5.09612890724163
2013-03-22,1.82090199982325
2013-03-25,3.71365153189398
2013-03-26,-1.92912605902595
2013-03-27,2.96320758433559
2013-03-28,1.53316690297074
2013-04-02,1.92733566712633
2013-04-03,-1.25179239309476
2013-04-04,-0.337201189706615
2013-04-05,-0.0817520415414386
2013-04-08,-0.680218906033048
2013-04-09,0.761970947574486
2013-04-10,-0.928626969738122
2013-04-11,1.51708230219683
2013-04-12,0
2013-04-15,-3.6699342200313
2013-04-17,-8.1679624887419
2013-04-18,0.956635434105069
2013-04-19,-8.03346123536333
2013-04-22,0.2244131885762
2013-04-23,0.806333619891486
2013-04-24,1.27207163922707
2013-04-25,-1.03487987716999
2013-04-26,1.58755537629514
2013-04-29,3.42562039470891
2013-04-30,8.61660445827863
2013-05-02,-0.174928803459196
2013-05-06,-2.90717037540773
2013-05-07,2.55450284659235
2013-05-08,-0.526596155515024
2013-05-09,0.598361975403483
2013-05-10,0.0188771850902381
2013-05-13,1.64924787648526
2013-05-14,0.946122808954852
2013-05-15,3.60523061258808
2013-05-16,-2.84121777208677
2013-05-17,3.33319321004204
2013-05-20,1.61107396631186
2013-05-21,-4.06656644550596
2013-05-22,-2.39678246540556
2013-05-23,-3.6977987832516
2013-05-24,-0.180918886078452
2013-05-27,2.82243869543484
2013-05-28,2.06666793721824
2013-05-29,1.85569150068878
2013-05-31,-4.09668164064723
2013-06-03,-4.81750034392969
2013-06-04,0.0905173323772601
2013-06-05,0.457235605312611
2013-06-06,-0.950167967662452
2013-06-07,0.769878279602665
2013-06-10,0.902103200468574
2013-06-11,-2.09587039842809
2013-06-12,0.459461338249367
2013-06-13,-1.87077911633948
2013-06-14,-2.82583114771531
2013-06-17,-1.54854191093574
2013-06-18,1.18339627700923
2013-06-19,0.462430967039529
2013-06-20,-5.32606778851892
2013-06-21,-5.94715162776573
2013-06-24,3.89695085725545
2013-06-25,0.313553077200091
2013-06-26,-1.01537308310422
2013-06-27,-2.9384091145185
2013-06-28,2.91822046271539
2013-07-01,-0.251578110631678
2013-07-02,0.06070621750629
2013-07-03,0.582699990291413
2013-07-04,0.0223438722859903
2013-07-05,1.64633744055593
2013-07-08,1.05369985053771
2013-07-09,1.95958036062409
2013-07-10,3.84453587179934
2013-07-11,0.325736523612097
2013-07-12,3.17851299916079
2013-07-15,-1.95070556779364
2013-07-16,0.413319539582258
2013-07-17,0.0925106654344976
2013-07-18,2.63449804248306
2013-07-19,-2.89817783455928
2013-07-22,-1.75466283461119
2013-07-23,0.378745680051162
2013-07-24,1.48872032500988
2013-07-25,-1.86746600506105
2013-07-26,-2.31149805092548
2013-07-29,0.93185246617189
2013-07-30,-0.0603280616584989
2013-07-31,-3.19903810722293
2013-08-01,-2.15879469074709
2013-08-02,5.22248237594081
2013-08-05,2.52459169210999
2013-08-06,-1.10116846575115
2013-08-07,0.0184867563458813
2013-08-08,2.95061573544273
2013-08-09,-5.71607599332924
2013-08-12,-0.588722820235921
2013-08-13,0.0976541845995271
2013-08-14,-1.68833650768301
2013-08-16,-4.09218074385573
2013-08-19,-2.96383899502768
2013-08-20,-0.65052968598116
2013-08-21,2.54529906792462
2013-08-22,1.28017281760475
2013-08-23,0
2013-08-26,1.03556173490733
2013-08-27,-2.71874515046013
2013-08-28,0
2013-08-29,0.127681907038246
2013-08-30,0.298049250842158
2013-09-02,1.83904432315307
2013-09-03,0.247268478978979
2013-09-04,-2.93501291369926
2013-09-05,-1.0687898303086
2013-09-06,1.49175878399541
2013-09-09,1.2650361402212
2013-09-10,2.47865668533955
2013-09-11,3.01328021116181
2013-09-12,3.69462773944744
2013-09-13,0
2013-09-16,-3.69462773944744
2013-09-17,4.90795226332823
2013-09-18,-0.547645379757844
2013-09-19,0.474528145206232
2013-09-20,-2.46626443287901
2013-09-23,-3.96348016666592
2013-09-24,0.402197488933753
2013-09-25,-0.0215824233582573
2013-09-26,0.219922468975842
2013-09-27,0.401939304574572
2013-09-30,-1.81175747587998
2013-10-01,-0.567343230168538
2013-10-02,1.77882135585636
2013-10-03,0
2013-10-04,0.600279350192157
2013-10-07,0.0964826781248984
2013-10-08,0
2013-10-09,2.16653236051489
2013-10-10,4.84655609939604
2013-10-11,-0.89706498680262
2013-10-14,0.522761364213453
2013-10-15,-3.11834718823758
2013-10-16,-1.64582724404876
2013-10-17,1.64582724404876
2013-10-18,-2.62651735431776
2013-10-21,4.0949423637981
2013-10-22,1.39089369140657
2013-10-23,-1.99823889134567
2013-10-24,1.60540606513653
2013-10-25,-15.9382135060062
2013-10-28,-7.62681486515637
2013-10-29,4.29566043252469
2013-10-30,-5.12945825153279
2013-10-31,-0.742132826261122
2013-11-04,3.55163458896626
2013-11-05,2.30037504218572
2013-11-06,-0.848118952275989
2013-11-07,-3.21358126686917
2013-11-08,1.78637088550824
2013-11-12,1.81897641445596
2013-11-13,-1.63633253166511
2013-11-14,-0.649523919599471
2013-11-15,0.369166280208288
2013-11-18,0.791485100100697
2013-11-19,-0.0472630946223962
2013-11-20,4.11891735002494
2013-11-21,-0.442706252077363
2013-11-22,-1.1214800333907
2013-11-25,0.222884507319021
2013-11-26,-2.20203157776311
2013-11-27,-0.0692914972414638
2013-11-28,-4.68017969426309
2013-11-29,2.21407471664397
2013-12-02,-2.24001976517703
2013-12-03,-3.68155948999407
2013-12-04,-0.0754086917315711
2013-12-05,0.0754086917315711
2013-12-06,0
2013-12-09,-0.123915753154824
2013-12-10,-1.13583676839575
2013-12-11,-2.50941381200755
2013-12-12,-3.35150678113907
2013-12-13,-1.08121729927504
2013-12-16,0.352970714040168
2013-12-17,0.993850991046497
2013-12-18,-1.13080737582547
2013-12-19,-2.49485209955154
2013-12-20,5.48237824293447
2013-12-23,3.26035643175606
2013-12-27,-3.26035643175606
2013-12-30,0.0565866923202485
2014-01-02,4.76662005839632
2014-01-03,3.13010860152181
2014-01-07,1.92597395352689
2014-01-08,-0.241297991604306
2014-01-09,0.241297991604306
2014-01-10,0
2014-01-13,-0.935055690382436
2014-01-14,-0.503335001364835
2014-01-15,-2.69157290249766
2014-01-16,0.317464818642454
2014-01-17,0.199566342194135
2014-01-20,1.1996127582079
2014-01-21,0.317306571708542
2014-01-22,1.85471511188759
2014-01-23,-1.92543184195975
2014-01-24,-2.71420953087311
2014-01-27,1.24407998784752
2014-01-28,1.71088542306275
2014-01-29,-2.20398964071804
2014-01-30,-3.40812375024089
2014-01-31,-2.21110040716441
2014-02-03,1.30573985731965
2014-02-04,-1.04040535214409
2014-02-05,2.07285880742023
2014-02-06,-2.59856590549585
2014-02-07,-2.64170639162389
2014-02-10,-0.0291010682146098
2014-02-11,-2.90277714838401
2014-02-12,1.27128556156229
2014-02-13,1.61111579900872
2014-02-14,0.0203757878129984
2014-02-17,3.3261029919716
2014-02-18,-3.86600595380848
2014-02-19,-4.72462771279116
2014-02-20,-4.37073861329154
2014-02-21,6.06208513119602
2014-02-24,6.24399161656206
2014-02-25,-3.34541029562918
2014-02-26,-5.68189093925402
2014-02-27,-4.93004984494538
2014-02-28,-2.91590906670485
2014-03-03,-23.0179551321499
2014-03-04,8.8143899857855
2014-03-05,-6.87388078481668
2014-03-06,0.993228713652305
2014-03-07,0.914404052670648
2014-03-10,-1.90763276632295
2014-03-11,-3.9194205883661
2014-03-12,-7.47443406325345
2014-03-13,2.97246265690743
2014-03-14,0.413669654649018
2014-03-17,7.12160109722402
2014-03-18,4.73743806373945
2014-03-19,1.39701898062992
2014-03-20,3.58594163447115
2014-03-21,1.39314727322901
2014-03-24,-2.10088585389525
2014-03-25,2.62300235288744
2014-03-26,0.174672533494169
2014-03-27,1.19956409160045
2014-03-28,-2.06850241251249
2014-03-31,1.75983750955147
2014-04-01,5.77368650173238
2014-04-02,0.644046547552968
2014-04-03,0.165534403423306
2014-04-04,-0.103426886417601
2014-04-07,-4.98945646268103
2014-04-08,1.33978810265454
2014-04-09,-0.333267943872428
2014-04-10,3.27678223934025
2014-04-11,0.964520985759965
2014-04-14,-5.24782338388232
2014-04-15,-2.73093399812239
2014-04-16,0.349650705872939
2014-04-17,-0.659404456926627
2014-04-22,4.21218893670021
2014-04-23,0.731950067804377
2014-04-24,-4.28473454757796
2014-04-25,0
2014-04-28,-0.521202922183672
2014-04-29,-2.98925520808475
2014-04-30,0.103784291762654
2014-05-02,1.3167375327904
2014-05-05,-4.3235739161529
2014-05-06,-0.551840533357373
2014-05-07,3.45489262495722
2014-05-08,3.51045813026842
2014-05-09,-0.454038740554363
2014-05-12,-0.936897874009546
2014-05-13,-0.809016963577314
2014-05-14,-4.245234793988
2014-05-15,-2.4617367896572
2014-05-16,0
2014-05-19,2.90037731434567
2014-05-20,-2.33371182973521
2014-05-21,1.18762429427632
2014-05-22,-1.64069950298154
2014-05-23,1.0887643338934
2014-05-26,11.4542583442826
2014-05-27,-2.61985743078799
2014-05-28,-6.44479621560774
2014-05-29,0.183877518994624
2014-05-30,1.62063020483783
2014-06-02,8.55007372785126
2014-06-03,-0.623341844803926
2014-06-04,1.21123715393665
2014-06-05,0.521627677192615
2014-06-06,1.1594936540166
2014-06-09,4.69591996380871
2014-06-10,3.75207600915735
2014-06-11,0.148967555796586
2014-06-12,-0.120424669917085
2014-06-13,-0.591548333143477
2014-06-16,-1.24859191374265
2014-06-17,-0.122810434930187
2014-06-18,-0.815005728891238
2014-06-20,1.95328168459734
2014-06-23,1.90958507727519
2014-06-24,0.494384435727735
2014-06-25,-3.90184737885724
2014-06-26,-0.909615856890333
2014-06-27,2.16741294032419
2014-06-30,-0.746320133994649
2014-07-01,-2.33575339108265
2014-07-02,-1.63954487384097
2014-07-03,2.61641385873399
2014-07-04,-2.30778199242589
2014-07-07,-0.591260498976087
2014-07-08,-0.50330292533638
2014-07-09,-2.51354807063215
2014-07-10,-0.034731870313065
2014-07-11,0
2014-07-14,-0.711176084401899
2014-07-15,-1.8360152786677
2014-07-16,0.266899323933822
2014-07-17,-0.663222256332041
2014-07-18,-0.333267943872428
2014-07-21,-1.67955589625977
2014-07-22,-1.53758638698713
2014-07-23,2.71334475144003
2014-07-24,0.169415197770251
2014-07-25,0
2014-07-28,0
2014-07-29,0.0684056119274246
2014-07-30,-4.8635416381027
2014-07-31,1.63397429355321
2014-08-01,-0.761197705284911
2014-08-04,-1.04673571393614
2014-08-05,-2.85645956446476
2014-08-06,-3.30611895456179
2014-08-07,-2.38727322067338
2014-08-08,4.75427117079814
2014-08-11,0.215995528435275
2014-08-12,-1.2831571519738
2014-08-13,1.10253828710198
2014-08-14,-1.10253828710198
2014-08-18,0.0754702027837784
2014-08-19,-0.334089321604258
2014-08-20,0.334089321604258
2014-08-21,2.83418194945804
2014-08-22,-1.37182759520975
2014-08-25,-0.254667405058262
2014-08-26,0.1411266846016
2014-08-27,0.328523116074875
2014-08-28,-2.19884512742787
2014-08-29,-4.66530704403634
2014-09-01,-5.3823300982216
2014-09-02,-3.16988724559462
2014-09-03,5.64140892800915
2014-09-04,0.951286258502515
2014-09-05,3.00787188679035
2014-09-08,-2.56956398705785
2014-09-09,-0.238064985113695
2014-09-10,1.52900427647822
2014-09-11,-2.92624970643249
2014-09-12,-0.198738508340579
2014-09-15,1.00261172494607
2014-09-16,-0.480687620843234
2014-09-17,0
2014-09-18,-1.12487125358705
2014-09-19,1.00433744648436
2014-09-22,1.86059818167514
2014-09-23,-0.0803637560434556
2014-09-24,0.198676961765587
2014-09-25,-1.18093212190389
2014-09-26,0
2014-09-29,-1.16045485007943
2014-09-30,-0.0389147124141065
2014-10-01,-0.602947149484212
2014-10-02,0.685082677715698
2014-10-03,0
2014-10-06,1.07449351132223
2014-10-07,-1.96427563552892
2014-10-08,-2.87926485872165
2014-10-09,2.06504218500148
2014-10-10,-1.80960275775277
2014-10-13,-0.502536167749446
2014-10-14,0.667999166392441
2014-10-15,-4.58521251866353
2014-10-16,-4.53111688676131
2014-10-17,0.454179961743995
2014-10-20,0.223887954905555
2014-10-21,3.33244652328681
2014-10-22,0.656170333328943
2014-10-23,0.340445705994252
2014-10-24,1.50635876726035
2014-10-27,6.87146091265616
2014-10-28,3.24361867219007
2014-10-29,1.98221325455306
2014-10-30,-2.99034510039768
2014-10-31,2.99034510039768
2014-11-03,-3.10345543691612
2014-11-04,-1.5673176376672
2014-11-05,-0.0851933941457439
2014-11-06,-2.68640641988154
2014-11-07,-3.68282001544054
2014-11-10,-2.52036887575215
2014-11-12,-0.5183415374022
2014-11-13,2.99782640958672
2014-11-14,2.70735015283221
2014-11-17,0.608413833401977
2014-11-18,2.7784983092491
2014-11-19,-3.35154051916695
2014-11-20,1.5484463347514
2014-11-21,-1.13816672537577
2014-11-24,-0.330739172128602
2014-11-25,-1.27582802335624
2014-11-26,8.67242622853337
2014-11-27,5.04745649318865
2014-11-28,5.43114738943835
2014-12-01,6.21575951506483
2014-12-02,-1.69095033583688
2014-12-03,-2.32169868245431
2014-12-04,-0.202568345629084
2014-12-05,1.86894508173658
2014-12-08,-0.964189878714894
2014-12-09,-1.71185621774934
2014-12-10,-2.19213147368609
2014-12-11,1.95457996864583
2014-12-12,-1.47069604973153
2014-12-15,-3.47585139699089
2014-12-16,-7.05978759264565
2014-12-17,2.30832809413357
2014-12-18,3.63806028262852
2014-12-19,5.92447257418569
2014-12-22,3.37549832096244
2014-12-23,-2.59810795728819
2014-12-29,-1.42802031237967
2014-12-30,-2.56999054010798
2015-01-02,-3.06214977755803
2015-01-05,-3.69588277476973
2015-01-07,4.99057486519203
2015-01-08,6.37077312976642
2015-01-09,-1.55504872500773
2015-01-12,7.10412260648359
2015-01-13,4.10243533688126
2015-01-14,-2.18265265437974
2015-01-15,-0.504304457717852
2015-01-16,-5.52944693255748
2015-01-19,1.05239884897932
2015-01-20,5.44641519257674
2015-01-21,3.47390405261385
2015-01-22,-1.2065924334971
2015-01-23,-1.59198178489302
2015-01-26,-3.98402478852824
2015-01-27,0.766471641479738
2015-01-28,-2.38036358005145
2015-01-29,1.89985743862136
2015-01-30,-0.15494003478369
2015-02-02,-1.77998789588538
2015-02-03,-2.30637529443114
2015-02-04,0
2015-02-05,-1.67955589625977
2015-02-06,1.57540605474202
2015-02-09,-1.57540605474202
2015-02-10,2.50531261257732
2015-02-11,0.17073348388692
2015-02-12,4.67267673720211
2015-02-13,-0.789979591833756
2015-02-16,0
2015-02-17,0.633840936168983
2015-02-18,0.531907137229348
2015-02-19,-1.83460100164732
2015-02-20,0.350419487339293
2015-02-23,-1.28397166532288
2015-02-24,-2.81123205026166
2015-02-25,-2.48882442870819
2015-02-26,0.849827308407081
2015-02-27,7.62303641778725
2015-03-02,-0.560206648668116
2015-03-03,-0.979433097399696
2015-03-04,1.0741460903068
2015-03-05,0.465493655761007
2015-03-06,0
2015-03-09,1.09111464713147
2015-03-10,-2.15684409453027
2015-03-11,-1.46303125227272
2015-03-12,0.800980579637089
2015-03-13,0.157377979042517
2015-03-16,2.81784737593305
2015-03-17,2.7373822424166
2015-03-18,3.97516680202927
2015-03-19,3.65552051079194
2015-03-20,7.88457945974126
2015-03-23,-1.8106616663776
2015-03-24,-5.90626814178647
2015-03-25,0
2015-03-26,-1.68623816550766
2015-03-27,-1.13196056772917
2015-03-30,7.59018560850566
2015-03-31,-2.3312558601253
2015-04-01,3.46553712664295
2015-04-02,2.55553379277478
2015-04-07,-2.89729859040366
2015-04-08,2.43999751798358
2015-04-09,0.638540137847832
2015-04-10,-0.387592057169472
2015-04-13,-2.71924294738919
2015-04-14,-2.15123577078913
2015-04-15,-0.159168882813354
2015-04-16,-1.82086251285205
2015-04-17,5.56710857788922
2015-04-20,-0.91081691808661
2015-04-21,-1.36912721594316
2015-04-22,2.65585825578492
2015-04-23,-2.11220075791738
2015-04-24,-2.24193100040586
2015-04-27,-0.886432397129244
2015-04-28,-1.18142347840791
2015-04-29,-1.41774375445944
2015-04-30,-0.261862987689021
2015-05-04,1.5372495201714
2015-05-05,-1.104192185135
2015-05-06,0.708682042024078
2015-05-07,0.285637969803387
2015-05-08,1.12564893415477
2015-05-11,0.278711069212889
2015-05-12,-1.54707700199177
2015-05-13,0.142716998624115
2015-05-14,-0.566117953165746
2015-05-15,2.66242121624627
2015-05-18,1.51308037959677
2015-05-19,0.81344190060828
2015-05-20,0
2015-05-21,0.13919072794204
2015-05-22,0
2015-05-25,0.269308889788711
2015-05-26,-0.950058346407801
2015-05-27,1.59345588718214
2015-05-28,3.08543362969189
2015-05-29,-0.0245495834623188
2015-06-01,0.17989047888558
2015-06-02,0.567527625402731
2015-06-03,-0.747418104288311
2015-06-05,-0.262237912519003
2015-06-08,-0.260185014975312
2015-06-09,-0.365400079622935
2015-06-10,-0.0275277343660285
2015-06-11,-3.05823973530934
2015-06-12,2.64164718600699
2015-06-15,-0.346179223266985
2015-06-16,1.02672573390383
2015-06-17,0
2015-06-18,-1.18498217007077
2015-06-19,0.266393031529244
2015-06-22,2.21716696751511
2015-06-23,0.100237055463515
2015-06-24,0
2015-06-25,-0.227710255892966
2015-06-26,-0.98729869775096
2015-06-29,0.232701494370646
2015-06-30,-1.67932142682172
2015-07-01,1.36436053653211
2015-07-02,-0.258185157703439
2015-07-03,-0.789666702142444
2015-07-06,1.04785185984588
2015-07-07,1.2972683495629
2015-07-08,-0.747418104288311
2015-07-09,0
2015-07-10,0
2015-07-13,0.774491961936929
2015-07-14,0.771225913008333
2015-07-15,0.866570455340421
2015-07-16,2.28000609465968
2015-07-17,-1.17036957168821
2015-07-20,2.76879230355038
2015-07-21,5.68865480346505
2015-07-22,2.50461174411711
2015-07-23,0.646962133319207
2015-07-24,-0.873799970715128
2015-07-27,-5.01074745616243
2015-07-28,1.2211552351828
2015-07-29,1.37135524747527
2015-07-30,0.599223770932333
2015-07-31,0.437479665093976
2015-08-03,-0.27861192515215
2015-08-04,-1.00802187889264
2015-08-05,2.64450878174562
2015-08-06,0.897458530492345
2015-08-07,-1.21027723239315
2015-08-10,0.336477261678025
2015-08-11,0
2015-08-12,0
2015-08-13,1.58880640491872
2015-08-14,0.968519352777264
2015-08-17,-0.794049986043399
2015-08-18,-0.755900293350242
2015-08-19,-1.23235810745279
2015-08-20,-0.680388017867362
2015-08-21,-2.99976457741291
2015-08-24,-7.76145728881574
2015-08-25,-1.55652462713047
2015-08-26,-3.90662849234942
2015-08-27,4.16010721721811
2015-08-28,6.21522230123288
2015-08-31,0.53007671382761
2015-09-01,-2.2300078966659
2015-09-02,3.06483982571395
2015-09-03,2.67273745577308
2015-09-04,-0.950050496173649
2015-09-07,1.15887460139192
2015-09-08,-1.86564353493845
2015-09-09,3.01363993577195
2015-09-10,-1.86613671224727
2015-09-11,1.98117291340085
2015-09-14,2.00609008562727
2015-09-15,-2.21229055670333
2015-09-16,0.342634303888945
2015-09-17,1.10847947560839
2015-09-18,-0.631231331838844
2015-09-21,0.858069169234765
2015-09-22,-2.62084296043761
2015-09-23,2.62084296043761
2015-09-24,1.64793879367959
2015-09-25,1.01404114288273
2015-09-28,-1.54478099995776
2015-09-29,-0.959189352405687
2015-09-30,0.959189352405687
2015-10-01,0
2015-10-02,-0.224314882477117
2015-10-05,-1.77476161355132
2015-10-06,5.10587263161906
2015-10-07,7.22622532999462
2015-10-08,1.75056892202758
2015-10-09,3.13957258757358
2015-10-12,3.19165535385912
2015-10-13,-2.05165576293491
2015-10-14,-0.64613193111609
2015-10-15,1.35897495558917
2015-10-16,2.26062074030144
2015-10-19,0.182578247038023
2015-10-20,-0.0192030725505887
2015-10-21,0.929030060476776
2015-10-22,-7.21018712987491
2015-10-23,2.19455639383175
2015-10-26,0.285677379069194
2015-10-27,-0.285677379069194
2015-10-28,0.285677379069194
2015-10-29,-0.285677379069194
2015-10-30,-0.57180273165609
2015-11-02,1.12443912971445
2015-11-03,1.14734602508322
2015-11-04,0.3749697644996
2015-11-05,-0.563968521392999
2015-11-06,0
2015-11-09,-2.46783258520851
2015-11-10,0
2015-11-12,-1.94161056288884
2015-11-13,-2.04099331963596
2015-11-16,-2.01915544403128
2015-11-17,3.07502107155684
2015-11-18,-0.19986266099572
2015-11-19,-4.87682825707614
2015-11-20,-1.36371257390611
2015-11-23,-2.89405647485901
2015-11-24,3.31683392933448
2015-11-25,-3.31683392933448
2015-11-26,3.42059471486271
2015-11-27,1.79101431823185
2015-11-30,-0.18656721829502
2015-12-01,2.89348012107484
2015-12-02,-0.181580219647559
2015-12-03,-2.34127624495675
2015-12-04,-2.18712243508898
2015-12-07,-9.57901286779719
2015-12-08,4.88214515948444
2015-12-09,-2.95643643789627
2015-12-10,0
2015-12-11,-2.29628719868127
2015-12-14,0.463008917610219
2015-12-15,3.68043066355632
2015-12-16,2.59760872754264
2015-12-17,0.0228305290825404
2015-12-18,0.455519395594539
2015-12-21,0.516773588858044
2015-12-22,-0.995123513535123
2015-12-23,0.239460985378903
2015-12-28,1.48546124433646
2015-12-29,2.74050397532339
2015-12-30,0
2016-01-04,0
2016-01-05,-0.50129807375745
2016-01-07,-1.57932944240908
2016-01-08,-1.77700478740652
2016-01-11,1.09468315050183
2016-01-12,4.06459890887763
2016-01-13,-0.371410489575075
2016-01-14,-4.355338087514
2016-01-15,-2.17469395305478
2016-01-18,-3.0838776756728
2016-01-19,-2.05979514612746
2016-01-20,-2.81826859952545
2016-01-21,-2.40951118257193
2016-01-22,1.90810620109527
2016-01-25,2.3915019972907
2016-01-26,0
2016-01-27,0.879534633262091
2016-01-28,2.76362731876096
2016-01-29,1.01229735863275
2016-02-01,-1.89400944587335
2016-02-02,0.452521790622118
2016-02-03,1.17175921364265
2016-02-04,-0.312856776361592
2016-02-05,-0.631036210035818
2016-02-08,0.539110357078609
2016-02-09,-0.878725707309869
2016-02-10,0.79143581677763
2016-02-11,-2.04585103996795
2016-02-12,-0.159120531186741
2016-02-15,3.16567046997771
2016-02-16,4.16202171620581
2016-02-17,1.10385011482319
2016-02-18,1.34375094452728
2016-02-19,0
2016-02-22,1.03400030926308
2016-02-23,0.598086615871685
2016-02-24,-1.5074408927489
2016-02-25,0.18558754685416
2016-02-26,7.6750154283415
2016-02-29,-3.30450742520845
2016-03-01,-1.8078112329234
2016-03-02,5.30405392046305
2016-03-03,0.285910072748097
2016-03-04,0.876777175696386
2016-03-07,5.44730865002765
2016-03-08,-0.811071340310265
2016-03-09,-0.545667505474512
2016-03-10,0.18158365002785
2016-03-11,0.778021596404921
2016-03-14,-0.778021596404921
2016-03-15,0
2016-03-16,0.544680252683083
2016-03-17,1.25699979096696
2016-03-18,2.60836867644669
2016-03-21,-1.73628912593409
2016-03-22,-1.76886206349125
2016-03-23,0.720322921479832
2016-03-24,1.04853914201142
2016-03-29,-3.31171112413902
2016-03-30,-2.05039801977072
2016-03-31,-0.432509619297017
2016-04-01,-1.03775637228596
2016-04-04,4.41227998220324
2016-04-05,-1.0551105590531
2016-04-06,-3.54647095722824
2016-04-07,4.34791707540816
2016-04-08,-2.01968613984094
2016-04-11,0.925205168336563
2016-04-12,0.181320214794312
2016-04-13,-0.717556049119761
2016-04-14,0.717556049119761
2016-04-15,-4.61851076190651
2016-04-18,-2.01833484382909
2016-04-19,2.67013058918901
2016-04-20,-2.57338394461772
2016-04-21,3.08739021634707
2016-04-22,0.656157286283809
2016-04-25,1.33669985745435
2016-04-26,-2.63527692455616
2016-04-27,0.7002549521963
2016-04-28,2.82279184466669
2016-04-29,-3.30644455818971
2016-05-02,2.81680944547835
2016-05-04,-2.76072981092965
2016-05-05,-1.23093974301338
2016-05-06,0.29551686317526
2016-05-09,-0.787277826553323
2016-05-10,0.374121049602172
2016-05-11,2.64364336215208
2016-05-12,-0.481451224697116
2016-05-13,-0.270469309523014
2016-05-16,-1.12549752187894
2016-05-17,0.642404794912377
2016-05-18,2.18710165543383
2016-05-19,0.28542960865261
2016-05-20,-2.49254407235049
2016-05-23,2.6817293645268
2016-05-24,-0.378729173605707
2016-05-25,1.50638585672875
2016-05-27,1.11698753995388
2016-05-30,0.844271119977957
2016-05-31,-0.570287920312573
2016-06-01,-0.460874189853078
2016-06-02,0
2016-06-03,0
2016-06-06,0
2016-06-07,-0.390162297336172
2016-06-08,0.111083458073846
2016-06-09,0.279078839262326
2016-06-10,-3.20024207066965
2016-06-13,-4.99684764598816
2016-06-14,-3.1657138125555
2016-06-15,2.66305406358458
2016-06-16,0.160211430084622
2016-06-17,1.93745058254651
2016-06-20,2.25014029864381
2016-06-21,1.53529576166584
2016-06-22,0
2016-06-23,0.0176687117023899
2016-06-24,-1.92048710816644
2016-06-27,0.946024322706807
2016-06-28,1.90452029071433
2016-06-29,-0.282400787537007
2016-06-30,0.282400787537007
2016-07-01,0
2016-07-04,-0.94772621695709
2016-07-05,-0.956794073757239
2016-07-06,-0.966037130970854
2016-07-07,0.966037130970854
2016-07-08,2.18612582148765
2016-07-11,3.78674567159436
2016-07-12,1.97282983120339
2016-07-13,1.58567706261348
2016-07-14,-0.455145547041624
2016-07-15,0.663962745923996
2016-07-18,3.0583640031101
2016-07-19,-0.169321445646453
2016-07-20,2.98781410585844
2016-07-21,0.345312393501818
2016-07-22,0.782680749990483
2016-07-25,-2.05298717561577
2016-07-26,-1.92664211351659
2016-07-27,3.37759266035427
2016-07-28,1.4451626737702
2016-07-29,-0.321385731023316
2016-08-01,-0.340829681358379
2016-08-02,0.58238172830789
2016-08-03,-0.0482637540261344
2016-08-04,0.128097438099939
2016-08-05,-0.161396362852351
2016-08-08,0.307592790466593
2016-08-09,0
2016-08-10,0
2016-08-11,-0.452572277104046
2016-08-12,-3.80880271098532
2016-08-16,-3.2108651412778
2016-08-17,0.656160973439679
2016-08-18,1.71094943397039
2016-08-19,-2.19373663635762
2016-08-22,0.482787202387236
2016-08-23,0.860014856363822
2016-08-24,-0.25758204817139
2016-08-25,-0.68777524989887
2016-08-26,1.13371276457448
2016-08-29,-1.30461645923807
2016-08-30,1.56105387801801
2016-08-31,1.24989642619013
2016-09-01,-2.20874751972948
2016-09-02,1.51687166112682
2016-09-05,1.52857089694409
2016-09-06,0.582402852132624
2016-09-07,2.21110800947946
2016-09-08,1.52856969152806
2016-09-09,-0.559310488676523
2016-09-12,-1.94631802739496
2016-09-13,0.18034877927855
2016-09-14,0.47208333157478
2016-09-15,0.8095993742117
2016-09-16,-1.62580679498259
2016-09-19,0.40977789400376
2016-09-20,-0.392881435461234
2016-09-21,-1.83635308353534
2016-09-22,2.52162747462643
2016-09-23,2.46123944625047
2016-09-26,-1.05331695857158
2016-09-27,-3.89513958379579
2016-09-28,-0.0843264688786149
2016-09-29,0.0499160903690843
2016-09-30,-1.31121592455976
2016-10-03,-0.713901301509612
2016-10-04,-1.19950208226847
2016-10-05,0.602432808192432
2016-10-06,1.63300401460278
2016-10-07,0.654785897113097
2016-10-10,0
2016-10-11,0.334396588429531
2016-10-12,-1.05698440224025
2016-10-13,0.303880348797492
2016-10-14,0.418707465013224
2016-10-17,0
2016-10-18,-1.69072063763984
2016-10-19,2.24170519213009
2016-10-20,-0.485396068095945
2016-10-21,0.168950992692452
2016-10-24,2.00207911610715
2016-10-25,0.897560442021739
2016-10-26,-0.325149033632854
2016-10-27,1.45491654715206
2016-10-28,-0.645682905182277
2016-10-31,1.54006811359135
2016-11-02,-1.86364441126061
2016-11-03,-0.69908666176266
2016-11-04,-2.24399742834365
2016-11-07,-3.24182597768532
2016-11-08,0.379601342746305
2016-11-09,0.0513306145278669
2016-11-10,3.29319489096171
2016-11-14,-4.24085019741005
2016-11-15,-0.347166648499897
2016-11-16,2.2353340129623
2016-11-17,0.390157344974895
2016-11-18,2.01216814744223
2016-11-21,3.77999079693128
2016-11-22,0.0626009048152909
2016-11-23,-0.607894565707578
2016-11-24,0.466162777586199
2016-11-25,0
2016-11-28,-0.804746693017311
2016-11-29,2.39019863176368
2016-11-30,2.48968863464167
2016-12-01,0
2016-12-02,0.29249263929767
2016-12-05,0.776867830132755
2016-12-06,-0.472635938044252
2016-12-07,0.0157381177536386
2016-12-08,-0.15276435530156
2016-12-09,0.15276435530156
2016-12-12,0.456897820290614
2016-12-13,0
2016-12-14,-1.22306404200252
2016-12-15,-3.90494623560711
2016-12-16,4.67111245731902
2016-12-19,-1.16817841034864
2016-12-20,-1.14815868537459
2016-12-21,0.917025792704607
2016-12-22,-3.68985574665244
2016-12-23,-2.72081098734356
2016-12-27,3.90269829429366
2016-12-28,0.584119528626115
2016-12-29,-0.0944025851778107
2016-12-30,0.86580627431152
2017-01-02,-0.550394758820349
2017-01-03,2.32012589147095
2017-01-04,-0.292258538977919
2017-01-05,-1.24205316443478
2017-01-09,3.45546909938683
2017-01-10,-2.66140035906837
2017-01-11,6.14579642016002
2017-01-12,6.14798452691696
2017-01-13,1.2399493259279
2017-01-16,1.26611178026081
2017-01-17,-1.07649333046211
2017-01-18,-2.46212273599449
2017-01-19,1.21043317474196
2017-01-20,0.573825095686775
2017-01-23,0.988006920626372
2017-01-24,0.363157929095603
2017-01-25,1.99312110601335
2017-01-26,0.982530341512344
2017-01-27,4.1344561728085
2017-01-30,-2.51849891420575
2017-01-31,2.30694052776634
2017-02-01,-1.66806172375615
2017-02-02,-1.20475427122892
2017-02-03,-0.958798040263975
2017-02-06,-0.272756146553377
2017-02-07,-0.0134555093786126
2017-02-08,-0.0659581795225961
2017-02-09,3.90705120648178
2017-02-10,-0.82046007875336
2017-02-13,-2.111091291163
2017-02-14,-0.648827367639448
2017-02-15,-0.131616076158636
2017-02-16,2.79095278812376
2017-02-17,-1.75215256191841
2017-02-20,1.91668856842897
2017-02-21,0.630818446250014
2017-02-22,-0.378013349334694
2017-02-23,1.00487740843604
2017-02-24,-1.25768250535137
2017-02-27,0.756506019080128
2017-02-28,-1.3913290595343
2017-03-01,0.381377219242829
2017-03-02,-0.637755589875066
2017-03-03,-1.66058782575069
2017-03-06,-0.0120471445066883
2017-03-07,-0.065615482251058
2017-03-08,-2.96780275983739
2017-03-09,-1.07656210255183
2017-03-10,-0.54265867433072
2017-03-13,0.935225476245272
2017-03-14,0.0263942045416243
2017-03-15,0.148511099698379
2017-03-16,1.52092616532435
2017-03-17,-1.01183616892708
2017-03-20,0.428224900690211
2017-03-21,-0.0810979886788132
2017-03-22,-0.441002892178588
2017-03-23,-0.847480331149608
2017-03-24,-1.77209687879341
2017-03-27,-0.925866595423219
2017-03-28,-0.431668759129877
2017-03-29,-0.825484894756556
2017-03-30,2.55380512380574
2017-03-31,-2.03491660438093
2017-04-03,0.628015486616906
2017-04-04,1.58472912313261
2017-04-05,-0.136871312966935
2017-04-06,-3.0610172998256
2017-04-07,-2.57486981076287
2017-04-10,0.463519247668742
2017-04-11,-0.463519247668742
2017-04-12,-1.72376495732687
2017-04-13,1.36159212546101
2017-04-18,1.08409015612709
2017-04-19,2.1669336148725
2017-04-20,-4.67951163283198
2017-04-21,0.730383741807117
2017-04-24,0.65311514156603
2017-04-25,2.57939350929766
2017-04-26,0.716619240161176
2017-04-27,1.41801378822697
2017-04-28,-2.85642478947885
2017-05-02,1.43841100125188
2017-05-04,-4.97957202231527
2017-05-05,3.06149424399926
2017-05-08,-1.71900915855403
2017-05-09,2.16922432440212
2017-05-10,-2.15417450948641
2017-05-11,0.634541787836618
2017-05-12,0.0881867224041599
2017-05-15,-1.24174776554815
2017-05-16,-0.239292535581193
2017-05-17,-0.975186383962168
2017-05-18,0.975186383962168
2017-05-19,0.387427274563112
2017-05-22,-1.51278224328824
2017-05-23,2.01751042314928
2017-05-24,1.61301033002275
2017-05-25,0.0295718005467016
2017-05-26,-1.05369728386426
2017-05-29,0.441258300087544
2017-05-30,-0.265117819868443
2017-05-31,-0.825157619776551
2017-06-01,1.13340228528731
2017-06-02,0.976512464731805
2017-06-05,2.85642478947885
2017-06-06,-0.140326783913292
2017-06-07,0.140326783913292
2017-06-08,-1.70433662730503
2017-06-09,-0.142740644138151
2017-06-12,-4.25044814961577
2017-06-13,-4.51709761141981
2017-06-14,1.01317989304075
2017-06-16,-0.777967935007329
2017-06-19,0.777967935007329
2017-06-20,1.96519004093059
2017-06-21,0.847391015773091
2017-06-22,0.990499381664467
2017-06-23,1.11283153307928
2017-06-26,-3.22446377901322
2017-06-27,1.63284607789587
2017-06-28,-2.55233198443365
2017-06-29,2.82164630902884
2017-06-30,-3.0516699604819
2017-07-03,0.384639913836171
2017-07-04,1.37319661894963
2017-07-05,0
2017-07-06,0.302781360520576
2017-07-07,1.49879431608611
2017-07-10,-0.0453645045659812
2017-07-11,-2.82244638756
2017-07-12,-0.306961403430339
2017-07-13,0.62694179418683
2017-07-14,0.746254824762804
2017-07-17,-0.746254824762804
2017-07-18,0.958451601497412
2017-07-19,0.240866006312856
2017-07-20,0.211238579061401
2017-07-21,-2.28437310644489
2017-07-24,-3.01587850769369
2017-07-25,-1.05354557314428
2017-07-26,1.05354557314428
2017-07-27,0.930806566308462
2017-07-28,0.346034900901859
2017-07-31,-0.360412471915872
2017-08-01,-1.13917859105248
2017-08-02,1.48367104510436
2017-08-03,-1.27704606037504
2017-08-04,-0.781930631846794
2017-08-07,-0.20824867202256
2017-08-08,-0.594588399663465
2017-08-09,0.33856477740617
2017-08-10,0.592584679410013
2017-08-11,0.589093789709683
2017-08-14,0
2017-08-16,-1.0527693648096
2017-08-17,0.175961724858276
2017-08-18,-2.20378725343551
2017-08-21,1.0758665106156
2017-08-22,-0.341367614662946
2017-08-23,0.163408168804402
2017-08-24,-2.63188476089447
2017-08-25,-0.836554621042218
2017-08-28,-1.86647498163808
2017-08-29,-1.41381635129481
2017-08-30,0.708530790958317
2017-08-31,4.56819248394105
2017-09-01,0.820086604359194
2017-09-04,0.488512666806606
2017-09-05,0.891365307094549
2017-09-06,-0.242611138131199
2017-09-07,-1.13726683576996
2017-09-08,-2.04771575293998
2017-09-11,0.732665847495095
2017-09-12,-0.999036327607161
2017-09-13,-1.00911786637736
2017-09-14,2.99564297084984
2017-09-15,-3.41870200453416
2017-09-18,0.423059033684314
2017-09-19,-1.8410793751249
2017-09-20,-1.94509900647297
2017-09-21,-0.527177610569307
2017-09-22,-0.566003649267177
2017-09-25,0.741442290756478
2017-09-26,-0.175438641489301
2017-09-27,-0.353601445392115
2017-09-28,-0.888605760436612
2017-09-29,-0.646108773352694
2017-10-02,2.37984042337187
2017-10-03,-4.44979589288668
2017-10-04,-2.05660839080801
2017-10-05,0.0171241022156376
2017-10-06,-3.60280676519342
2017-10-09,-0.0197250331034127
2017-10-10,-4.5277049404834
2017-10-11,-0.0412898969489817
2017-10-12,-0.814824698379191
2017-10-13,-1.50814071782115
2017-10-16,0.518561839958354
2017-10-17,-2.15500848372434
2017-10-18,-2.18051465970497
2017-10-19,-0.585762834066683
2017-10-20,4.86029433566624
2017-10-23,2.67568242777987
2017-10-24,-0.200930910486274
2017-10-25,1.32319942340562
2017-10-26,0.676216987197975
2017-10-27,1.90299751946452
2017-10-30,-1.70604024374401
2017-10-31,-3.41674461420727
2017-11-02,-1.33856807991304
2017-11-03,0.723797098866319
2017-11-06,-0.0209060691080065
2017-11-07,-0.18625681611768
2017-11-08,-0.82874564606934
2017-11-09,-2.31187118918341
2017-11-10,-3.22236558231821
2017-11-13,2.15318530787276
2017-11-14,-0.0655651741294783
2017-11-15,1.13474544857493
2017-11-16,4.69532152332222
2017-11-17,-0.529375292791867
2017-11-20,-0.0808935671504418
2017-11-21,-0.143279887461434
2017-11-22,0.0207779256066853
2017-11-23,-0.410122466412632
2017-11-24,-0.535476513765998
2017-11-27,-1.3301156725706
2017-11-28,-0.376904931772826
2017-11-29,0.355648687671151
2017-11-30,-0.586324370385727
2017-12-01,0.900456309308151
2017-12-04,0.686373482683411
2017-12-05,0.474531608972661
2017-12-06,1.23038119608361
2017-12-07,3.30500961114115
2017-12-08,-0.276636439825317
2017-12-11,0.45464182698769
2017-12-12,-0.732045667411896
2017-12-13,-2.91456262070811
2017-12-14,-0.0414585109895338
2017-12-15,-0.941575542939344
2017-12-18,1.75515895190714
2017-12-19,-0.608531608161789
2017-12-20,-0.983508816632161
2017-12-21,-1.28282378301177
2017-12-22,0
2017-12-27,0.0423217730675329
2017-12-28,0.415915136511336
2017-12-29,-1.46226567961887
2018-01-03,3.47292866853404
2018-01-04,0.204218522833877
2018-01-05,0
2018-01-08,-0.611837622489997
2018-01-09,2.0216806034246
2018-01-10,-1.00470520454663
2018-01-11,-1.01697539887797
2018-01-12,0
2018-01-15,-1.43884369658678
2018-01-16,0.413514301309181
2018-01-17,1.0253293952776
2018-01-18,1.01697539887797
2018-01-19,-1.73276530035382
2018-01-22,-0.723053795110928
2018-01-23,5.44014958146186
2018-01-24,3.84734220486331
2018-01-25,1.86860984750767
2018-01-26,-1.86860984750767
2018-01-29,-0.949499164826184
2018-01-30,-0.956647389089271
2018-01-31,-2.13660557534507
2018-02-01,0
2018-02-02,-0.59254687527579
2018-02-05,-3.21334908520208
2018-02-06,-2.58330897694727
2018-02-07,-0.315383729357999
2018-02-08,-0.314240470644478
2018-02-09,-0.953013053580598
2018-02-12,1.26725352422508
2018-02-13,-2.12255331556639
2018-02-14,1.80831284492191
2018-02-15,0.525316717659807
2018-02-16,-0.632426686984022
2018-02-19,0
2018-02-20,-0.420980904392998
2018-02-21,-0.424922179863385
2018-02-22,0.424922179863385
2018-02-23,1.26191386891255
2018-02-26,-1.90105924732298
2018-02-27,-0.534307650231947
2018-02-28,4.50727148058627
2018-03-01,0.814824698379191
2018-03-02,-0.814824698379191
2018-03-05,-0.410960911328839
2018-03-06,0
2018-03-07,0.10237660857606
2018-03-08,1.52937331044365
2018-03-09,2.59833961999392
2018-03-12,3.86772254522123
2018-03-13,0.190668842972785
2018-03-14,-0.190668842972785
2018-03-15,0.190668842972785
2018-03-16,-1.52781288133279
2018-03-19,0
2018-03-20,-0.385628493664703
2018-03-21,-0.580259105069736
2018-03-22,-2.15958383363852
2018-03-23,-0.795349500025377
2018-03-26,-1.00470520454663
2018-03-27,0.703536933279336
2018-03-28,0.301168271267294
2018-03-29,0
2018-04-03,-0.803774294060355
2018-04-04,0.803774294060355
2018-04-05,0.795349500025377
2018-04-06,-0.596425248901422
2018-04-09,0.20055310742304
2018-04-10,0.198131964051784
2018-04-11,0.397101883458184
2018-04-12,1.17994289400269
2018-04-13,1.74616683233868
2018-04-16,-1.74616683233868
2018-04-17,-0.195028818609178
2018-04-18,-1.91056590795857
2018-04-19,-2.57083567102065
2018-04-20,1.34507977241229
2018-04-23,1.32722724166303
2018-04-24,-1.53298863113105
2018-04-25,-0.103039679389649
2018-04-26,-0.932166252713618
2018-04-27,0
2018-04-30,-0.626306848956215
2018-05-02,5.40121081505838
2018-05-04,-0.198609797162952
2018-05-07,0.594649918772649
2018-05-08,0.394477829101625
2018-05-09,0.196656897204095
2018-05-10,0
2018-05-11,3.47525319908395
2018-05-14,2.62187303051191
2018-05-15,-0.55607186846971
2018-05-16,2.56894861153114
2018-05-17,-0.727275932908
