2011-05-11,-1.69461183605222
2011-05-12,-0.0204697815565424
2011-05-13,-1.15563590658132
2011-05-16,0.642524821341484
2011-05-17,-0.938076213499173
2011-05-18,0.220450066585576
2011-05-19,0.124275078132063
2011-05-20,-0.124275078132063
2011-05-23,-0.490839956512534
2011-05-24,0.490839956512534
2011-05-25,1.23073723215343
2011-05-26,-0.737138783257318
2011-05-27,0.123663547899211
2011-05-30,-1.58043487304171
2011-05-31,3.30597989486177
2011-06-01,-0.263538150145814
2011-06-02,-0.386424784908668
2011-06-03,-1.56856900542883
2011-06-06,1.10646215402137
2011-06-07,0
2011-06-08,0
2011-06-09,-1.23073723215343
2011-06-10,0
2011-06-13,0.124275078132063
2011-06-14,-0.591686991169516
2011-06-15,0.420768912528713
2011-06-16,-1.19418413903181
2011-06-17,0
2011-06-20,-0.753011641115187
2011-06-21,0
2011-06-22,0.753011641115187
2011-06-24,0
2011-06-27,0
2011-06-28,0
2011-06-29,0.499745934698792
2011-06-30,0.741081204841754
2011-07-01,5.54788233457524
2011-07-04,1.59980071910959
2011-07-05,-0.461749421274638
2011-07-06,0
2011-07-07,0.461749421274638
2011-07-08,-3.39015516756813
2011-07-11,0.117202611822798
2011-07-12,-0.282017232724563
2011-07-13,0.0449763881547938
2011-07-14,-0.0449763881547938
2011-07-15,-0.433307712316378
2011-07-18,-2.17463308733219
2011-07-19,-0.984772465566364
2011-07-20,-0.889958774032307
2011-07-21,-0.350868365508239
2011-07-22,2.10238997917065
2011-07-25,0.24626763254374
2011-07-26,0.122906759979591
2011-07-27,-1.23073723215343
2011-07-28,-0.98933376586583
2011-07-29,1.48293221476195
2011-08-01,-2.99084289747396
2011-08-02,-0.255319287633915
2011-08-03,-2.05005699919845
2011-08-04,-3.69617823607231
2011-08-05,-1.07756607674352
2011-08-08,-5.30429578548173
2011-08-09,-4.09309804066904
2011-08-10,-4.58207915363986
2011-08-11,6.06496946481907
2011-08-12,4.9603909159643
2011-08-16,-0.926342288062987
2011-08-17,-1.1386453462841
2011-08-18,-5.27806685626091
2011-08-19,4.04439563819463
2011-08-22,2.65644129674496
2011-08-23,-1.42277007867868
2011-08-24,0
2011-08-25,1.42277007867868
2011-08-26,1.39698227728111
2011-08-29,2.19934787739455
2011-08-30,-0.546035462378569
2011-08-31,2.9599992002221
2011-09-01,-0.560960403787103
2011-09-02,-0.316753127527525
2011-09-05,-0.998851452336424
2011-09-06,0.807754271880023
2011-09-07,0.804072299684844
2011-09-08,6.18631258292814
2011-09-09,-1.00439770382761
2011-09-12,-3.86517628829393
2011-09-13,-0.259203233501371
2011-09-14,0
2011-09-15,1.20208928919889
2011-09-16,2.54003285863553
2011-09-19,-0.886923774077975
2011-09-20,1.52056721075127
2011-09-21,1.75001846429161
2011-09-22,-2.76204649226632
2011-09-23,-1.27893411469886
2011-09-26,3.83820933100001
2011-09-27,2.88804663523412
2011-09-28,3.78058714836236
2011-09-29,1.77106812870038
2011-09-30,-2.00260330970012
2011-10-03,-1.90167565380523
2011-10-04,-4.33265167282633
2011-10-05,4.33265167282633
2011-10-06,0.733420864823264
2011-10-07,-1.18456256791575
2011-10-10,0
2011-10-11,0.711923948814919
2011-10-12,0.943053869936605
2011-10-13,-0.707692605788779
2011-10-14,-0.710244368392976
2011-10-17,-0.237040844569769
2011-10-18,0
2011-10-19,-0.691870803607531
2011-10-20,0.691870803607531
2011-10-21,-1.91937694701432
2011-10-24,1.32304835267099
2011-10-25,0.883201257559829
2011-10-26,-0.07475704310278
2011-10-27,1.44286219863781
2011-10-28,-2.08307245293788
2011-10-31,1.37537984714911
2011-11-02,-0.947285212962745
2011-11-03,1.18456256791575
2011-11-04,-0.237277354953003
2011-11-07,-0.354491626693276
2011-11-08,1.29533891959075
2011-11-09,-1.88813250586022
2011-11-10,-0.498366942260775
2011-11-14,-0.697867668204122
2011-11-15,0
2011-11-16,2.38079717838064
2011-11-17,0
2011-11-18,-1.18456256791575
2011-11-21,-3.61178627283372
2011-11-22,1.20483385161743
2011-11-23,-1.20483385161743
2011-11-24,1.1305957487032
2011-11-25,2.36120850703738
2011-11-28,-0.597046652253752
2011-11-29,-0.0201308505964004
2011-11-30,5.39109143520515
2011-12-01,-2.99895409651034
2011-12-02,0.583092031079291
2011-12-05,-0.11977073893048
2011-12-06,-0.699483763534214
2011-12-07,-0.682090426225956
2011-12-08,1.61609243575755
2011-12-09,-0.4646848510375
2011-12-12,0.442722114392247
2011-12-13,-0.442722114392247
2011-12-14,0.4646848510375
2011-12-15,-1.87680992859258
2011-12-16,0.235916520509782
2011-12-19,0.378783642837632
2011-12-20,0.165421925260079
2011-12-21,2.25386388340247
2011-12-22,-1.15717604341739
2011-12-23,0
2011-12-27,0
2011-12-28,1.95954419844466
2011-12-29,-0.756551349103951
2011-12-30,0.457017199938337
2012-01-02,-1.00820921551605
2012-01-03,0.505375209654391
2012-01-04,-0.461749421274638
2012-01-05,-0.463891441143005
2012-01-09,0.925640862417643
2012-01-10,-1.62186089445489
2012-01-11,-1.53153698815456
2012-01-12,0.827967050210088
2012-01-13,0.958191204164827
2012-01-16,-0.67715364615033
2012-01-17,0.118095720454248
2012-01-18,0.769121510513227
2012-01-19,-0.4646848510375
2012-01-20,0.696220032037242
2012-01-23,-0.600661066113206
2012-01-24,0.369125885113464
2012-01-25,-0.442624675692205
2012-01-26,-0.370766387929633
2012-01-27,0.930444263028241
2012-01-30,-0.117053199406403
2012-01-31,-1.45008439456054
2012-02-01,0.752244856414341
2012-02-02,-0.236162471385404
2012-02-03,0.586915231678597
2012-02-06,1.50426282127039
2012-02-07,6.66843719999473
2012-02-08,0
2012-02-09,-2.61518549748385
2012-02-10,-0.70893434228565
2012-02-13,0.0466417918903339
2012-02-14,0
2012-02-15,2.13375259790252
2012-02-16,1.7892154617952
2012-02-17,-0.431364407369816
2012-02-20,0.621740401349768
2012-02-21,0.236903382745179
2012-02-22,-3.29036762134334
2012-02-23,1.7879666023346
2012-02-24,0.429631630465055
2012-02-27,2.40325445612348
2012-02-28,-0.061697113210224
2012-02-29,-1.05694472827036
2012-03-01,-0.468886919744627
2012-03-02,-0.709732563252086
2012-03-05,0.966776256897495
2012-03-06,-4.12666916079334
2012-03-07,1.53746189657595
2012-03-08,3.51797899416
2012-03-09,-0.314549258108388
2012-03-12,0.104220957844392
2012-03-13,-3.307650693896
2012-03-14,2.62938045584815
2012-03-15,1.85264174874726
2012-03-16,-0.0394356327957368
2012-03-19,-3.57129031778598
2012-03-20,2.33213348203791
2012-03-21,1.48646773076107
2012-03-22,1.9610593607394
2012-03-23,2.91920612720724
2012-03-26,0.19965067774792
2012-03-27,-0.696343895804885
2012-03-28,1.48480056460492
2012-03-29,-2.36527107078892
2012-03-30,0.980842728236242
2012-04-02,-2.40078368616068
2012-04-03,1.09860799640091
2012-04-04,-1.93703409626305
2012-04-05,2.15911775441509
2012-04-10,-1.80784321616851
2012-04-11,1.48407109724871
2012-04-12,4.15381584549324
2012-04-13,-1.16783378410732
2012-04-16,0.195246329224741
2012-04-17,0
2012-04-18,-0.195246329224741
2012-04-19,-1.98001586205869
2012-04-20,-0.401594299262431
2012-04-23,-5.78514244407446
2012-04-24,1.47576354349486
2012-04-25,0.624926659100433
2012-04-26,0.416635458220993
2012-04-27,0.206582440032177
2012-04-30,0
2012-05-02,-0.662571623153818
2012-05-04,-0.273717803784201
2012-05-07,-0.940711694703866
2012-05-08,2.29105345881053
2012-05-09,0.207464470497287
2012-05-10,0.615532246463113
2012-05-11,0.404698474256238
2012-05-14,-1.22769519121664
2012-05-15,-1.45345378140367
2012-05-16,-1.58187389436928
2012-05-17,-4.45288019866701
2012-05-18,1.87094035727555
2012-05-21,1.40653769060362
2012-05-22,-1.18938233925281
2012-05-23,-0.107375814207344
2012-05-24,-0.877017353095333
2012-05-25,0.439470122763463
2012-05-28,0.654464578576341
2012-05-29,-1.95544998814801
2012-05-30,-0.24218725451548
2012-05-31,2.41408507781986
2012-06-01,-0.239259094893063
2012-06-04,-1.84429333871154
2012-06-05,1.21264001987189
2012-06-06,0.870912413732716
2012-06-08,-0.239259094893063
2012-06-11,1.7683166994058
2012-06-12,0.574386685392092
2012-06-13,-0.807764256926946
2012-06-14,-1.27292327981321
2012-06-15,-0.7628917108081
2012-06-18,0.109995886245118
2012-06-19,-1.78394600642156
2012-06-20,-0.114311055127514
2012-06-21,0.114311055127514
2012-06-22,0
2012-06-25,-0.0233181766242208
2012-06-26,0.79672442163865
2012-06-27,-0.32906963324848
2012-06-28,-0.44433661176595
2012-06-29,2.84784641741411
2012-07-02,1.3080027542959
2012-07-03,-1.41683396331458
2012-07-04,-0.541377965731948
2012-07-05,1.07984080521568
2012-07-06,0.750801530755085
2012-07-09,-1.7212206641235
2012-07-10,-0.0455778135097784
2012-07-11,-0.173385392374614
2012-07-12,-1.20369909450528
2012-07-13,-0.884396614121075
2012-07-16,0
2012-07-17,1.87094035727555
2012-07-18,-0.109900185070089
2012-07-19,-1.53746189657595
2012-07-20,0.570648049270428
2012-07-23,-3.72795931649366
2012-07-24,0.686712354424923
2012-07-25,0.790912242159747
2012-07-26,-0.790912242159747
2012-07-27,2.02527811764721
2012-07-30,0.221742519521584
2012-07-31,0.863595301252085
2012-08-01,-1.30991507847118
2012-08-02,-1.2347872324566
2012-08-03,2.76405381138636
2012-08-06,0.0207557396130209
2012-08-07,-1.10370254132368
2012-08-08,1.10370254132368
2012-08-09,-0.0207557396130209
2012-08-10,-1.08294680171066
2012-08-13,-0.784134159986438
2012-08-14,1.66853077410751
2012-08-16,-1.62154381212476
2012-08-17,-0.0681382998837687
2012-08-20,0.805285497887454
2012-08-21,2.63233642621916
2012-08-22,-0.434699183555676
2012-08-23,0
2012-08-24,-0.654464578576341
2012-08-27,1.28201035009337
2012-08-28,-1.72148047285683
2012-08-29,1.52863388489548
2012-08-30,-0.434699183555676
2012-08-31,2.15261019375936
2012-09-03,-1.95892429164459
2012-09-04,-0.193685902114771
2012-09-05,-1.31324062854241
2012-09-06,-0.684084432917276
2012-09-07,-0.646631958422894
2012-09-10,-0.537755643141802
2012-09-11,0.960757243736676
2012-09-12,-0.960757243736676
2012-09-13,0.0917873892093191
2012-09-14,2.8501471248858
2012-09-17,-2.5377606393318
2012-09-18,0.579901545597572
2012-09-19,0
2012-09-20,0.44433661176595
2012-09-21,-2.23931993561481
2012-09-24,0.227623097687779
2012-09-25,0.898304931374128
2012-09-26,0
2012-09-27,-0.78705310022209
2012-09-28,0.897310574297228
2012-10-01,0
2012-10-02,0.668320476049011
2012-10-03,0.200093133302426
2012-10-04,0.817143634112449
2012-10-05,-0.638329564660767
2012-10-08,-0.488429858091299
2012-10-09,0.265443609419247
2012-10-10,0.1556782190685
2012-10-11,-0.642864348009331
2012-10-12,0.221742519521584
2012-10-15,-0.892288031151578
2012-10-16,0.868969854527357
2012-10-17,-0.868969854527357
2012-10-18,0
2012-10-19,0
2012-10-22,-0.45032907631759
2012-10-23,-0.338489902206529
2012-10-24,-0.113876314173167
2012-10-25,0.902695292697286
2012-10-26,-2.01743823844471
2012-10-29,0.230171771322585
2012-10-30,1.56117654721135
2012-10-31,-2.04370680131758
2012-11-02,0.141879810740031
2012-11-05,-0.370754210475654
2012-11-06,-0.113426580524445
2012-11-07,0.296567987923568
2012-11-08,-1.57483569681389
2012-11-09,-1.04983323738863
2012-11-12,1.28435148338601
2012-11-13,-0.678184484277189
2012-11-14,5.22631967981013
2012-11-15,-2.02074655856048
2012-11-16,1.77563409268338
2012-11-19,-0.201207311341989
2012-11-20,-0.67205817384326
2012-11-21,-0.902368607498127
2012-11-22,-1.45949508202152
2012-11-23,1.20937286822436
2012-11-26,-0.54528631033488
2012-11-27,0.54528631033488
2012-11-28,0
2012-11-29,-1.28182263955416
2012-11-30,0.849185391404372
2012-12-03,-0.230226971086278
2012-12-04,-0.250012150035905
2012-12-05,-0.0915067369460676
2012-12-06,-0.437014035282957
2012-12-07,-0.787080463103473
2012-12-10,0.0219472048677005
2012-12-11,-0.280799608255666
2012-12-12,-0.839763320298026
2012-12-13,1.28136208611491
2012-12-14,1.79498184811511
2012-12-17,0.500871607857611
2012-12-18,0.678129451091314
2012-12-19,1.34261710746917
2012-12-20,2.52327029407153
2012-12-21,-3.64164824513389
2012-12-27,0
2012-12-28,-0.995198129189623
2013-01-02,2.11357608025198
2013-01-03,0
2013-01-04,0
2013-01-07,0
2013-01-08,2.19763724266349
2013-01-09,1.07984080521568
2013-01-10,4.00500185621486
2013-01-11,2.65256193659309
2013-01-14,0.601942339072625
2013-01-15,-2.4319696568992
2013-01-16,1.62716177342115
2013-01-17,-0.222356433535742
2013-01-18,0.825517466633263
2013-01-21,-1.02712402028171
2013-01-22,0.907203532119238
2013-01-23,-0.684398860784219
2013-01-24,-0.588855986686587
2013-01-25,1.09204957243501
2013-01-28,-0.0991697254938195
2013-01-29,-0.302335399486831
2013-01-30,0.904277738559456
2013-01-31,0.596254786989014
2013-02-01,-1.60222098631624
2013-02-04,0
2013-02-05,0.20115831584917
2013-02-06,1.59902683068309
2013-02-07,3.22215390849956
2013-02-08,0.863043250280526
2013-02-11,0.946762049345784
2013-02-12,-2.09847569942907
2013-02-13,-0.28950611885552
2013-02-14,0
2013-02-15,3.14134790263836
2013-02-18,-0.0963192368927501
2013-02-19,-4.50320914073323
2013-02-20,0.195246329224741
2013-02-21,0.194865860664217
2013-02-22,0.290567014339826
2013-02-25,3.16548308904343
2013-02-26,0.377392491070472
2013-02-27,-0.189506156441377
2013-02-28,2.32795733327125
2013-03-01,1.00455097733647
2013-03-04,-3.14300215416634
2013-03-05,2.41219684157854
2013-03-06,0.549082724202155
2013-03-07,0.726818090705805
2013-03-08,0.54214031258244
2013-03-11,3.36450455088313
2013-03-12,-0.606879194558374
2013-03-13,-0.972047644193941
2013-03-14,0.881893732491745
2013-03-15,-2.66747144462256
2013-03-18,4.57996604118991
2013-03-19,3.21628262905547
2013-03-20,6.29897408203686
2013-03-21,-1.42045728912654
2013-03-22,-1.59818070319702
2013-03-25,-3.44659880554277
2013-03-26,-1.0051928208922
2013-03-27,-0.765484294493746
2013-03-28,0.087323020509622
2013-04-02,7.51774671704766
2013-04-03,-4.83920345473772
2013-04-04,2.45140963810915
2013-04-05,0.481131331350682
2013-04-08,-0.481131331350682
2013-04-09,0
2013-04-10,0.882829421821629
2013-04-11,-0.882829421821629
2013-04-12,0
2013-04-15,-0.242284709729645
2013-04-17,-0.276888495782401
2013-04-18,1.16016860234351
2013-04-19,-0.625766326198374
2013-04-22,-0.049079755586412
2013-04-23,0.0338506849533182
2013-04-24,0
2013-04-25,-1.594902934215
2013-04-26,1.27116011999133
2013-04-29,-0.813116551351811
2013-04-30,0.326381643274143
2013-05-02,0
2013-05-06,0.744458269557668
2013-05-07,0.597661788148507
2013-05-08,4.19309942193875
2013-05-09,3.17885469201489
2013-05-10,-0.745504939851394
2013-05-13,2.65053095629497
2013-05-14,-1.01459531340193
2013-05-15,0
2013-05-16,0
2013-05-17,-2.07484444518657
2013-05-20,0.287560830789513
2013-05-21,1.49083534166774
2013-05-22,2.19843132712461
2013-05-23,0
2013-05-24,-3.91671898609047
2013-05-27,0.97564819992364
2013-05-28,-0.59684791112149
2013-05-29,-3.51582743826189
2013-05-31,-2.52153077096455
2013-06-03,3.45054623922048
2013-06-04,0.306689289975548
2013-06-05,-0.462006508016177
2013-06-06,0.169865846858031
2013-06-07,0.446742511744169
2013-06-10,1.21874709217913
2013-06-11,0.603848384922312
2013-06-12,-0.756576034445189
2013-06-13,0.454315179700782
2013-06-14,0.453838235583337
2013-06-17,-1.82141637829609
2013-06-18,1.80721575502272
2013-06-19,-2.19035181828815
2013-06-20,-2.71391513141763
2013-06-21,1.08622368653988
2013-06-24,-2.37221660699296
2013-06-25,0.048671193488925
2013-06-26,2.29075261450875
2013-06-27,-4.36075659622324
2013-06-28,0.944529134730931
2013-07-01,1.87270131212083
2013-07-02,-0.270162261579099
2013-07-03,0.270162261579099
2013-07-04,-0.300225394383968
2013-07-05,0.300225394383968
2013-07-08,0
2013-07-09,-0.395484983949412
2013-07-10,-0.400412674676787
2013-07-11,3.15115502186814
2013-07-12,-1.23407841237215
2013-07-15,1.69660266739369
2013-07-16,0.3087794358831
2013-07-17,1.52657601489823
2013-07-18,-0.152727649522877
2013-07-19,-0.683763347760458
2013-07-22,0.836490997283335
2013-07-23,0
2013-07-24,-0.0906539071094059
2013-07-25,-1.43592210778882
2013-07-26,0
2013-07-29,0.767001935115896
2013-07-30,-0.905915524140966
2013-07-31,0.599498991388447
2013-08-01,-0.444445176042407
2013-08-02,0.367292119847562
2013-08-05,1.89856943449094
2013-08-06,0.0741260650134912
2013-08-07,1.93453186285186
2013-08-08,1.38975371203243
2013-08-09,-0.437109056044349
2013-08-12,0
2013-08-13,0.581880913303046
2013-08-14,-0.070073885112798
2013-08-16,-0.161661796101065
2013-08-19,-2.59300987616653
2013-08-20,-1.47386370553733
2013-08-21,-0.0143083123590237
2013-08-22,0.467931726945281
2013-08-23,0.314423434711752
2013-08-26,-0.76804684929801
2013-08-27,-0.607516876987013
2013-08-28,-0.567791475197854
2013-08-29,0.596576277021388
2013-08-30,0.578732075163479
2013-09-02,5.25189954961833
2013-09-03,-1.53517120000366
2013-09-04,-1.0268974902889
2013-09-05,-2.70413917168479
2013-09-06,1.8602916505273
2013-09-09,0.415820441699033
2013-09-10,1.87678228364403
2013-09-11,1.17212238151607
2013-09-12,0.759888922843821
2013-09-13,0.538626390797692
2013-09-16,0.692506085435074
2013-09-17,1.12122141801771
2013-09-18,0.221868750605836
2013-09-19,0.749535051856753
2013-09-20,-2.02171789928327
2013-09-23,1.56482124045318
2013-09-24,-1.63572856165022
2013-09-25,1.38682194774615
2013-09-26,1.39372556971633
2013-09-27,1.34479321109104
2013-09-30,-0.664425911122191
2013-10-01,0.135519738859813
2013-10-02,-0.815887038828667
2013-10-03,0.680367299968854
2013-10-04,-0.204339789455421
2013-10-07,0.0672067060408565
2013-10-08,0
2013-10-09,-1.61974864780623
2013-10-10,1.34778374970557
2013-10-11,0.54461772037504
2013-10-14,0
2013-10-15,0.406880531739429
2013-10-16,0.539474154191932
2013-10-17,1.9853850314985
2013-10-18,6.65006704495639
2013-10-21,0
2013-10-22,1.59213864136287
2013-10-23,0.845461658879021
2013-10-24,3.54055544922458
2013-10-25,1.7405416569126
2013-10-28,1.13624714972778
2013-10-29,0
2013-10-30,-5.2185964873531
2013-10-31,-2.0327364939404
2013-11-04,4.98761019894305
2013-11-05,-2.95487370500265
2013-11-06,1.12528201336399
2013-11-07,0.527218180838762
2013-11-08,0.11664672716547
2013-11-12,-1.53086295141733
2013-11-13,-0.238283969950892
2013-11-14,2.3515683014959
2013-11-15,2.75315187168408
2013-11-18,1.29244033902038
2013-11-19,0.223534392720293
2013-11-20,2.04004876431361
2013-11-21,-0.437361152208293
2013-11-22,-0.770305057939247
2013-11-25,-1.11099948418527
2013-11-26,0.112476725663235
2013-11-27,-0.112476725663235
2013-11-28,-2.25972863727613
2013-11-29,0.784711194733312
2013-12-02,1.75363437256202
2013-12-03,-0.895971799087114
2013-12-04,-1.07323251766838
2013-12-05,-1.14274624325184
2013-12-06,1.59597582826665
2013-12-09,-0.453229585014814
2013-12-10,-2.29992228666926
2013-12-11,-4.76232879545151
2013-12-12,-2.1808886512118
2013-12-13,-0.412787817251292
2013-12-16,-0.753954564694936
2013-12-17,-0.885079135220224
2013-12-18,2.46161001884069
2013-12-19,0.545512574739426
2013-12-20,-0.993232630034768
2013-12-23,0
2013-12-27,0.246950807229407
2013-12-30,2.89524875263778
2014-01-02,-0.0722887013806961
2014-01-03,0.144525183944033
2014-01-07,-0.144525183944033
2014-01-08,-3.82235195161895
2014-01-09,-2.02925582752869
2014-01-10,-0.642342703041621
2014-01-13,1.37143162708382
2014-01-14,1.91383908999967
2014-01-15,1.68614838881851
2014-01-16,1.88345344807743
2014-01-17,-0.336820031245466
2014-01-20,0
2014-01-21,1.59425581223047
2014-01-22,1.11351569192042
2014-01-23,0
2014-01-24,-0.223693003695047
2014-01-27,-0.366900109142687
2014-01-28,-0.391935353438022
2014-01-29,-0.499919804363902
2014-01-30,-2.52750808150877
2014-01-31,0.914580074932303
2014-02-03,0
2014-02-04,-1.72612936721377
2014-02-05,0.627625228060058
2014-02-06,1.43663002537258
2014-02-07,-1.71896131381111
2014-02-10,0.0490461818345445
2014-02-11,-0.381386250173499
2014-02-12,1.88365249102427
2014-02-13,0.553947809217625
2014-02-14,2.00487267877874
2014-02-17,3.77738268295493
2014-02-18,-0.809798622617297
2014-02-19,-0.37959856385319
2014-02-20,-1.27461461600351
2014-02-21,0.950516183781414
2014-02-24,0.783049674785108
2014-02-25,1.36553483803876
2014-02-26,-3.80103019538884
2014-02-27,-0.586664067679266
2014-02-28,-2.24604688064298
2014-03-03,-0.995615837597619
2014-03-04,0.281100052214178
2014-03-05,-0.218422971425802
2014-03-06,-0.0127880508627776
2014-03-07,-0.783179845373283
2014-03-10,-0.492296759350452
2014-03-11,-0.981459228750925
2014-03-12,-2.1538907723035
2014-03-13,0.635514912458746
2014-03-14,-2.30673536103101
2014-03-17,1.54416667436736
2014-03-18,-0.807545017468403
2014-03-19,3.31322637688718
2014-03-20,-3.40365755075931
2014-03-21,0.514500037255061
2014-03-24,-0.514500037255061
2014-03-25,2.11372386392883
2014-03-26,1.4151489168392
2014-03-27,0.507080698046902
2014-03-28,1.35001406258306
2014-03-31,0.970275645383278
2014-04-01,3.79205315006823
2014-04-02,1.23794418899568
2014-04-03,-0.934620185717261
2014-04-04,0.566415700164491
2014-04-07,-1.44111739349437
2014-04-08,0.455408756725095
2014-04-09,0.115968933326371
2014-04-10,-0.582421380127673
2014-04-11,-0.820636220669702
2014-04-14,-2.7507927410686
2014-04-15,-0.608478453585537
2014-04-16,-2.1808886512118
2014-04-17,1.1403581021856
2014-04-22,2.85496991931895
2014-04-23,0.11929803945252
2014-04-24,0.239421992013789
2014-04-25,-1.56468094817352
2014-04-28,0
2014-04-29,0.603534271858219
2014-04-30,0.36088367242666
2014-05-02,0.981401505977519
2014-05-05,-0.143537409892325
2014-05-06,1.18454785945179
2014-05-07,-0.17666648612078
2014-05-08,-0.120014614119412
2014-05-09,-1.72573085529679
2014-05-12,-1.57289639787042
2014-05-13,-1.35001406258306
2014-05-14,8.88804304551432
2014-05-15,0
2014-05-16,0.576220439189612
2014-05-19,-0.824531989696897
2014-05-20,0.891758090107508
2014-05-21,1.12782268875034
2014-05-22,0
2014-05-23,1.03912702793787
2014-05-26,-0.984350067854844
2014-05-27,1.36895706875038
2014-05-28,1.42414512010047
2014-05-29,3.39853942013395
2014-05-30,0.738711329536024
2014-06-02,0.710628796190882
2014-06-03,-1.76305726998613
2014-06-04,-0.546413327691297
2014-06-05,0.535426369199943
2014-06-06,0
2014-06-09,0.63634835911337
2014-06-10,-1.35199579661283
2014-06-11,-0.326995098247185
2014-06-12,0.843569643443676
2014-06-13,0.710880071186715
2014-06-16,-0.60634488558069
2014-06-17,0.209840609181366
2014-06-18,-0.158163578470916
2014-06-20,0.471554148354603
2014-06-23,-0.10398936961753
2014-06-24,-0.408244459797658
2014-06-25,-1.49010938771763
2014-06-26,-2.47595858457439
2014-06-27,-2.86561205364402
2014-06-30,0.156475222373587
2014-07-01,1.83346040516561
2014-07-02,0.251305652910983
2014-07-03,-0.153244374063632
2014-07-04,0.131366693240853
2014-07-07,-0.671317941201011
2014-07-08,2.04489207440712
2014-07-09,0.517751378933262
2014-07-10,-1.05989393687898
2014-07-11,0.487605778354183
2014-07-14,0.572288158524792
2014-07-15,0.054225647800088
2014-07-16,-1.29930270592284
2014-07-17,0.327837311793377
2014-07-18,-1.75560166848081
2014-07-21,-0.664918520109659
2014-07-22,1.31506772953962
2014-07-23,-2.03149640461868
2014-07-24,0.716428675079062
2014-07-25,0
2014-07-28,1.87390827047
2014-07-29,-1.32047118747494
2014-07-30,-0.57680702935059
2014-07-31,-3.56156730235924
2014-08-01,0.0121093229825675
2014-08-04,4.78983437642446
2014-08-05,0.820741431132355
2014-08-06,-0.163839611354621
2014-08-07,-1.76297554854061
2014-08-08,-2.70654436181132
2014-08-11,0.34115631099132
2014-08-12,0.22798493954852
2014-08-13,-0.397819093106833
2014-08-14,-0.37777756079409
2014-08-18,1.36522520919797
2014-08-19,0.551994546003165
2014-08-20,2.73811335660374
2014-08-21,3.56341737535999
2014-08-22,-0.848041982550374
2014-08-25,0.646408908465279
2014-08-26,4.13098318583556
2014-08-27,2.21003470006655
2014-08-28,-4.46566424506658
2014-08-29,-0.415537988115133
2014-09-01,3.88116251720092
2014-09-02,-1.81838622985744
2014-09-03,2.51820994026017
2014-09-04,4.37429647072376
2014-09-05,1.89067745246456
2014-09-08,-2.03067747533119
2014-09-09,-0.421179924662685
2014-09-10,1.51593608125697
2014-09-11,2.3284166757243
2014-09-12,-1.3924953569874
2014-09-15,-0.147195944343625
2014-09-16,-0.927394176328544
2014-09-17,0
2014-09-18,-0.337569820162731
2014-09-19,0.940368226318089
2014-09-22,0.755757633607956
2014-09-23,0.0391045072927199
2014-09-24,0.195293490446158
2014-09-25,1.8365101506709
2014-09-26,0.41099221531864
2014-09-29,0
2014-09-30,-1.1029699885019
2014-10-01,-1.76100284589307
2014-10-02,-2.55493791959882
2014-10-03,4.50863761671725
2014-10-06,0.278752523460568
2014-10-07,-0.326891936126561
2014-10-08,-1.38668888684341
2014-10-09,0.292511909036719
2014-10-10,-1.18506846958715
2014-10-13,0
2014-10-14,0
2014-10-15,-1.41888573794775
2014-10-16,0
2014-10-17,0.478517511629661
2014-10-20,0.377209103210774
2014-10-21,1.96219382876999
2014-10-22,0
2014-10-23,-0.360115236610881
2014-10-24,-0.56712775453498
2014-10-27,-0.748034984107804
2014-10-28,-0.187886334629095
2014-10-29,-0.476238622098002
2014-10-30,0
2014-10-31,2.12543669590524
2014-11-03,-1.32309471648293
2014-11-04,5.18111160958501
2014-11-05,-0.808883266637128
2014-11-06,0.358220594224079
2014-11-07,-0.0847258229078385
2014-11-10,0.178781510804882
2014-11-12,2.03794332630398
2014-11-13,2.08749205357064
2014-11-14,0.978507740089363
2014-11-17,-0.978507740089363
2014-11-18,1.0231645532282
2014-11-19,-0.510273700193231
2014-11-20,-0.512890853034964
2014-11-21,0.512890853034964
2014-11-24,-0.512890853034964
2014-11-25,0.898075187381853
2014-11-26,-0.726819117764421
2014-11-27,0
2014-11-28,-0.0450389594606193
2014-12-01,-0.126217110156812
2014-12-02,0.171256069617431
2014-12-03,2.11190740687446
2014-12-04,-1.68952978499686
2014-12-05,0
2014-12-08,-0.0448490835879944
2014-12-09,-0.458613276278719
2014-12-10,1.69798538849415
2014-12-11,-0.390660178983904
2014-12-12,-1.27127943098175
2014-12-15,0.0450389594606193
2014-12-16,-3.94008446497605
2014-12-17,-0.403623770374395
2014-12-18,0.403623770374395
2014-12-19,-0.450662672413049
2014-12-22,-1.3547646929398
2014-12-23,0.0953379803360299
2014-12-29,0.721613461762605
2014-12-30,-0.816951442098635
2015-01-02,-0.554759911524538
2015-01-05,-0.403652638417995
2015-01-07,0.49952073127475
2015-01-08,3.05741874591563
2015-01-09,3.52451344137066
2015-01-12,0.0448490835879944
2015-01-13,-0.26040512178529
2015-01-14,-0.161972500092311
2015-01-15,2.11190740687446
2015-01-16,-2.5541663523784
2015-01-19,-1.24700109498432
2015-01-20,0.38394781603035
2015-01-21,0
2015-01-22,-1.84167267862314
2015-01-23,0.0928936434658745
2015-01-26,0
2015-01-27,2.61183231411124
2015-01-28,0.361174207514825
2015-01-29,-0.859928358618678
2015-01-30,-0.400802139753953
2015-02-02,0.863367020581407
2015-02-03,-0.299062255612093
2015-02-04,0.777510471392429
2015-02-05,-0.442258945503937
2015-02-06,1.71296955606008
2015-02-09,0.682354546189234
2015-02-10,0.589972212718859
2015-02-11,2.06802052375386
2015-02-12,0
2015-02-13,0.608738536883457
2015-02-16,-0.196791507359606
2015-02-17,-0.0428320561651319
2015-02-18,-0.36911497335872
2015-02-19,-0.0860363126289343
2015-02-20,0.0860363126289343
2015-02-23,2.83189759257354
2015-02-24,1.60879164321814
2015-02-25,1.17763873238248
2015-02-26,0.583659244445212
2015-02-27,-0.624317915466754
2015-03-02,1.54153409713969
2015-03-03,1.05955980312205
2015-03-04,0.458571328581669
2015-03-05,-0.982964712051881
2015-03-06,0.753941907110001
2015-03-09,0.779684989361318
2015-03-10,-4.58291486814542
2015-03-11,2.77806891581953
2015-03-12,2.78069194125568
2015-03-13,-0.0388515487228958
2015-03-16,-0.701921459366694
2015-03-17,-1.54589402401921
2015-03-18,-2.29950637008383
2015-03-19,2.29950637008383
2015-03-20,2.24781548338591
2015-03-23,-0.662796297476298
2015-03-24,-0.462655206752682
2015-03-25,0.977677804384225
2015-03-26,-1.33988292478158
2015-03-27,1.11391173734079
2015-03-30,0.73835488742775
2015-03-31,0.301542734384341
2015-04-01,2.82394987833143
2015-04-02,-0.142701590178085
2015-04-07,-0.353876061045266
2015-04-08,-0.863576308423308
2015-04-09,3.24118038831775
2015-04-10,0.10306243550664
2015-04-13,0.981117842238355
2015-04-14,1.23820415432094
2015-04-15,-1.903435599821
2015-04-16,2.72760624485011
2015-04-17,0.909420122060922
2015-04-20,0.374148895751958
2015-04-21,1.55909055231422
2015-04-22,0.235587692110872
2015-04-23,0.393714892974639
2015-04-24,3.68156342536636
2015-04-27,-0.89435288783104
2015-04-28,-0.315595360148802
2015-04-29,-1.81884891956594
2015-04-30,0
2015-05-04,1.17111708200444
2015-05-05,-0.645141621660006
2015-05-06,2.56924482488765
2015-05-07,0.622230113743427
2015-05-08,-0.0263991553803855
2015-05-11,3.61696047603859
2015-05-12,0.298763849347417
2015-05-13,0.418039625768873
2015-05-14,-0.602277789760208
2015-05-15,-1.68653200760307
2015-05-18,1.98495440120432
2015-05-19,0
2015-05-20,-0.29842239360125
2015-05-21,-0.0508841125340886
2015-05-22,0.621553342433234
2015-05-25,-2.12794380336163
2015-05-26,0.707944776804847
2015-05-27,-0.186154048044074
2015-05-28,-0.180064357333798
2015-05-29,-1.05471876185073
2015-06-01,0.745280660375869
2015-06-02,-0.927584246252167
2015-06-03,0
2015-06-05,-1.56314755101112
2015-06-08,-1.5677962142445
2015-06-09,-2.95473714300609
2015-06-10,1.96138505485681
2015-06-11,-0.777205984770291
2015-06-12,-0.852297413043246
2015-06-15,-0.158889190969447
2015-06-16,0.193396938301049
2015-06-17,-0.9568124024951
2015-06-18,0.264384764035253
2015-06-19,-0.264384764035253
2015-06-22,2.75533593870234
2015-06-23,2.29140401906962
2015-06-24,0.693094955824947
2015-06-25,-2.80167737811539
2015-06-26,1.31722334644806
2015-06-29,-1.05373638523973
2015-06-30,-1.90728484434297
2015-07-01,0.985431911923484
2015-07-02,1.56749375212097
2015-07-03,-0.322299345670718
2015-07-06,-0.647731837561505
2015-07-07,0.0609034023224098
2015-07-08,-0.0609034023224098
2015-07-09,1.99711770980686
2015-07-10,2.14652634183183
2015-07-13,3.82885894307172
2015-07-14,-0.746576446758507
2015-07-15,1.17070232422076
2015-07-16,0.632834969647966
2015-07-17,0.941806228937381
2015-07-20,-0.116475108953384
2015-07-21,0.238934100499844
2015-07-22,-1.66598534498821
2015-07-23,0.601720124504368
2015-07-24,1.15601115187109
2015-07-27,-0.453432149430455
2015-07-28,0
2015-07-29,1.49947951531324
2015-07-30,1.32818443358591
2015-07-31,-0.376828510630922
2015-08-03,0.406674802450802
2015-08-04,1.36927541685434
2015-08-05,0.540161012759732
2015-08-06,-0.257973876652517
2015-08-07,0.287247024603143
2015-08-10,0.274749537110797
2015-08-11,1.42586314154958
2015-08-12,0.990702447994529
2015-08-13,0.0854384468000902
2015-08-14,-0.0569508529545182
2015-08-17,-0.496845772367038
2015-08-18,0.274427020319479
2015-08-19,0.279369605002078
2015-08-20,-0.903637833214876
2015-08-21,0
2015-08-24,-3.35331378120225
2015-08-25,-0.226015679392777
2015-08-26,-3.4468417171218
2015-08-27,3.84500002056898
2015-08-28,0.432017242424187
2015-08-31,-0.740897796882845
2015-09-01,-1.50450885346425
2015-09-02,-1.20300375420133
2015-09-03,-0.28769952204355
2015-09-04,0.116403750316341
2015-09-07,0.646935426897866
2015-09-08,0.406763757884843
2015-09-09,0.784554416528405
2015-09-10,0.0901306956012426
2015-09-11,-0.354983676523446
2015-09-14,-0.489412172918158
2015-09-15,0.145260889844678
2015-09-16,-0.351409025664928
2015-09-17,-0.115385796058831
2015-09-18,0.236700866135831
2015-09-21,0.169594225991343
2015-09-22,-0.0605363539280646
2015-09-23,0
2015-09-24,0.151272228041943
2015-09-25,1.24381955065838
2015-09-28,-0.899772131161836
2015-09-29,-0.841078385737593
2015-09-30,1.7945802576028
2015-10-01,-1.21293669112452
2015-10-02,-0.581643566478274
2015-10-05,1.71098818204021
2015-10-06,0.0298623348592209
2015-10-07,3.38179461266126
2015-10-08,0.230654006076314
2015-10-09,0.436782303600758
2015-10-12,-0.436782303600758
2015-10-13,-0.115260501464753
2015-10-14,0.775442582925567
2015-10-15,0.76379760287244
2015-10-16,-0.735192665465245
2015-10-19,0.188587649115401
2015-10-20,1.6365494504158
2015-10-21,-0.112397449171286
2015-10-22,-0.58651194523982
2015-10-23,0.428942976229152
2015-10-26,-0.791590699146472
2015-10-27,0.249461519548966
2015-10-28,-0.408534385725012
2015-10-29,-0.518741365608033
2015-10-30,1.17046790806583
2015-11-02,0.214422833537053
2015-11-03,-0.0507428195704485
2015-11-04,3.594660552882
2015-11-05,-1.57923992746678
2015-11-06,-2.28083004795154
2015-11-09,-0.419311584449567
2015-11-10,-2.20457863487162
2015-11-12,0.832422865555404
2015-11-13,3.93402686725715
2015-11-16,1.17198513325905
2015-11-17,-2.1061556278239
2015-11-18,1.07244102902504
2015-11-19,-1.10037789189708
2015-11-20,-1.05048293480943
2015-11-23,-1.64549503745697
2015-11-24,1.64549503745697
2015-11-25,2.83936014527235
2015-11-26,1.02665820940473
2015-11-27,-1.71515752797058
2015-11-30,-0.559790847994535
2015-12-01,0.0555648177879675
2015-12-02,-1.19025740917618
2015-12-03,-1.58081424453718
2015-12-04,-0.131439856623761
2015-12-07,1.25587671383718
2015-12-08,0.540663628371352
2015-12-09,0
2015-12-10,-3.27130639926461
2015-12-11,-3.20801139961961
2015-12-14,-1.62516792386915
2015-12-15,3.97055230388466
2015-12-16,-1.42080503571202
2015-12-17,2.28343205531614
2015-12-18,-1.20272351253856
2015-12-21,0.34009649293445
2015-12-22,-1.99243931826807
2015-12-23,-0.86964892703012
2015-12-28,0.726228321592703
2015-12-29,1.50753641437609
2015-12-30,-1.36411580893867
2016-01-04,-1.74085051689943
2016-01-05,0.291244669191038
2016-01-07,-2.36026282266746
2016-01-08,-3.76735235718222
2016-01-11,-4.63421195318814
2016-01-12,1.67272734627613
2016-01-13,2.27632905995314
2016-01-14,-4.23960696706152
2016-01-15,-0.815332686279735
2016-01-18,-1.52611747231157
2016-01-19,0.635273507839518
2016-01-20,-1.03090130133339
2016-01-21,1.12034366857445
2016-01-22,2.12969437157557
2016-01-25,3.90161371234408
2016-01-26,0.87668968646728
2016-01-27,1.90082325837722
2016-01-28,-2.36399552416744
2016-01-29,1.47847424119414
2016-02-01,3.09641625655521
2016-02-02,0.417973440270814
2016-02-03,-2.4275598405846
2016-02-04,2.54403494953799
2016-02-05,-0.941806228937381
2016-02-08,-1.80353729386873
2016-02-09,1.02121615499486
2016-02-10,0.118361639733155
2016-02-11,0.447261274851218
2016-02-12,-0.385021900214877
2016-02-15,1.19369324126817
2016-02-16,-1.49279615617983
2016-02-17,1.49279615617983
2016-02-18,0.643483145772805
2016-02-19,0.766753589156099
2016-02-22,4.19658599402979
2016-02-23,4.24506158611022
2016-02-24,-1.67986196966989
2016-02-25,-3.35304180535516
2016-02-26,-0.481588996793647
2016-02-29,3.28923688121083
2016-03-01,-0.772027967460076
2016-03-02,-0.0516810715227578
2016-03-03,3.58238843146541
2016-03-04,0.690324431332812
2016-03-07,0.104513334962331
2016-03-08,0.263548167699224
2016-03-09,-0.263548167699224
2016-03-10,0.076939990605851
2016-03-11,-0.871777756900993
2016-03-14,2.00796739803186
2016-03-15,1.8618704003134
2016-03-16,-2.41196573917852
2016-03-17,-0.6630342928716
2016-03-18,-3.22933089447544
2016-03-21,0.492793203220998
2016-03-22,0.0564876024736094
2016-03-23,-0.271431969408109
2016-03-24,0
2016-03-29,0.38431153890599
2016-03-30,-0.662160375192489
2016-03-31,-1.65463369040957
2016-04-01,-1.11460575728239
2016-04-04,1.6730252159296
2016-04-05,-1.6730252159296
2016-04-06,-2.32692244535162
2016-04-07,2.05217290824082
2016-04-08,4.67168958817883
2016-04-11,-2.99985637269229
2016-04-12,0.275941537553859
2016-04-13,3.50299501391529
2016-04-14,-0.834961711384974
2016-04-15,-0.291088427661279
2016-04-18,1.12605013904625
2016-04-19,-0.105377009834395
2016-04-20,1.72195150034504
2016-04-21,-1.61657449051065
2016-04-22,-1.18212595501683
2016-04-25,0.0280418386067183
2016-04-26,0.319122405025141
2016-04-27,1.65751182370748
2016-04-28,-1.60163029109937
2016-04-29,2.39565466928751
2016-05-02,-1.05275673468324
2016-05-04,0
2016-05-05,-0.193108835424649
2016-05-06,-0.0773480701545814
2016-05-09,0.36962500361879
2016-05-10,-0.341993824420594
2016-05-11,1.68752634877238
2016-05-12,-0.495630218588783
2016-05-13,0.310737023276975
2016-05-16,-1.00107507058445
2016-05-17,1.57638194908509
2016-05-18,1.0337122305077
2016-05-19,-2.58810528389644
2016-05-20,0.504414688667776
2016-05-23,0.76273864740557
2016-05-24,-0.522393308568958
2016-05-25,0.283301742191711
2016-05-27,0.526331283692638
2016-05-30,-1.89025021699507
2016-05-31,1.57586977485575
2016-06-01,-2.32319534880947
2016-06-02,0
2016-06-03,0.636962468170665
2016-06-06,0.165499017197934
2016-06-07,1.83511430558019
2016-06-08,-0.157066677292583
2016-06-09,0.519004246592569
2016-06-10,-0.026965080384489
2016-06-13,-1.64780627030137
2016-06-14,-2.45911756121195
2016-06-15,2.70009473023727
2016-06-16,-1.11665397487295
2016-06-17,3.68712867019854
2016-06-20,-0.154728588959419
2016-06-21,0.18138175151492
2016-06-22,-0.106655300212743
2016-06-23,4.766651427403
2016-06-24,-6.34233405000337
2016-06-27,0.572912603693254
2016-06-28,3.26594260253517
2016-06-29,0.395648389507475
2016-06-30,0.899975041032786
2016-07-01,0
2016-07-04,-2.43399637953114
2016-07-05,-0.48126596844158
2016-07-06,-0.510232305445246
2016-07-07,5.29756850563272
2016-07-08,0.483969486696356
2016-07-11,1.40826297385974
2016-07-12,0.770602509266638
2016-07-13,-0.335173815359635
2016-07-14,-0.524727702668937
2016-07-15,-0.587387820567731
2016-07-18,0.632047292839566
2016-07-19,-0.917026112308772
2016-07-20,0.284978819469206
2016-07-21,0.149663285606305
2016-07-22,-0.0249283311773318
2016-07-25,-0.459793903150008
2016-07-26,-0.396517195809043
2016-07-27,0.396517195809043
2016-07-28,0.823132032751417
2016-07-29,1.20004403173901
2016-08-01,0.714148994864772
2016-08-02,3.76410377275631
2016-08-03,1.68032066802413
2016-08-04,-0.857578555120853
2016-08-05,0.857578555120853
2016-08-08,-1.88706822780711
2016-08-09,2.77396143406801
2016-08-10,0
2016-08-11,0.292371153904991
2016-08-12,3.22717231773098
2016-08-16,0.984493513917695
2016-08-17,-0.491035227502845
2016-08-18,0.578466927061516
2016-08-19,0.0436872003453992
2016-08-22,2.32694131369051
2016-08-23,2.05269698364665
2016-08-24,-0.814343584351906
2016-08-25,1.21904196927147
2016-08-26,0.523257007839106
2016-08-29,-9.00924856837824
2016-08-30,-4.87607035147013
2016-08-31,4.03402718860653
2016-09-01,2.62989062190586
2016-09-02,0.670026689638714
2016-09-05,1.6839548948
2016-09-06,3.8976493709189
2016-09-07,-1.68283847313964
2016-09-08,2.43699300267997
2016-09-09,-2.25002146136326
2016-09-12,-2.90749456404074
2016-09-13,-0.126828645283616
2016-09-14,1.05346612429971
2016-09-15,2.29452299156732
2016-09-16,3.81556133094199
2016-09-19,-0.937244669532245
2016-09-20,-0.440955980208724
2016-09-21,-0.808646509781497
2016-09-22,1.0108209850169
2016-09-23,-0.202174475235406
2016-09-26,0.0206487848923409
2016-09-27,-0.0206487848923409
2016-09-28,-1.82558314710084
2016-09-29,-3.9597666499672
2016-09-30,1.26542683953845
2016-10-03,-1.16045372925599
2016-10-04,-1.39105117552987
2016-10-05,1.28607806524741
2016-10-06,-2.15423568943622
2016-10-07,-2.86666944751222
2016-10-10,1.1165120103696
2016-10-11,-0.822448207212023
2016-10-12,-2.85274935185322
2016-10-13,-1.24455340008085
2016-10-14,0.529164822606898
2016-10-17,2.91912872390094
2016-10-18,2.13362138134725
2016-10-19,0.324939359830978
2016-10-20,-0.392768162540058
2016-10-21,-4.0620344190665
2016-10-24,0.089468609551524
2016-10-25,-0.20259612574085
2016-10-26,0.0895698350984908
2016-10-27,0.909992676665272
2016-10-28,-1.486526573603
2016-10-31,4.72995479980414
2016-11-02,-9.93414388023357
2016-11-03,-2.47675030630896
2016-11-04,-1.0288156589489
2016-11-07,0.57744025163915
2016-11-08,-0.701612453024403
2016-11-09,-1.98160877305273
2016-11-10,1.87801402640071
2016-11-14,0.779499597796995
2016-11-15,0.747954306588472
2016-11-16,-1.60003413464409
2016-11-17,-1.37335387426649
2016-11-18,0.869024419939191
2016-11-21,0.504329454327301
2016-11-22,1.84981124933934
2016-11-23,3.40339123281073
2016-11-24,3.29612415994802
2016-11-25,-1.23118276535337
2016-11-28,-1.20749230376447
2016-11-29,-1.09392570117839
2016-11-30,-1.69626272195789
2016-12-01,-0.684623867123424
2016-12-02,1.75746168140094
2016-12-05,-0.487587413082569
2016-12-06,1.82856589839409
2016-12-07,0.449526800174027
2016-12-08,1.90261183722562
2016-12-09,2.07344706226973
2016-12-12,2.02673603998784
2016-12-13,1.28639671931436
2016-12-14,0.393549916490965
2016-12-15,-1.5239689915572
2016-12-16,1.61422170526473
2016-12-19,3.02548564305409
2016-12-20,1.6019096210985
2016-12-21,-0.756515009727465
2016-12-22,-2.10931102947418
2016-12-23,1.64392080646012
2016-12-27,-0.0654150608791149
2016-12-28,1.78993105592076
2016-12-29,-2.31918324812188
2016-12-30,1.0600574760943
2017-01-02,-0.104198333571137
2017-01-03,-0.513893649007624
2017-01-04,-1.90423173568881
2017-01-05,0.34651300775792
2017-01-09,0.0443380338912114
2017-01-10,2.13147267661844
2017-01-11,2.08698746012725
2017-01-12,-0.827861688099674
2017-01-13,0.806610864550272
2017-01-16,0.0212508235494013
2017-01-17,0.288563747870896
2017-01-18,0.780874744334437
2017-01-19,1.36136064972829
2017-01-20,-1.66876167082393
2017-01-23,1.21980847244094
2017-01-24,1.22980370271009
2017-01-25,-0.156507445455567
2017-01-26,-0.140240907327449
2017-01-27,0.296748352783016
2017-01-30,-2.42852713912294
2017-01-31,0.777037322121732
2017-02-01,-2.20393430224162
2017-02-02,0.851793906530229
2017-02-03,-3.10102367425609
2017-02-06,-0.508728401796521
2017-02-07,-1.42141565573057
2017-02-08,2.79689309747937
2017-02-09,2.64479640346753
2017-02-10,0.206738043804933
2017-02-13,1.07737527891167
2017-02-14,-0.200342318355595
2017-02-15,-1.51549943249512
2017-02-16,0.638466471939036
2017-02-17,1.62625602820237
2017-02-20,0.644816850018692
2017-02-21,-0.644816850018692
2017-02-22,0.401432450850603
2017-02-23,-0.322674337803175
2017-02-24,-0.890670556897888
2017-02-27,0.404698384919566
2017-02-28,-0.815238947291697
2017-03-01,-2.45624892458505
2017-03-02,-1.07267464518142
2017-03-03,-0.296141667522853
2017-03-06,-1.17134858330283
2017-03-07,0.149925065564105
2017-03-08,-0.991904691863343
2017-03-09,1.67692910689654
2017-03-10,3.44950767287058
2017-03-13,0.711956667124269
2017-03-14,-0.792317024188538
2017-03-15,-1.05915620389743
2017-03-16,-0.751157089150389
2017-03-17,0.2323881064763
2017-03-20,-0.271172015949528
2017-03-21,-0.0431108818541581
2017-03-22,-2.33395548617628
2017-03-23,1.14979104929471
2017-03-24,-1.26019802056465
2017-03-27,-1.8417876639079
2017-03-28,4.8708716806888
2017-03-29,0.128523708892114
2017-03-30,-0.0856641162592986
2017-03-31,0.248224042543299
2017-04-03,0.311546674543361
2017-04-04,0.599020420246266
2017-04-05,4.50942734295543
2017-04-06,3.08182814017259
2017-04-07,-1.09743719451494
2017-04-10,-0.809043330534642
2017-04-11,-1.96393753163866
2017-04-12,-0.281983880835579
2017-04-13,0.22075064152105
2017-04-18,0.849823155830176
2017-04-19,2.45168151559687
2017-04-20,3.56647100271834
2017-04-21,1.46838847855815
2017-04-24,1.77615303537131
2017-04-25,0.962322860156117
2017-04-26,1.41552886205947
2017-04-27,-3.17080088963229
2017-04-28,3.39399919670633
2017-05-02,2.52458862351217
2017-05-04,0.778866379075094
2017-05-05,-0.593204335656683
2017-05-08,0.0489853053881717
2017-05-09,-1.09386807254532
2017-05-10,1.77368034392744
2017-05-11,7.13619158623757
2017-05-12,-0.805539159530877
2017-05-15,0.0945318300369813
2017-05-16,-3.15090932834101
2017-05-17,0.308870184451049
2017-05-18,-3.246695549017
2017-05-19,2.1817801809771
2017-05-22,-1.32669101400031
2017-05-23,0.383785551423443
2017-05-24,-0.717365653381297
2017-05-25,0.117051688236192
2017-05-26,0.548999457408073
2017-05-29,-0.514598548884848
2017-05-30,-0.403233301277339
2017-05-31,1.03752476666283
2017-06-01,4.25880952782363
2017-06-02,2.04882685323877
2017-06-05,-2.03245193302992
2017-06-06,-1.47794066810443
2017-06-07,0.245635123174637
2017-06-08,-0.468556145102994
2017-06-09,-0.832850369766014
2017-06-12,-2.37576385361917
2017-06-13,1.98538812650018
2017-06-14,0.571583830395372
2017-06-16,-2.22389584846994
2017-06-19,0
2017-06-20,0.0822396647111923
2017-06-21,0.580602723898149
2017-06-22,1.90244210389388
2017-06-23,-0.257607074428012
2017-06-26,2.85644079916487
2017-06-27,-0.922298531490195
2017-06-28,-0.032862307229653
2017-06-29,-2.24355068819522
2017-06-30,1.30572391566481
2017-07-03,-1.01036221876303
2017-07-04,-1.85365881210151
2017-07-05,1.35978087430217
2017-07-06,0.0673378026185389
2017-07-07,-0.861972311812664
2017-07-10,1.32202114281341
2017-07-11,-1.17275725730819
2017-07-12,1.8239425408006
2017-07-13,-1.6579786421838
2017-07-14,1.64466350618326
2017-07-17,2.07884407323853
2017-07-18,1.92782501418911
2017-07-19,-0.628831999320045
2017-07-20,2.02625684204687
2017-07-21,2.03238088878255
2017-07-24,1.00855660877208
2017-07-25,-0.481485251271163
2017-07-26,0.689309286952078
2017-07-27,1.12933805022877
2017-07-28,-0.29627859747805
2017-07-31,1.90733305600626
2017-08-01,1.15772114106063
2017-08-02,-0.0881290265905221
2017-08-03,-1.36112883739585
2017-08-04,-3.78583573058222
2017-08-07,1.96394124611059
2017-08-08,0.945155224944294
2017-08-09,-2.44296711759597
2017-08-10,0.513002799230122
2017-08-11,0.476846387275209
2017-08-14,-0.912884663349534
2017-08-16,1.61180570465547
2017-08-17,0.414004187422723
2017-08-18,-0.159958988035935
2017-08-21,-0.922476576452613
2017-08-22,0.535102064262727
2017-08-23,-0.148689887656328
2017-08-24,0.297159016690962
2017-08-25,0.38378482656487
2017-08-28,-0.708278280260721
2017-08-29,-4.29810016078598
2017-08-30,3.5817101260502
2017-08-31,2.05905657626158
2017-09-01,-0.574083721521035
2017-09-04,-0.0301477240752135
2017-09-05,0.0301477240752135
2017-09-06,-6.67776500806054
2017-09-07,-5.69537125325574
2017-09-08,3.43028720592189
2017-09-11,-2.94704651736053
2017-09-12,1.15772114106063
2017-09-13,2.11184260445592
2017-09-14,-2.62323220596876
2017-09-15,-1.43022158337391
2017-09-18,1.70979129575457
2017-09-19,-0.891958072484389
2017-09-20,0.696678390212657
2017-09-21,-0.863110166143422
2017-09-22,-6.38656673627249
2017-09-25,0.883860080324528
2017-09-26,-1.56012792817819
2017-09-27,1.73596634572366
2017-09-28,1.73806155900662
2017-09-29,1.18046101676201
2017-10-02,1.43822703808096
2017-10-03,-0.893001607270349
2017-10-04,1.33140351503229
2017-10-05,3.271154756857
2017-10-06,-4.28098679096278
2017-10-09,-2.0825002196128
2017-10-10,1.74361062216137
2017-10-11,-1.7083683310477
2017-10-12,-2.09004813030367
2017-10-13,-1.02709665710989
2017-10-16,0.95511018745702
2017-10-17,-0.530696745456272
2017-10-18,-0.817784919935427
2017-10-19,-3.63446660899358
2017-10-20,0
2017-10-23,-3.19941158155448
2017-10-24,-0.57607683563754
2017-10-25,3.77548841719202
2017-10-26,-0.371578496843927
2017-10-27,0
2017-10-30,-0.167281337719771
2017-10-31,3.81503416204874
2017-11-02,4.86453937393243
2017-11-03,0.170800187922637
2017-11-06,-0.821812252307641
2017-11-07,1.26314530579457
2017-11-08,0.100504262562495
2017-11-09,-1.7083683310477
2017-11-10,-0.225765581995319
2017-11-13,-2.94592168627146
2017-11-14,1.43362570926016
2017-11-15,-2.13074698785016
2017-11-16,-1.2234371563995
2017-11-17,2.29448564637966
2017-11-20,1.93072817221118
2017-11-21,1.27844656909133
2017-11-22,0.276838611793284
2017-11-23,-1.55528518088461
2017-11-24,-0.331096658630248
2017-11-27,1.16288625218202
2017-11-28,-0.831789593551768
2017-11-29,-2.28647125102528
2017-11-30,0.355743078814097
2017-12-01,-1.44533338311019
2017-12-04,-3.05338739917165
2017-12-05,-0.27707682881104
2017-12-06,-1.2737563918428
2017-12-07,1.47879120566996
2017-12-08,-0.521002870827392
2017-12-11,-0.523731533356209
2017-12-12,1.08265772368705
2017-12-13,-1.81743184640126
2017-12-14,1.25850565607042
2017-12-15,-0.750127900273689
2017-12-18,-3.44302389337141
2017-12-19,-5.19003636225515
2017-12-20,-4.654793572759
2017-12-21,3.00374793982803
2017-12-22,5.66923264223771
2017-12-27,-0.395034373760694
2017-12-28,1.18045215605447
2017-12-29,2.12471463337316
2018-01-03,1.32755617902589
2018-01-04,-0.754778989171889
2018-01-05,-0.690074669677543
2018-01-08,-2.39935494531256
2018-01-09,-1.18511545071582
2018-01-10,-8.70076906458745
2018-01-11,-5.42638452374051
2018-01-12,-5.54510996994653
2018-01-15,4.35176717329133
2018-01-16,-1.02613726993122
2018-01-17,2.76905995110015
2018-01-18,-2.39253733197655
2018-01-19,3.47352905671725
2018-01-22,1.60893149629056
2018-01-23,0.877810673860324
2018-01-24,4.62857074084821
2018-01-25,-2.45621063221417
2018-01-26,-1.90827741817605
2018-01-29,-2.03203957525773
2018-01-30,1.76795688479974
2018-01-31,0.874615124584466
2018-02-01,-3.44869555214311
2018-02-02,-1.90818018463101
2018-02-05,0
2018-02-06,-2.79003862922886
2018-02-07,-0.949205635221961
2018-02-08,0
2018-02-09,-2.21400364875235
2018-02-12,1.44711748707742
2018-02-13,3.11846479274758
2018-02-14,3.83245820021347
2018-02-15,-1.53026584953722
2018-02-16,-2.30219235067626
2018-02-19,0.185189634824834
2018-02-20,-2.44435805528918
2018-02-21,0.856795424613654
2018-02-22,0.844737444611177
2018-02-23,0
2018-02-26,-1.50726374547467
2018-02-27,1.59803169629029
2018-02-28,-0.935505395426794
2018-03-01,-3.16320928397431
2018-03-02,1.06391878677394
2018-03-05,2.37845894959055
2018-03-06,6.29149977359535
2018-03-07,0.44134275646508
2018-03-08,3.37113056060483
2018-03-09,-1.80177155730172
2018-03-12,-4.42728236779883
2018-03-13,-0.817126975658589
2018-03-14,-0.54692201306743
2018-03-15,1.90818018463101
2018-03-16,1.95816821460415
2018-03-19,-6.18993911486747
2018-03-20,-1.89365660509386
2018-03-21,3.01477132217283
2018-03-22,-0.185189634824834
2018-03-23,-2.82958168734799
2018-03-26,-0.288883105399584
2018-03-27,-0.191415798709116
2018-03-28,2.37395550920256
2018-03-29,2.32359071563231
2018-04-03,6.22390762143956
2018-04-04,3.13907678098495
2018-04-05,7.56068848089182
2018-04-06,-1.40286056445555
2018-04-09,0.548341344730296
2018-04-10,-5.62783149304371
2018-04-11,-2.08647569023173
2018-04-12,3.15748699878062
2018-04-13,0.162795102010804
2018-04-16,1.29702429468104
2018-04-17,-1.95399914433949
2018-04-18,-0.163869025514174
2018-04-19,0.163869025514174
2018-04-20,-1.82177551490206
2018-04-23,-2.20026598571597
2018-04-24,0.0873744048597302
2018-04-25,0
2018-04-26,-1.76216013498198
2018-04-27,1.76216013498198
2018-04-30,0.435730536895562
2018-05-02,-1.04896066710198
2018-05-04,-1.14893000477556
2018-05-07,-0.445435034938058
2018-05-08,-1.80185055026776
2018-05-09,1.35442251077569
2018-05-10,2.65502320941211
2018-05-11,1.73164500114602
2018-05-14,-0.0858737708417046
2018-05-15,-1.21004069340875
2018-05-16,-0.435730536895562
2018-05-17,-0.349956612626467
