2005-06-10,-1.68935907385084
2005-06-13,0.67917217155169
2005-06-14,0
2005-06-15,0
2005-06-16,-1.67927779317067
2005-06-17,-0.340835964908104
2005-06-20,-0.349877506793383
2005-06-21,0
2005-06-22,2.70785536573817
2005-06-23,-0.680732586619337
2005-06-24,-0.681512802350559
2005-06-27,1.02438128810389
2005-06-28,0
2005-06-29,-0.342868485753334
2005-06-30,0
2005-07-01,-0.336303685798356
2005-07-04,0.67917217155169
2005-07-05,1.01018690229915
2005-07-06,-0.335596379344061
2005-07-07,0
2005-07-08,3.60892910371953
2005-07-11,0.323720117898185
2005-07-12,0
2005-07-13,1.28812742802253
2005-07-14,0
2005-07-15,-0.643814172527746
2005-07-18,-1.9492501692826
2005-07-19,0
2005-07-20,-0.957123992651621
2005-07-21,-1.33499193583422
2005-07-22,-1.01018690229915
2005-07-25,3.62920976778103
2005-07-26,1.62234323228656
2005-07-27,0.320606511870603
2005-07-28,0.638145747897934
2005-07-29,-0.638145747897934
2005-08-01,-0.642244216051591
2005-08-02,0.965451876708734
2005-08-03,0.636093076851552
2005-08-04,-0.321154989610761
2005-08-05,-0.638145747897934
2005-08-08,3.74816334188406
2005-08-09,0.920701209865893
2005-08-10,2.98897195223216
2005-08-11,2.60722403097748
2005-08-12,-2.01598339440214
2005-08-16,-0.295183362061202
2005-08-17,0
2005-08-18,-2.06703780447133
2005-08-19,0.574498040785665
2005-08-22,1.19648248917152
2005-08-23,-0.296936376902712
2005-08-24,0.296936376902712
2005-08-25,-0.896866998276069
2005-08-26,0.599930621373357
2005-08-29,1.1824916071975
2005-08-30,0.586043232956523
2005-08-31,1.13562556772617
2005-09-01,3.94870702918073
2005-09-02,2.47457154317323
2005-09-05,-1.36684859796241
2005-09-06,0.820491922717981
2005-09-07,-1.37438859944661
2005-09-08,-0.276529730311514
2005-09-09,1.65091832975812
2005-09-12,1.59973935243656
2005-09-13,0.534679403631877
2005-09-14,1.85215494701327
2005-09-15,1.53769723569952
2005-09-16,1.79097134293289
2005-09-19,3.46904617314898
2005-09-20,-0.493057811833975
2005-09-21,-1.48826086022513
2005-09-22,1.73370082278601
2005-09-23,-0.738134537417201
2005-09-26,0.492694574856323
2005-09-27,2.88726381834499
2005-09-28,-2.64182385578411
2005-09-29,1.22099610668247
2005-09-30,2.37397452035375
2005-10-03,2.78259466548776
2005-10-04,3.37656373642177
2005-10-05,-2.68895358854411
2005-10-06,-5.84417933371917
2005-10-07,0.942188778156439
2005-10-10,-0.480940946156627
2005-10-11,2.15161129190995
2005-10-12,-0.475647520872569
2005-10-13,-5.34164615414539
2005-10-14,-0.4785106968622
2005-10-17,0.728248318501912
2005-10-18,0.745492397335656
2005-10-19,-1.22280671094313
2005-10-20,1.71673188651322
2005-10-21,-0.243851287536945
2005-10-24,0.738134537417201
2005-10-25,0.247617849273096
2005-10-26,-1.23582627472345
2005-10-27,-1.47374071583757
2005-10-28,0
2005-10-31,1.22586024751423
2005-11-02,2.21462724288748
2005-11-03,0.459619078256379
2005-11-04,0
2005-11-07,-2.17629196478737
2005-11-08,-0.250073888033153
2005-11-09,-0.499204285750432
2005-11-10,0.251323817427096
2005-11-14,2.91833283245597
2005-11-15,1.20074957075906
2005-11-16,2.10235244093284
2005-11-17,4.09693347901547
2005-11-18,0.446712588330556
2005-11-21,-0.22056875092642
2005-11-22,-2.47192626916748
2005-11-23,0.687056279889608
2005-11-24,1.11000908456922
2005-11-25,1.56681026938075
2005-11-28,1.29959592822555
2005-11-29,-1.97097654197123
2005-11-30,0.225137011225529
2005-12-01,1.08565601911952
2005-12-02,0.878453806879786
2005-12-05,-1.07610952505692
2005-12-06,0.636602951291243
2005-12-07,0.43950657376568
2005-12-08,-0.218270295253609
2005-12-09,-0.437975068655172
2005-12-12,0.216738790143101
2005-12-13,-1.30249311549089
2005-12-14,0.863545882376782
2005-12-15,0.660183511626178
2005-12-16,-1.08098365164668
2005-12-19,-0.889992890324542
2005-12-20,-0.22056875092642
2005-12-21,-0.226143837404136
2005-12-22,-1.35481564694206
2005-12-23,-0.431541943919855
2005-12-27,2.90445079293815
2005-12-28,-1.56681026938075
2005-12-29,0.224610217199217
2005-12-30,-1.33461930176844
2006-01-02,1.11000908456922
2006-01-03,3.08467649285991
2006-01-04,1.30215621911502
2006-01-05,-0.431352073169622
2006-01-06,2.9644167958581
2006-01-09,1.02715851308139
2006-01-10,-1.44769866597096
2006-01-11,2.4831014711824
2006-01-12,0.207665010754665
2006-01-13,-1.63797474582275
2006-01-16,3.24725803075401
2006-01-17,3.55768300295689
2006-01-18,2.67760045417758
2006-01-19,1.86386548354265
2006-01-20,0.37369803541476
2006-01-23,1.10861930736661
2006-01-24,1.9830415108447
2006-01-25,1.59117990589275
2006-01-26,-3.20808828461407
2006-01-27,-3.33374761146881
2006-01-30,0.190890917725683
2006-01-31,-5.39719904306488
2006-02-01,2.73280666820366
2006-02-02,-0.779864549672871
2006-02-03,-2.95761018943761
2006-02-06,-0.201234918126447
2006-02-07,0
2006-02-08,0
2006-02-09,1.99884280778853
2006-02-10,-1.39407357176218
2006-02-13,-0.806409925766927
2006-02-14,0.201640689740579
2006-02-15,2.57160256223545
2006-02-16,-1.36569957320218
2006-02-17,4.82773977836062
2006-02-20,3.16052436360783
2006-02-21,0.551791594839557
2006-02-22,-1.10454524777852
2006-02-23,0
2006-02-24,2.90109317100131
2006-02-27,-0.903500271345781
2006-02-28,-7.87127287982852
2006-03-01,0.197969212610527
2006-03-02,0.193142397063761
2006-03-03,-0.193142397063761
2006-03-06,-1.56097453170259
2006-03-07,-2.39852517781096
2006-03-08,-0.817126975658589
2006-03-09,0
2006-03-10,0
2006-03-13,0
2006-03-14,8.78831396070061
2006-03-15,-2.84520989359507
2006-03-16,-0.193470435196774
2006-03-17,2.66439237486122
2006-03-20,-1.33309422602945
2006-03-21,-0.94253872269614
2006-03-22,-1.75586652113711
2006-03-23,0.587242545328603
2006-03-24,1.91988324184447
2006-03-27,-1.72268603619221
2006-03-28,-1.9513141344186
2006-03-29,-0.19882518976444
2006-03-30,0.992435541965664
2006-03-31,-0.597432376211149
2006-04-03,0.771944681105241
2006-04-04,-0.3740080281045
2006-04-05,1.35719950542779
2006-04-06,1.35649703987135
2006-04-07,4.11346503594663
2006-04-10,0.737055337489734
2006-04-11,-1.10868199738214
2006-04-12,0.37162665989241
2006-04-13,1.81300198868399
2006-04-18,5.09536606740961
2006-04-19,-1.02222238659215
2006-04-20,3.5596748411169
2006-04-21,-1.84942775488799
2006-04-24,0.837537173723701
2006-04-25,-1.18193234236394
2006-04-26,1.34937048231092
2006-04-27,-5.52451973189152
2006-04-28,2.28430974615113
2006-05-02,-0.877811122902861
2006-05-04,1.55877263941595
2006-05-05,0.519471465872501
2006-05-08,-1.90406465646538
2006-05-09,-1.58067807207134
2006-05-10,-2.15689400070254
2006-05-11,1.43694554972646
2006-05-12,-0.362954475532362
2006-05-15,-3.84255981400661
2006-05-16,0
2006-05-17,-2.26485063294111
2006-05-18,-0.192349786081314
2006-05-19,-2.32185103600742
2006-05-22,-9.46274293007168
2006-05-23,1.27430764021375
2006-05-24,0
2006-05-25,2.12093457744897
2006-05-26,4.47393141743637
2006-05-29,-0.403534317899901
2006-05-30,-1.6050821841544
2006-05-31,-1.44267557052395
2006-06-01,-1.02263934485811
2006-06-02,1.64481661751257
2006-06-05,0.413421589225615
2006-06-06,-2.47788593751097
2006-06-07,-0.635196708988328
2006-06-08,-2.1215604784063
2006-06-09,0.215908617168292
2006-06-12,-7.81960566768456
2006-06-13,-1.39037532333797
2006-06-14,-2.15681319966605
2006-06-16,2.15681319966605
2006-06-19,2.78259466548776
2006-06-20,-2.3107439240853
2006-06-21,2.3107439240853
2006-06-22,-2.78259466548776
2006-06-23,-0.711977117594875
2006-06-26,0
2006-06-27,4.4129283290864
2006-06-28,4.64011192988196
2006-06-29,0.65300923248075
2006-06-30,1.05547034071845
2006-07-03,0
2006-07-04,-0.624118267548823
2006-07-05,-1.95840158302381
2006-07-06,4.28380669724882
2006-07-07,3.29501291316956
2006-07-10,0
2006-07-11,0
2006-07-12,0.993796999013252
2006-07-13,-5.56326388500126
2006-07-14,-0.426832873857741
2006-07-17,-0.409137972703144
2006-07-18,0.835970846560885
2006-07-19,2.11436516450667
2006-07-20,2.04505145446663
2006-07-21,-0.407076708643883
2006-07-24,0.20258241201927
2006-07-25,1.20465277184856
2006-07-26,-1.00015847522394
2006-07-27,4.56269237359201
2006-07-28,2.68497469897211
2006-07-31,0
2006-08-01,-3.0760863086464
2006-08-02,0.782908730787701
2006-08-03,-4.1383660380673
2006-08-04,-1.84514797198405
2006-08-07,0.208526217476424
2006-08-08,2.02270487415688
2006-08-09,6.23528345713447
2006-08-10,-2.09493311015696
2006-08-11,-1.9398668494484
2006-08-14,0.768890690101243
2006-08-16,1.36444659454393
2006-08-17,-0.581537863756232
2006-08-18,0.388067428559458
2006-08-21,2.09493311015696
2006-08-22,1.13356332468095
2006-08-23,0.916270090733295
2006-08-24,-3.00474783339961
2006-08-25,2.63034627919008
2006-08-28,2.74866032799981
2006-08-29,1.08477169246566
2006-08-30,-0.179639544501464
2006-08-31,-2.35052010536467
2006-09-01,-1.11483874826139
2006-09-04,3.82635166888927
2006-09-05,-2.16080019330178
2006-09-06,-4.00681701256338
2006-09-07,-5.25454199142077
2006-09-08,0.102644823738274
2006-09-11,-2.62869111017561
2006-09-12,0.616004001244885
2006-09-13,0.919253940676645
2006-09-14,0.890322540102373
2006-09-15,-0.890322540102373
2006-09-18,0.869760276353171
2006-09-19,-0.242496458510244
2006-09-20,-3.51273136923145
2006-09-21,-2.8246795581977
2006-09-22,-0.646332368015301
2006-09-25,-1.94691367100233
2006-09-26,1.61970998403351
2006-09-27,-2.17472980476909
2006-09-28,1.41285905053889
2006-09-29,0.653386806610179
2006-10-02,-0.87462308512225
2006-10-03,-1.30249311549089
2006-10-04,-1.56779265421663
2006-10-05,2.52128008065684
2006-10-06,0.570241967562746
2006-10-09,2.72130634683494
2006-10-10,1.94310971183485
2006-10-11,-1.68729954747855
2006-10-12,-1.56190551480551
2006-10-13,2.38760268350067
2006-10-16,-2.93257653818269
2006-10-17,-1.92863298314259
2006-10-18,2.98883903799401
2006-10-19,-0.173075794316579
2006-10-20,-0.71251357347859
2006-10-23,-1.70503734038614
2006-10-24,0.98741055688083
2006-10-25,-0.327227045254652
2006-10-26,1.60598540243342
2006-10-27,-2.37620743864264
2006-10-30,-0.864500760036746
2006-10-31,-0.313464031384303
2006-11-02,-1.14333522058931
2006-11-03,2.16603992022009
2006-11-06,3.04815118823472
2006-11-07,-1.90439876498161
2006-11-08,-0.218270295253609
2006-11-09,2.14454478191746
2006-11-10,-2.14454478191746
2006-11-13,0.806216652961389
2006-11-14,-2.28457513901996
2006-11-15,-5.26975410701929
2006-11-16,3.45149907911706
2006-11-17,-2.98506301760146
2006-11-20,1.38900238960233
2006-11-21,1.89074751244864
2006-11-22,1.9209429778646
2006-11-23,-1.08772161019073
2006-11-24,-0.269336477484705
2006-11-27,-2.1812125330626
2006-11-28,0.689336201214319
2006-11-29,3.37965213243958
2006-11-30,0.438466073667776
2006-12-01,1.26471402164259
2006-12-04,1.31192595885241
2006-12-05,2.11659527297132
2006-12-06,0.706683315821266
2006-12-07,0.827933851125406
2006-12-08,-0.827933851125406
2006-12-11,0
2006-12-12,-0.918001998806695
2006-12-13,1.33165305398473
2006-12-14,0.51700254351088
2006-12-15,1.51218044705899
2006-12-18,-1.00015847522394
2006-12-19,-3.52015935514318
2006-12-20,1.70231080058172
2006-12-21,0.788824039215541
2006-12-22,0.393258933786456
2006-12-27,0.617192461454108
2006-12-28,0.631866101084322
2006-12-29,-0.40689934533602
2007-01-02,0.40689934533602
2007-01-03,-2.45241989198588
2007-01-04,-3.37124084937295
2007-01-05,-3.71197180726628
2007-01-08,1.13314945145877
2007-01-09,0.398212329812697
2007-01-10,-0.863545882376782
2007-01-11,1.52372939400296
2007-01-12,-1.01323552153842
2007-01-15,1.47154849630198
2007-01-16,-0.131085929508901
2007-01-17,-3.87307948212792
2007-01-18,2.02212304287031
2007-01-19,-1.79341641990418
2007-01-22,0.450739616300844
2007-01-23,1.78542254595961
2007-01-24,1.08098365164668
2007-01-25,0.870237141703711
2007-01-26,-1.48543976944682
2007-01-29,-0.465781023903578
2007-01-30,-0.442745742356276
2007-01-31,-0.55620308227522
2007-02-01,2.6271870519242
2007-02-02,-0.768490854158088
2007-02-05,0.43950657376568
2007-02-06,-0.218270295253609
2007-02-07,-0.660183511626178
2007-02-08,-2.20622268598012
2007-02-09,0.0204399704331948
2007-02-12,-3.20330560451128
2007-02-13,1.77527963922866
2007-02-14,0.230376080664119
2007-02-15,-2.00565571989277
2007-02-16,0
2007-02-19,1.61447871239457
2007-02-20,-2.31331947378806
2007-02-21,0.045148526136396
2007-02-22,2.26817094765166
2007-02-23,2.46381657731858
2007-02-26,-0.22056875092642
2007-02-27,-2.24324782639216
2007-02-28,-4.90199055556273
2007-03-01,-3.3992737786126
2007-03-02,-0.900906994236594
2007-03-05,-3.18634565443632
2007-03-06,0.568349804352897
2007-03-07,-1.53074726611382
2007-03-08,3.8237898629196
2007-03-09,-0.1285622632615
2007-03-12,1.87763045538043
2007-03-13,-1.74906819211893
2007-03-14,1.69855463657438
2007-03-15,-0.498080469162598
2007-03-16,-0.949540162517337
2007-03-19,-0.250934004894443
2007-03-20,0
2007-03-21,0.974536430087136
2007-03-22,0.698751856919211
2007-03-23,0.518085088429654
2007-03-26,-0.46755877156528
2007-03-27,2.90131942225611
2007-03-28,2.56476066601801
2007-03-29,0.0239104157566672
2007-03-30,-0.119609290623712
2007-04-02,1.74531861653411
2007-04-03,0.939071738081765
2007-04-04,-0.709342612874231
2007-04-05,-0.924731857180783
2007-04-10,-0.583322889830029
2007-04-11,1.02448849072765
2007-04-12,-1.37187219483477
2007-04-13,4.55656730018021
2007-04-16,2.54104432874165
2007-04-17,-1.40789487728288
2007-04-18,2.79380265065319
2007-04-19,-1.08202000260413
2007-04-20,0.651596251757125
2007-04-23,-1.43667154720317
2007-04-24,-0.483514138907237
2007-04-25,-1.57634266515454
2007-04-26,-0.697860866476763
2007-04-27,-3.85870643370345
2007-04-30,3.04262676408298
2007-05-02,-0.91376844338984
2007-05-04,5.48949141408843
2007-05-07,0.2188372994953
2007-05-08,-0.108129372572119
2007-05-09,-2.06192872027358
2007-05-10,0.110380825014911
2007-05-11,1.29782987188642
2007-05-14,-0.371931993346664
2007-05-15,-0.0670949169710333
2007-05-16,3.30079106426884
2007-05-17,-1.23663019434375
2007-05-18,2.31311835450438
2007-05-21,1.95329294354702
2007-05-22,-1.49275800495321
2007-05-23,1.18428167891875
2007-05-24,-1.22455315659713
2007-05-25,-1.47510790067655
2007-05-28,0.950097489270618
2007-05-29,-0.909227683073732
2007-05-30,-0.464977046864812
2007-05-31,2.50159102528715
2007-06-01,1.28004368671593
2007-06-04,-2.09351771477562
2007-06-05,1.84907288993976
2007-06-06,-1.32806569613653
2007-06-08,1.03861638107214
2007-06-11,0.30809472601665
2007-06-12,-1.34671110708879
2007-06-13,0.417212357829788
2007-06-14,2.63933707747679
2007-06-15,0.224261518736801
2007-06-18,0.803656045969214
2007-06-19,-2.02022445579781
2007-06-20,-0.717531437125984
2007-06-21,-1.28295592482086
2007-06-22,0.766593605066079
2007-06-25,2.24681707934136
2007-06-26,1.30616702473323
2007-06-27,0
2007-06-28,0.893516179454723
2007-06-29,0.787836197536196
2007-07-02,1.74752956912139
2007-07-03,3.03584946188606
2007-07-04,1.02467689719941
2007-07-05,0
2007-07-06,3.54435138499585
2007-07-09,3.24873965191341
2007-07-10,-1.83150231333942
2007-07-11,-0.528360513473825
2007-07-12,0.793488398547648
2007-07-13,2.08634354161314
2007-07-16,-1.12543587354756
2007-07-17,0.691663529240305
2007-07-18,-3.3349364209537
2007-07-19,-0.896848758832824
2007-07-20,-2.73984067389828
2007-07-23,-1.58720054380299
2007-07-24,-0.281973143057979
2007-07-25,-1.51960591559419
2007-07-26,-0.385172443508619
2007-07-27,-0.194236265386438
2007-07-30,1.15116060212523
2007-07-31,0.379359854881356
2007-08-01,-0.762332140995747
2007-08-02,2.26766114587522
2007-08-03,-3.32462673541816
2007-08-06,0.0985405135960349
2007-08-07,1.05376429575328
2007-08-08,-0.863527535817221
2007-08-09,-1.55209121433311
2007-08-10,-6.2601236231878
2007-08-13,-1.89087525448608
2007-08-14,-0.853352693969534
2007-08-16,-8.25322489413778
2007-08-17,1.38254670024058
2007-08-20,-3.97336518610705
2007-08-21,2.59081848586646
2007-08-22,5.95709602453329
2007-08-23,0.349655041236607
2007-08-24,2.58777314038716
2007-08-27,-2.91507320941231
2007-08-28,-3.31789971573015
2007-08-29,-0.388429921554057
2007-08-30,-2.74089974061833
2007-08-31,2.0814970177482
2007-09-03,0.682596507040012
2007-09-04,0.905494265484075
2007-09-05,-0.222406942831288
2007-09-06,-1.13763355982028
2007-09-07,0
2007-09-10,-2.96600187947047
2007-09-11,-1.70769636451182
2007-09-12,2.31910770082742
2007-09-13,5.83194106617393
2007-09-14,1.42237197123181
2007-09-17,-1.82067407973516
2007-09-18,1.606010242168
2007-09-19,3.42588218391091
2007-09-20,2.49394186649163
2007-09-21,-1.44919877095577
2007-09-24,-0.834919461092154
2007-09-25,-1.26800917534418
2007-09-26,-1.11340005988656
2007-09-27,-1.95577553381119
2007-09-28,-1.50371235956017
2007-10-01,-0.668864920790169
2007-10-02,2.76531490109249
2007-10-03,4.78936892816639
2007-10-04,3.81322283072749
2007-10-05,0.0612418505106405
2007-10-08,-2.02022445579781
2007-10-09,-1.23389375688077
2007-10-10,-0.766593605066079
2007-10-11,0.33228493934172
2007-10-12,-0.414938354681116
2007-10-15,-0.563862281935146
2007-10-16,-1.54188076671833
2007-10-17,0.445370694168723
2007-10-18,-0.211604666929865
2007-10-19,-0.21205338195025
2007-10-22,-1.93390994746441
2007-10-23,1.93390994746441
2007-10-24,-1.28673783109834
2007-10-25,-0.605371749389505
2007-10-26,0
2007-10-29,1.89210958048784
2007-10-30,-0.471499392507635
2007-10-31,0.365303837913267
2007-11-02,-2.80887765481794
2007-11-05,-2.55318032772101
2007-11-06,1.11984955440203
2007-11-07,-3.11677651733948
2007-11-08,-0.96636773771821
2007-11-09,-2.57869570661908
2007-11-12,-0.239966681607884
2007-11-13,6.23191018357634
2007-11-14,-1.57990862008703
2007-11-15,-1.94888237238189
2007-11-16,1.26628586534188
2007-11-19,0.0466889744688448
2007-11-20,1.69959738115897
2007-11-21,1.07519737466713
2007-11-22,-1.68383264139016
2007-11-23,0.789487870240801
2007-11-26,-3.30910167835712
2007-11-27,0.461906707935533
2007-11-28,0.462389308534839
2007-11-29,2.04575747526525
2007-11-30,5.69271479704256
2007-12-03,-3.24344805048158
2007-12-04,0
2007-12-05,3.17829596632659
2007-12-06,-0.576147227864299
2007-12-07,1.67800078088933
2007-12-10,0.817903225705541
2007-12-11,0
2007-12-12,-0.712913834305873
2007-12-13,-2.27704669156292
2007-12-14,-4.21831077912787
2007-12-17,-3.77579467997435
2007-12-18,3.43674649335286
2007-12-19,-0.769017657760518
2007-12-20,1.44343201236348
2007-12-21,-0.628460817925003
2007-12-27,2.22624035177428
2007-12-28,-2.04773262854299
2008-01-02,0.226500663085227
2008-01-03,-1.31008475245169
2008-01-04,-0.0463714360268597
2008-01-07,-0.91376844338984
2008-01-08,1.14284003187977
2008-01-09,-0.683617825657423
2008-01-10,0.683617825657423
2008-01-11,-0.774257358465524
2008-01-14,-1.05746674834042
2008-01-15,-2.690959526418
2008-01-16,-5.48430913038827
2008-01-17,-1.89897278847782
2008-01-18,0.179387815017451
2008-01-21,-5.82966597882106
2008-01-22,1.07588547891551
2008-01-23,-1.88814765198808
2008-01-24,5.30618870584125
2008-01-25,0.260397765525644
2008-01-28,-3.40899887919015
2008-01-29,4.12524255140627
2008-01-30,-2.48797547631159
2008-01-31,0.964932749656322
2008-02-01,0.806799054439145
2008-02-04,-0.544976444033773
2008-02-05,-1.12271099805468
2008-02-06,-0.363138867923674
2008-02-07,-2.7234979882822
2008-02-08,-2.51653908765097
2008-02-11,0.0816685558647556
2008-02-12,2.41035321630942
2008-02-13,-0.328498261480448
2008-02-14,0.353015576957239
2008-02-15,-2.32190099016436
2008-02-18,2.67367474966984
2008-02-19,-1.7682673781743
2008-02-20,1.14647197562321
2008-02-21,2.41034040842258
2008-02-22,0.158841985655034
2008-02-25,2.45516354726232
2008-02-26,-2.08451598498791
2008-02-27,-1.80939110584761
2008-02-28,-4.74376341176486
2008-02-29,-4.65913155306277
2008-03-03,-0.0300425605197052
2008-03-04,-3.62724378110184
2008-03-05,2.17448258182942
2008-03-06,-2.63597648716782
2008-03-07,-1.72947323692094
2008-03-10,2.00731872528754
2008-03-11,2.68617201060546
2008-03-12,0.977715383339284
2008-03-13,-2.41619767132031
2008-03-14,-1.61600146629106
2008-03-17,-3.30892375738414
2008-03-18,4.35126719171413
2008-03-19,1.77213344397846
2008-03-20,-2.04810988517936
2008-03-25,6.14289865538811
2008-03-26,0
2008-03-27,0.628260753640397
2008-03-28,-1.49288057085117
2008-03-31,1.15009331284135
2008-04-01,1.1370164205212
2008-04-02,-0.565281736513423
2008-04-03,-0.571734684007774
2008-04-04,1.42165721396523
2008-04-07,0.251981697209747
2008-04-08,-2.2160857937235
2008-04-09,1.67946330306972
2008-04-10,-1.1370164205212
2008-04-11,-4.07949999596577
2008-04-14,-1.13681934209606
2008-04-15,0.537782099361594
2008-04-16,0
2008-04-17,0
2008-04-18,1.78311816297643
2008-04-21,-1.45438788304286
2008-04-22,-2.26181991566601
2008-04-23,-3.28936524041317
2008-04-24,-1.01731739927304
2008-04-25,2.02084882741813
2008-04-28,1.49015198539635
2008-04-29,0.518433338760582
2008-04-30,1.82260891216681
2008-05-05,0.986766454411248
2008-05-06,1.03391320477173
2008-05-07,1.6099993306752
2008-05-08,-2.31714238161986
2008-05-09,-2.43067522241613
2008-05-12,1.80314279871552
2008-05-13,0.300762269873545
2008-05-14,2.95889409385199
2008-05-15,-3.25965636372554
2008-05-16,0.892878116377238
2008-05-19,-0.238443180492309
2008-05-20,-1.40179718070597
2008-05-21,0.449087271960114
2008-05-23,-0.0611205451964469
2008-05-26,-0.568851061334597
2008-05-27,0
2008-05-28,-0.575541157062087
2008-05-29,-2.42383421181689
2008-05-30,3.90054277537422
2008-06-02,-1.47670856355733
2008-06-03,0.964208926689647
2008-06-04,-0.68972855124767
2008-06-05,-0.425766334705013
2008-06-06,-0.638604838592727
2008-06-09,-3.2592453376179
2008-06-10,-3.63212677894302
2008-06-11,-1.4160785118956
2008-06-12,4.38413263845989
2008-06-13,0.125974066005341
2008-06-16,-2.1487438477509
2008-06-17,-2.45924705999703
2008-06-18,-3.92945416346855
2008-06-19,-2.41472391208752
2008-06-20,-0.890901423976542
2008-06-23,-4.37857006098095
2008-06-24,-6.15478204874194
2008-06-25,-0.794981376419868
2008-06-26,3.18663164483146
2008-06-27,0.730904625939077
2008-06-30,1.9090978464829
2008-07-01,-0.381491707662462
2008-07-02,-0.0773328789184458
2008-07-03,-0.871973063537235
2008-07-04,0
2008-07-07,0.609454891556993
2008-07-08,4.42119157718261
2008-07-09,3.0453023173687
2008-07-10,-2.6790392276197
2008-07-11,-2.27258902824308
2008-07-14,1.58008832181444
2008-07-15,0.218985729490795
2008-07-16,1.51555288802712
2008-07-17,1.21218503160687
2008-07-18,-0.108496926517887
2008-07-21,2.63073873431545
2008-07-22,0.857872291794148
2008-07-23,0.13580368757049
2008-07-24,-4.33455326933951
2008-07-25,-0.356969387662476
2008-07-28,0.356969387662476
2008-07-29,-1.76475168135783
2008-07-30,2.12448610862572
2008-07-31,-0.14535473145072
2008-08-01,1.16894620738677
2008-08-04,-0.492424479227394
2008-08-05,1.22852648000489
2008-08-06,-1.93737797203446
2008-08-07,-2.34323424349574
2008-08-08,0.0661813392786037
2008-08-11,-0.435116613806041
2008-08-12,3.94938152352662
2008-08-13,-2.13447955063519
2008-08-14,0.0693071352936059
2008-08-18,-1.51527383365759
2008-08-19,-2.96473530008421
2008-08-20,1.19477759014415
2008-08-21,0.298576726785349
2008-08-22,2.04898800202851
2008-08-25,0.471979698684155
2008-08-26,-2.52096770071266
2008-08-27,-2.78458045872485
2008-08-28,2.78458045872485
2008-08-29,0.994409464428436
2008-09-01,-1.6642946346932
2008-09-02,1.25602877849094
2008-09-03,-0.661754802284609
2008-09-04,2.41625836724215
2008-09-05,-2.49192677509007
2008-09-08,3.03599553244207
2008-09-09,-2.44478644757495
2008-09-10,-1.2621118313215
2008-09-11,0
2008-09-12,-0.488064629312257
2008-09-15,-4.56553254165124
2008-09-16,-1.81998867211504
2008-09-17,0.632884893540941
2008-09-18,1.34284279151942
2008-09-19,0.235372596729011
2008-09-22,-2.09326125437528
2008-09-23,-0.0770328787215391
2008-09-24,4.03359289934064
2008-09-25,1.63665533845379
2008-09-26,0.865732425912613
2008-09-29,-1.7390252788593
2008-09-30,2.41191552171141
2008-10-01,-0.562547745555442
2008-10-02,-4.32089746742026
2008-10-03,-1.4139081690157
2008-10-06,-5.0390581698434
2008-10-07,-2.10534091978323
2008-10-08,2.10534091978323
2008-10-09,-1.89328242786284
2008-10-10,-9.5719487958883
2008-10-13,0.5125912880247
2008-10-14,1.79695599959597
2008-10-15,-0.962371201005086
2008-10-16,-2.76109853470849
2008-10-17,-2.39271882460796
2008-10-20,1.96731229737921
2008-10-21,4.60342250010983
2008-10-22,-10.4822398026069
2008-10-23,-4.70461355941985
2008-10-24,3.07752942966535
2008-10-27,-1.19376454221825
2008-10-28,-2.41305759431469
2008-10-29,4.87844206904344
2008-10-30,0.30394288631812
2008-10-31,-1.52322354282353
2008-11-03,0.0523118963366542
2008-11-04,0.913935098220353
2008-11-05,-4.62540840709504
2008-11-06,-4.35092347732078
2008-11-07,-0.17021280705305
2008-11-10,-2.58858284482986
2008-11-12,-0.051813472661788
2008-11-13,-9.0314902965269
2008-11-14,-3.43344219424195
2008-11-17,-4.77193353483614
2008-11-18,-6.51955513845976
2008-11-19,0.139567363897486
2008-11-20,-3.68508923373261
2008-11-21,2.37205166502141
2008-11-24,-6.19815270334794
2008-11-25,-4.94935157348531
2008-11-26,3.06561957942755
2008-11-27,1.50271164031559
2008-11-28,-3.34914183153781
2008-12-01,-5.41335249667312
2008-12-02,2.54510484532511
2008-12-03,-1.26445569284623
2008-12-04,6.53633817649704
2008-12-05,4.10012220500837
2008-12-08,1.57886787358508
2008-12-09,-3.72649638808151
2008-12-10,-1.63930834213253
2008-12-11,-2.07626162147276
2008-12-12,-2.9341731941837
2008-12-15,2.3762023891523
2008-12-16,-0.487334880177537
2008-12-17,-1.64494206670454
2008-12-18,-2.34167214884029
2008-12-19,1.6835894880749
2008-12-22,0.244936533195306
2008-12-23,-1.24977956958339
2008-12-29,0.674170525716011
2008-12-30,0.17019671279348
2008-12-31,-0.426036147361231
2009-01-05,4.01690299621409
2009-01-06,2.38653318504083
2009-01-07,-3.9202914966916
2009-01-08,1.29651027628772
2009-01-09,-2.12361410393642
2009-01-12,-0.739946241283418
2009-01-13,-0.830742056985656
2009-01-14,-2.20442125660942
2009-01-15,-1.80907490798594
2009-01-16,0.786322117173421
2009-01-19,-4.32153661082868
2009-01-20,1.3303064933595
2009-01-21,-6.6114798958782
2009-01-22,-5.97305094326619
2009-01-23,-5.49682565679452
2009-01-26,2.31900336874475
2009-01-27,-2.96046260941907
2009-01-28,-5.62714882091684
2009-01-29,-7.41990493595364
2009-01-30,-4.75732857725442
2009-02-02,-7.31211621351369
2009-02-03,0
2009-02-04,17.0758279556973
2009-02-05,6.19908835831939
2009-02-06,3.43817925403593
2009-02-09,2.39895111011199
2009-02-10,4.43638417036234
2009-02-11,-2.29364740341951
2009-02-12,-0.505807529997115
2009-02-13,2.89891795311057
2009-02-16,-0.991212996317214
2009-02-17,-1.90770495679335
2009-02-18,0.505807529997115
2009-02-19,5.01795039339972
2009-02-20,-1.15785352967985
2009-02-23,-0.487714341351664
2009-02-24,0.389700490426348
2009-02-25,4.84023535914067
2009-02-26,3.72969983366667
2009-02-27,-4.38056415491017
2009-03-02,-0.656191896868874
2009-03-03,1.30705621811238
2009-03-04,4.51543974805442
2009-03-05,0.180451176785912
2009-03-06,1.05610227384458
2009-03-09,-1.2365534506305
2009-03-10,1.5037877364541
2009-03-11,4.4370105885577
2009-03-12,3.35642532437581
2009-03-13,0.401497026248743
2009-03-16,-1.53249156557629
2009-03-17,-1.06913118033436
2009-03-18,-3.70359811276009
2009-03-19,2.79283645367454
2009-03-20,-0.16047579787859
2009-03-23,4.1543510263411
2009-03-24,-2.50529276319842
2009-03-25,13.7565619421658
2009-03-26,13.3531392624522
2009-03-27,-0.625535164550195
2009-03-30,-0.758718119627488
2009-03-31,4.70163065237754
2009-04-01,-0.84673345183357
2009-04-02,2.52573153146871
2009-04-03,-1.25489182797089
2009-04-06,-1.27083970349782
2009-04-07,-3.09617908091648
2009-04-08,4.91160828556056
2009-04-09,4.68162132008332
2009-04-14,-0.695598449140178
2009-04-15,0.462105023561321
2009-04-16,-2.43193056547004
2009-04-17,-3.8316265336785
2009-04-20,-3.09617908091648
2009-04-21,-1.07535626558239
2009-04-22,0.129654991871808
2009-04-23,1.94609984006524
2009-04-24,2.21323656841492
2009-04-27,-1.77649312975992
2009-04-28,-1.75138308633658
2009-04-29,4.01694211255252
2009-04-30,2.39666585283125
2009-05-04,1.7555976900939
2009-05-05,-1.93689705148805
2009-05-06,-2.2153664914371
2009-05-07,1.20890725433496
2009-05-08,0.588893975205851
2009-05-11,0.59886462329044
2009-05-12,4.05589785848042
2009-05-13,-3.46726739634358
2009-05-14,-3.71633405336262
2009-05-15,-0.485707310678851
2009-05-18,3.257215760694
2009-05-19,0.944825603347477
2009-05-20,0
2009-05-21,-2.3209785617794
2009-05-22,1.67195149343797
2009-05-25,1.75664907019883
2009-05-26,1.45366624741694
2009-05-27,4.53699156504785
2009-05-28,2.96848504699345
2009-05-29,0.52929270686759
2009-06-01,7.14693066876935
2009-06-02,4.80851378347658
2009-06-03,-1.84802465844931
2009-06-04,1.84802465844931
2009-06-05,1.44267569408938
2009-06-08,-3.19314994376234
2009-06-09,6.11438648800395
2009-06-10,7.15204600046895
2009-06-12,1.45052934133236
2009-06-15,-2.28894888681737
2009-06-16,-2.13221508776194
2009-06-17,-4.35991453842428
2009-06-18,-1.22751342294389
2009-06-19,2.52079885080185
2009-06-22,-10.5332521312682
2009-06-23,0.736322844803494
2009-06-24,4.27031784659739
2009-06-25,-1.89775337609555
2009-06-26,-1.88467749063834
2009-06-29,2.4151539971569
2009-06-30,-3.88601454387527
2009-07-01,2.44502824410557
2009-07-02,-3.89228059491713
2009-07-03,0.448851638492798
2009-07-06,-2.47365477958716
2009-07-07,-0.828572834615393
2009-07-08,-1.24400979347317
2009-07-09,2.02027073175191
2009-07-10,-2.86626922401632
2009-07-13,-1.59212143678631
2009-07-14,5.87849187996459
2009-07-15,7.87278991240616
2009-07-16,1.34717608661559
2009-07-17,-0.371815777518858
2009-07-20,4.65891728351986
2009-07-21,-0.175425451599009
2009-07-22,-2.69475861622941
2009-07-23,3.22011443890369
2009-07-24,1.96176766965444
2009-07-27,-1.60808476839907
2009-07-28,-2.22242542348678
2009-07-29,-0.127190879755368
2009-07-30,5.37161574226284
2009-07-31,-1.36988443581618
2009-08-03,1.11868870931491
2009-08-04,-0.815894963612207
2009-08-05,-1.9549087489072
2009-08-06,-0.879038723929648
2009-08-07,2.61915607954277
2009-08-10,1.15153229306313
2009-08-11,-4.03691984971237
2009-08-12,-1.42859572474765
2009-08-13,5.59586536480445
2009-08-14,-2.14569113555751
2009-08-17,-3.58803133923153
2009-08-18,1.78752512494018
2009-08-19,3.94619734984887
2009-08-20,1.89726366699192
2009-08-21,3.4065648543693
2009-08-24,0.724855581933737
2009-08-25,-0.282023476593141
2009-08-26,-2.35988275358343
2009-08-27,3.39761722765983
2009-08-28,1.38340800064847
2009-08-31,1.90255441445046
2009-09-01,-2.29012589859532
2009-09-02,-5.34004000614763
2009-09-03,0.413476132934631
2009-09-04,0.77999508035056
2009-09-07,1.71133584459224
2009-09-08,-0.891222363469035
2009-09-09,0.524669833921187
2009-09-10,0.407705734362862
2009-09-11,-1.21888223376985
2009-09-14,-4.1672696400568
2009-09-15,-2.19006436443796
2009-09-16,2.6137326116551
2009-09-17,2.51436395629865
2009-09-18,1.15053555057778
2009-09-21,-1.77558164408196
2009-09-22,3.71569799328335
2009-09-23,-0.241035203219564
2009-09-24,-3.43224297466089
2009-09-25,1.85350435650986
2009-09-28,2.0602294416173
2009-09-29,-0.682037836898397
2009-09-30,-1.45686071264253
2009-10-01,2.45559790486571
2009-10-02,-5.73550607451208
2009-10-05,0.420088454336698
2009-10-06,3.50584660335755
2009-10-07,-1.14260523762924
2009-10-08,0.209141897625642
2009-10-09,0.245763032048529
2009-10-12,-0.739108536070798
2009-10-13,0
2009-10-14,1.42680884402586
2009-10-15,1.80957101681782
2009-10-16,2.9464946996963
2009-10-19,3.98109572785161
2009-10-20,2.93222552373651
2009-10-21,-0.143357455586424
2009-10-22,0.502893714759844
2009-10-23,4.05609490315966
2009-10-26,-2.90854465027426
2009-10-27,-2.59351695124939
2009-10-28,-1.58481922400235
2009-10-29,1.29060995760177
2009-10-30,-2.67052603368363
2009-11-02,1.52694094976549
2009-11-03,-1.15256801187567
2009-11-04,2.65654370147299
2009-11-05,1.81115378935228
2009-11-06,0.251450025012545
2009-11-09,2.46847090452365
2009-11-10,-0.662135916339546
2009-11-12,-0.99145291231455
2009-11-13,-0.782482917964211
2009-11-16,1.10338170918234
2009-11-17,0.459495364453444
2009-11-18,0.556550830345648
2009-11-19,0.352203613058411
2009-11-20,-0.0355597704215338
2009-11-23,3.29236647558679
2009-11-24,1.20485674861679
2009-11-25,1.62263963783125
2009-11-26,0
2009-11-27,2.26760419092384
2009-11-30,2.34519016875359
2009-12-01,1.73831746178599
2009-12-02,-0.928739568616033
2009-12-03,0.928739568616033
2009-12-04,0
2009-12-07,-0.465043933266562
2009-12-08,-3.2991948413772
2009-12-09,-2.19732720928723
2009-12-10,1.23278898480863
2009-12-11,0.964538224478595
2009-12-14,1.20973572521863
2009-12-15,-0.57423981505309
2009-12-16,-0.697093462704723
2009-12-17,-0.742145431915286
2009-12-18,0.99553923265705
2009-12-21,0.540834200926144
2009-12-22,0.537924911973597
2009-12-23,0.314241081326916
2009-12-28,1.52847583648961
2009-12-29,1.41549621352
2009-12-30,-2.47445422084405
2009-12-31,-0.469517829165556
2010-01-04,3.55141507196253
2010-01-05,1.06103606908601
2010-01-06,0.594037626631083
2010-01-07,-1.80314279871552
2010-01-08,-1.22390363674958
2010-01-11,1.52325869901104
2010-01-12,-3.42143693837142
2010-01-13,-0.441832181445934
2010-01-14,0.441832181445934
2010-01-15,-0.156555804970271
2010-01-18,0.564582058934304
2010-01-19,0.498014274335645
2010-01-20,-0.338803923876707
2010-01-21,-3.07285744320969
2010-01-22,-5.62345965443054
2010-01-25,-1.81734741954558
2010-01-26,-2.88039034604637
2010-01-27,-0.648799972648373
2010-01-28,0.466750040701402
2010-01-29,0.18204993194697
2010-02-01,-1.4001612598916
2010-02-02,1.57784575521251
2010-02-03,-0.359734427267888
2010-02-04,-4.75154667374316
2010-02-05,-2.81199228508666
2010-02-08,-0.0393141863750834
2010-02-09,0.579408708895013
2010-02-10,-0.579408708895013
2010-02-11,-1.66975265161078
2010-02-12,2.24916136050579
2010-02-15,-0.117353050521096
2010-02-16,-0.383442735602424
2010-02-17,5.17668572585972
2010-02-18,-0.145195105468865
2010-02-19,-1.06845757684515
2010-02-22,0.664954460688127
2010-02-23,-0.736312576503906
2010-02-24,-1.68106768262906
2010-02-25,-3.72378822438044
2010-02-26,6.50730161563677
2010-03-01,0.765367904718373
2010-03-02,2.83208364149661
2010-03-03,0.176119806962083
2010-03-04,-1.24345176710086
2010-03-05,1.66647099476576
2010-03-08,0.734028331960035
2010-03-09,-1.33316736658702
2010-03-10,0.706603870139988
2010-03-11,0.69769568676108
2010-03-12,-0.0355597704215338
2010-03-15,-1.44087829553929
2010-03-16,2.13790988485405
2010-03-17,1.23634109272839
2010-03-18,0.987395687470505
2010-03-19,0.707527571471012
2010-03-22,-0.845792370545961
2010-03-23,0.0345841262308966
2010-03-24,-2.39907304902269
2010-03-25,3.98093218521778
2010-03-26,0.565655026611367
2010-03-29,-1.0015011619763
2010-03-30,0.503893922657284
2010-03-31,-1.68449104971833
2010-04-01,2.6435596492961
2010-04-06,3.59892546216778
2010-04-07,0.479081657632774
2010-04-08,-0.194237678420661
2010-04-09,2.54177165815079
2010-04-12,2.89905455487682
2010-04-13,-0.756425491633017
2010-04-14,0
2010-04-15,-0.758728981215961
2010-04-16,0.758728981215961
2010-04-19,-3.54595001943605
2010-04-20,0.751829912065549
2010-04-21,-0.595324224574822
2010-04-22,-3.99915532506712
2010-04-23,1.94159517110855
2010-04-26,4.68827550468793
2010-04-27,0.607443021952925
2010-04-28,-2.92233688627781
2010-04-29,1.27089774511977
2010-04-30,1.80272510042108
2010-05-04,-3.70270103122556
2010-05-05,-2.22435674593258
2010-05-06,-2.94100764711769
2010-05-07,-3.26258977301346
2010-05-10,6.68365071138539
2010-05-11,0.510251346802537
2010-05-12,2.45306082440746
2010-05-13,-1.37957680512346
2010-05-14,-3.68822717089845
2010-05-17,-0.322874229758652
2010-05-18,1.62233482234106
2010-05-19,-4.85597759642888
2010-05-20,-5.14024190261835
2010-05-21,2.9863662170186
2010-05-24,0.652996513763426
2010-05-25,-3.03892974476478
2010-05-26,5.11406109763066
2010-05-27,3.79778254393477
2010-05-28,2.8727094497806
2010-05-31,0.317319100381308
2010-06-01,-2.64027455424243
2010-06-02,3.08071001794015
2010-06-04,-1.86373014486838
2010-06-07,-0.158999780543034
2010-06-08,0.350187184341788
2010-06-09,0.126055733318697
2010-06-10,1.10605154405321
2010-06-11,-2.35194792518452
2010-06-14,0.291131615069951
2010-06-15,-0.645269368582779
2010-06-16,0.935555867285531
2010-06-17,-1.19190053470537
2010-06-18,-1.36599015492123
2010-06-21,2.42736603457057
2010-06-22,0.159507012249094
2010-06-23,-1.64345237186208
2010-06-24,-0.943420674957585
2010-06-25,0
2010-06-28,-2.12258386742086
2010-06-29,-1.55356304369336
2010-06-30,-1.88806044547389
2010-07-01,-1.74827548496417
2010-07-02,1.78363824834324
2010-07-05,0.141326133521469
2010-07-06,1.71137154857335
2010-07-07,-1.74668436160585
2010-07-08,1.58072203168924
2010-07-09,0.504749949434702
2010-07-12,1.68449104971833
2010-07-13,-1.20904826155601
2010-07-14,2.53053762809601
2010-07-15,1.95371369767887
2010-07-16,-0.318699099355646
2010-07-19,0.161308096714396
2010-07-20,-0.812848141046896
2010-07-21,2.89010105971732
2010-07-22,1.88017551447714
2010-07-23,0.46369563534947
2010-07-26,-0.590532138982791
2010-07-27,1.05557607224935
2010-07-28,-1.5503641465298
2010-07-29,0.311295309574033
2010-07-30,0.71442701239155
2010-08-02,2.50381013149696
2010-08-03,0
2010-08-04,2.82573254949643
2010-08-05,-0.884976304586838
2010-08-06,-1.43245692614165
2010-08-09,-0.964208926689647
2010-08-10,-4.96924470060671
2010-08-11,-0.928653244013855
2010-08-12,-0.354137753512829
2010-08-13,0.324977920975256
2010-08-16,0.957813076551428
2010-08-17,1.26654366938115
2010-08-18,-1.87136596836996
2010-08-19,0.637313860494171
2010-08-20,-1.34820437002898
2010-08-23,0
2010-08-24,-4.34810468577767
2010-08-25,0.434667249356702
2010-08-26,-0.102776888055756
2010-08-27,0
2010-08-30,0.270039148597512
2010-08-31,-0.136830123970899
2010-09-01,1.6334746509779
2010-09-02,-0.860567870825957
2010-09-03,1.52068550835405
2010-09-06,-0.331378875337807
2010-09-07,0.167688362597174
2010-09-08,2.75056355956029
2010-09-09,0.63549591016554
2010-09-10,0.477567829866343
2010-09-13,0.784989401677594
2010-09-14,-0.627497780607156
2010-09-15,0.943319267011633
2010-09-16,-0.536422892359179
2010-09-17,-2.31701203925812
2010-09-20,2.19226374727959
2010-09-21,0.409304221342488
2010-09-22,-1.19701999195749
2010-09-23,-1.08425652905706
2010-09-24,1.14534717869752
2010-09-27,-0.66682533029665
2010-09-28,-2.42325180956606
2010-09-29,1.04311592516257
2010-09-30,0.901614036002618
2010-10-01,-2.26760419092384
2010-10-04,0.289521749321997
2010-10-05,2.29735129749766
2010-10-06,-0.639560303503339
2010-10-07,-1.94731274331632
2010-10-08,1.30363572298542
2010-10-11,0.318699099355646
2010-10-12,-0.774699595319994
2010-10-13,1.0340367875143
2010-10-14,-0.259337192194309
2010-10-15,-2.61602972614243
2010-10-18,1.44986792768957
2010-10-19,-0.456173023888207
2010-10-20,-0.297818699764152
2010-10-21,-0.527074468435984
2010-10-22,0.824893168200136
2010-10-25,1.58941301134412
2010-10-26,-1.95436332889067
2010-10-27,0.687824547305205
2010-10-28,-0.486564742499285
2010-10-29,-0.563802482928333
2010-11-02,1.27982698561793
2010-11-03,0.0332649556762377
2010-11-04,5.9154039714401
2010-11-05,1.52442503394585
2010-11-08,-0.909786411752656
2010-11-09,0.397326347160343
2010-11-10,-1.62689999822199
2010-11-12,0.154088631433646
2010-11-15,1.37966776367651
2010-11-16,-2.61907660837339
2010-11-17,-0.504369897800849
2010-11-18,0.504369897800849
2010-11-19,-0.943319267011633
2010-11-22,-0.125257241034538
2010-11-23,0.439498322361453
2010-11-24,-1.26654366938115
2010-11-25,0.794810966983794
2010-11-26,-1.11306374003188
2010-11-29,0.574288685802404
2010-11-30,-0.733795698051498
2010-12-01,1.43006237335142
2010-12-02,-0.635059450936781
2010-12-03,0.763731997105133
2010-12-06,-0.128672546168351
2010-12-07,2.79671922599811
2010-12-08,1.64534694975638
2010-12-09,3.29443141055759
2010-12-10,1.82377869637231
2010-12-13,2.88027086677567
2010-12-14,-1.11789782064897
2010-12-15,1.83851393208574
2010-12-16,1.212324937651
2010-12-17,3.35669439381636
2010-12-20,-1.46344811166448
2010-12-21,-0.267843715140836
2010-12-22,0.507684745757819
2010-12-23,0.160584197274272
2010-12-27,-0.668268943032091
2010-12-28,-0.810935178277594
2010-12-29,0.621795402551095
2010-12-30,-1.02819990280056
2010-12-31,-1.09500900250583
2011-01-03,2.55283219900964
2011-01-04,-0.509046562785453
2011-01-05,-1.93156267485319
2011-01-07,-2.33569314981033
2011-01-10,1.25815727374734
2011-01-11,0.52455635176587
2011-01-12,3.82321776723642
2011-01-13,0.132586049676542
2011-01-14,1.6337743743096
2011-01-17,0.570138761359651
2011-01-18,2.00636614781247
2011-01-19,0.739263243945665
2011-01-20,-3.23877217679556
2011-01-21,2.67835341470803
2011-01-24,-2.10570883669288
2011-01-25,-1.04443454263405
2011-01-26,3.27687150688645
2011-01-27,-0.279591460038686
2011-01-28,6.21905510520731
2011-01-31,-1.32423335496199
2011-02-01,1.56534420661489
2011-02-02,0.378102916219891
2011-02-03,-0.142970850212309
2011-02-04,-1.67961373902497
2011-02-07,-0.288663962146618
2011-02-08,-0.391713832915785
2011-02-09,-0.732360130858689
2011-02-10,-0.569611189971608
2011-02-11,1.13045892713055
2011-02-14,0.488863470665279
2011-02-15,-1.56893187014857
2011-02-16,0.346446479732831
2011-02-17,-0.371638569549937
2011-02-18,-0.865976677203539
2011-02-21,-0.876390027229235
2011-02-22,-0.502628428523177
2011-02-23,3.42498266446727
2011-02-24,-1.52491699476993
2011-02-25,-0.0477668984482538
2011-02-28,-0.17440229455703
2011-03-01,-0.0506899475793077
2011-03-02,3.32158899618094
2011-03-03,0.456721107089297
2011-03-04,0.904543705732719
2011-03-07,2.39036160015473
2011-03-08,0.230686656946322
2011-03-09,-0.717395237990903
2011-03-10,-3.04717142036712
2011-03-11,-1.69177224918018
2011-03-14,2.3610879566299
2011-03-15,-1.99673855138682
2011-03-16,-0.317351076965533
2011-03-17,2.26816664309157
2011-03-18,2.44751131085468
2011-03-21,-0.258725525811165
2011-03-22,-0.164029879626781
2011-03-23,0.467568312304856
2011-03-24,-0.279749991105271
2011-03-25,1.66428079032466
2011-03-28,0.642539195368608
2011-03-29,-0.183531348772936
2011-03-30,0.50068496986766
2011-03-31,0.249405541636172
2011-04-01,1.90767815923998
2011-04-04,2.19537117728801
2011-04-05,0.844301108101142
2011-04-06,4.45027671485061
2011-04-07,-1.14260088729865
2011-04-08,0.626990857772425
2011-04-11,0.103334908208819
2011-04-12,-1.98904204555528
2011-04-13,1.25871627957403
2011-04-14,-0.101725798625729
2011-04-15,0.186812071780773
2011-04-18,0.664016190998984
2011-04-19,-0.435115639153061
2011-04-20,2.26064159759183
2011-04-21,0.44605978494201
2011-04-26,-0.873287500178632
2011-04-27,-0.799297902890128
2011-04-28,-1.263016531311
2011-04-29,-1.0043654050961
2011-05-02,-1.07966499826877
2011-05-04,-3.24344805048158
2011-05-05,-1.30671635982575
2011-05-06,0.599045335336701
2011-05-09,1.36334593458347
2011-05-10,1.38896243314237
2011-05-11,-0.300737399489126
2011-05-12,-1.98589489762457
2011-05-13,2.37204294447193
2011-05-16,-0.604320146085291
2011-05-17,-1.52572784450973
2011-05-18,1.00411162356
2011-05-19,-0.390528945594326
2011-05-20,0.476832567072627
2011-05-23,-1.7529259496269
2011-05-24,0.288043881607081
2011-05-25,-0.841406965808611
2011-05-26,1.49953368687119
2011-05-27,1.67305032130218
2011-05-30,0.21723485763796
2011-05-31,0.428203661441096
2011-06-01,0.106765030038725
2011-06-02,-0.53496869147982
2011-06-03,0
2011-06-06,-0.864406974004028
2011-06-07,1.18573149585011
2011-06-08,-0.0218757216822407
2011-06-09,0.791762105218874
2011-06-10,0.190345450027918
2011-06-13,-0.0409298299903327
2011-06-14,0.46369234382504
2011-06-15,-1.48998784073031
2011-06-16,-0.0632772782680036
2011-06-17,1.93366200340761
2011-06-20,-2.55884719884256
2011-06-21,-1.23989411486622
2011-06-22,-1.12243022155565
2011-06-24,0.575260452883253
2011-06-27,-2.85863844530563
2011-06-28,0.496621950449994
2011-06-29,0.654121117254602
2011-06-30,1.01969586215405
2011-07-01,0.288368910572512
2011-07-04,0.464652347358641
2011-07-05,0.678103419315601
2011-07-06,-1.76063084234412
2011-07-07,1.80517978504353
2011-07-08,-0.700223852793824
2011-07-11,-2.35993202897942
2011-07-12,-1.90859742645548
2011-07-13,-1.38254670024058
2011-07-14,-3.40588535041166
2011-07-15,-2.51100824833492
2011-07-18,-4.87817721267669
2011-07-19,-0.235252710980083
2011-07-20,-2.256921353184
2011-07-21,4.54175378244313
2011-07-22,0.885253091791949
2011-07-25,0.478034145012485
2011-07-26,-1.1075068958911
2011-07-27,-1.78682193324806
2011-07-28,0.510049050247918
2011-07-29,-1.99369464509038
2011-08-01,0.420243293820199
2011-08-02,-0.65480745368518
2011-08-03,-5.52751774019531
2011-08-04,-4.38949990938395
2011-08-05,0.465040955988982
2011-08-08,-3.52138523131695
2011-08-09,-1.50378773645405
2011-08-10,-9.52723876235226
2011-08-11,4.08023427644837
2011-08-12,4.65711368804813
2011-08-16,3.48130498840638
2011-08-17,1.75704835122392
2011-08-18,-6.68590996474117
2011-08-19,0.343727320991549
2011-08-22,3.42796314550178
2011-08-23,-1.65456552224716
2011-08-24,-2.95330036682038
2011-08-25,-4.31497681147159
2011-08-26,-1.04864861001577
2011-08-29,0.822743505148305
2011-08-30,-0.0667581525367833
2011-08-31,0.915879066359437
2011-09-01,-2.10268157621858
2011-09-02,-5.78830387457301
2011-09-05,-7.65712690683054
2011-09-06,2.25062578184829
2011-09-07,2.88471593053572
2011-09-08,0.032631750982981
2011-09-09,-3.21592440830405
2011-09-12,-4.59786720068207
2011-09-13,0.387307380859614
2011-09-14,0.730904625939077
2011-09-15,1.22222299002948
2011-09-16,3.84101972876905
2011-09-19,-0.548698221625887
2011-09-20,3.00552244314933
2011-09-21,-0.109269724949757
2011-09-22,-6.641913516092
2011-09-23,-4.33331865252096
2011-09-26,-0.757527833820726
2011-09-27,2.30009014583339
2011-09-28,-2.90294180720032
2011-09-29,4.15436763265489
2011-09-30,-2.19476578173672
2011-10-03,-5.20453892910191
2011-10-04,-5.40540770904525
2011-10-05,1.31985641296302
2011-10-06,-0.395120778783342
2011-10-07,1.6880522527424
2011-10-10,5.02002930165526
2011-10-11,-1.35112006929305
2011-10-12,6.48785355621482
2011-10-13,3.46485910178735
2011-10-14,1.11898137903967
2011-10-17,-3.35179204202296
2011-10-18,1.1398102847866
2011-10-19,3.49699255536615
2011-10-20,-3.87548763087677
2011-10-21,2.21606273135575
2011-10-24,5.42624133354512
2011-10-25,-1.05952751018252
2011-10-26,-0.0726509557302357
2011-10-27,4.72758680228269
2011-10-28,-1.091976000626
2011-10-31,-1.52219494646855
2011-11-02,-2.11341585518814
2011-11-03,2.00662260861013
2011-11-04,-1.58356752448836
2011-11-07,0.497313931038246
2011-11-08,1.40234694605192
2011-11-09,-2.60979943274959
2011-11-10,-0.251368468056601
2011-11-14,3.76050044918359
2011-11-15,-3.50913198112699
2011-11-16,1.98455006696774
2011-11-17,1.28581088380053
2011-11-18,-2.0629084640706
2011-11-21,-4.84001778140115
2011-11-22,-2.21198175723636
2011-11-23,-2.06899445170268
2011-11-24,-3.37398583380768
2011-11-25,0
2011-11-28,1.89489752142489
2011-11-29,-6.43902653664439
2011-11-30,4.50332286652695
2011-12-01,0.592319684411891
2011-12-02,-1.07418260423526
2011-12-05,3.43540960304729
2011-12-06,-2.95354668322392
2011-12-07,0
2011-12-08,-1.6137861938172
2011-12-09,0
2011-12-12,-3.30786776385805
2011-12-13,0.418331091148305
2011-12-14,-0.542264564278039
2011-12-15,0.371340583817981
2011-12-16,1.00707690224278
2011-12-19,-4.24266747231141
2011-12-20,0.650671310575834
2011-12-21,-3.05491984077522
2011-12-22,0.220972367938366
2011-12-23,1.75534702739282
2011-12-27,0
2011-12-28,0.128078835242551
2011-12-29,1.85344036580739
2011-12-30,-0.688587727090884
2012-01-02,2.95810058138168
2012-01-03,-1.08771585624203
2012-01-04,-2.34349864263583
2012-01-05,-3.91855128341283
2012-01-09,-3.87733859259605
2012-01-10,0.321891520912443
2012-01-11,-0.889035860386356
2012-01-12,2.18194298027208
2012-01-13,0
2012-01-16,0.864775086021652
2012-01-17,2.33901972755994
2012-01-18,3.92129642487826
2012-01-19,3.07129528941985
2012-01-20,0.697356159544027
2012-01-23,3.60027891966781
2012-01-24,0.869025357970488
2012-01-25,0.86153832474718
2012-01-26,1.54885398889566
2012-01-27,-1.43395208479218
2012-01-30,-1.09247023115775
2012-01-31,2.75691231774959
2012-02-01,1.52174506742058
2012-02-02,-1.14021414720269
2012-02-03,0
2012-02-06,1.62675003931665
2012-02-07,4.65819408911288
2012-02-08,1.10328666660759
2012-02-09,-2.36692627529589
2012-02-10,-2.90613746396087
2012-02-13,-0.786886517020902
2012-02-14,-0.188066391556774
2012-02-15,0.898662322525956
2012-02-16,0.596057650268644
2012-02-17,1.11072667789514
2012-02-20,-0.736312576503906
2012-02-21,1.64914410898716
2012-02-22,-1.61555747615116
2012-02-23,-0.0335866328359913
2012-02-24,2.19697783418464
2012-02-27,-0.292079110085774
2012-02-28,0.97981720643685
2012-02-29,0.747849364167763
2012-03-01,-0.356969387662476
2012-03-02,-3.87364351162263
2012-03-05,-3.18018431608711
2012-03-06,-4.92481444842841
2012-03-07,1.00727817765787
2012-03-08,-0.081662285637929
2012-03-09,0.235731556643826
2012-03-12,-2.46156402302025
2012-03-13,-0.125380220283944
2012-03-14,3.62298954657851
2012-03-15,4.10460339521324
2012-03-16,-1.06804898274837
2012-03-19,3.46909920469418
2012-03-20,2.08600599730984
2012-03-21,-1.57085397747432
2012-03-22,-1.78711660056292
2012-03-23,1.2719645807274
2012-03-26,0.736312576503906
2012-03-27,2.18103510501479
2012-03-28,-1.44596669836399
2012-03-29,-1.47138098315471
2012-03-30,0.844627867880243
2012-04-02,3.11135297392755
2012-04-03,5.47382738711528
2012-04-04,-2.66413959828653
2012-04-05,-2.10183412536868
2012-04-10,-1.10012997277913
2012-04-11,2.18828866619618
2012-04-12,2.59439746364087
2012-04-13,-1.54540921865673
2012-04-16,-0.349753760738647
2012-04-17,5.50654010213534
2012-04-18,1.88597791673946
2012-04-19,-3.10801958942175
2012-04-20,-0.302183504104292
2012-04-23,-5.23810023993989
2012-04-24,1.39347490537594
2012-04-25,-1.18241614873296
2012-04-26,1.04472655794816
2012-04-27,-0.347030871187082
2012-04-30,-1.22817974993898
2012-05-02,1.36634766564874
2012-05-04,-0.835863602470832
2012-05-07,-0.35467389282835
2012-05-08,-4.13228052284387
2012-05-09,-4.50173857503575
2012-05-10,1.25423320495899
2012-05-11,-1.45027325990199
2012-05-14,-2.36955953868727
2012-05-15,-2.35390027462294
2012-05-16,0.565282322189065
2012-05-17,-2.56465632289733
2012-05-18,0.288748337730027
2012-05-21,2.19404886922234
2012-05-22,-0.0819261799953619
2012-05-23,-3.14050551948548
2012-05-24,1.35802539725707
2012-05-25,2.10524435288142
2012-05-28,0.836144167747888
2012-05-29,0.435632692170262
2012-05-30,-6.48881229088616
2012-05-31,-1.74613736135885
2012-06-01,0
2012-06-04,0.645085297519188
2012-06-05,-3.42783923215704
2012-06-06,1.91775159554699
2012-06-08,-0.427929134868199
2012-06-11,4.25103205534074
2012-06-12,4.64298239775598
2012-06-13,2.00908583640027
2012-06-14,0.467434815028955
2012-06-15,6.38646249608397
2012-06-18,1.2631919595655
2012-06-19,4.94556040972949
2012-06-20,-3.72630479924005
2012-06-21,-2.41230832014496
2012-06-22,-1.90704034800442
2012-06-25,-1.75569583333819
2012-06-26,1.30909723977997
2012-06-27,0.560036834405864
2012-06-28,0.736312576503906
2012-06-29,2.5392833305371
2012-07-02,1.74029529086641
2012-07-03,0.390609927074825
2012-07-04,0.835863602470832
2012-07-05,2.30468973609437
2012-07-06,-1.2334821454056
2012-07-09,-5.19056202379975
2012-07-10,-2.05165217852632
2012-07-11,-3.46223725742218
2012-07-12,-0.387352779062322
2012-07-13,2.58278819560731
2012-07-16,0.301262559453264
2012-07-17,-2.57491803908603
2012-07-18,0.078220063087775
2012-07-19,0.912379580562606
2012-07-20,0.227873779195509
2012-07-23,-6.86094976390867
2012-07-24,-1.75394251271563
2012-07-25,0.982843228513985
2012-07-26,1.01458166014567
2012-07-27,1.96730635479354
2012-07-30,0.076454322268793
2012-07-31,3.77603082024303
2012-08-01,2.67388757111635
2012-08-02,-0.557905081926036
2012-08-03,1.55602618020274
2012-08-06,0.408112838965469
2012-08-07,-0.333028365409138
2012-08-08,-0.883719863412225
2012-08-09,2.56248577224505
2012-08-10,-2.27263658484209
2012-08-13,-0.0335626786167609
2012-08-14,-0.855444419355056
2012-08-16,2.03592823035041
2012-08-17,-1.6979330629987
2012-08-20,-0.864155841485426
2012-08-21,-2.31112216573308
2012-08-22,-1.31477045113901
2012-08-23,0.352299113718058
2012-08-24,1.91576740329329
2012-08-27,-0.34127514385478
2012-08-28,-1.27162798755052
2012-08-29,0.811877004244854
2012-08-30,-1.4670403898509
2012-08-31,2.98996721139186
2012-09-03,1.94617238315322
2012-09-04,-0.560036834405864
2012-09-05,-0.1859679318716
2012-09-06,2.03101556440726
2012-09-07,2.45682422152345
2012-09-10,1.83954691301529
2012-09-11,0
2012-09-12,-0.633405165192436
2012-09-13,-1.31541147277261
2012-09-14,6.43335074123228
2012-09-17,2.44545809717951
2012-09-18,2.36175230505014
2012-09-19,2.11612114012483
2012-09-20,-1.41654019743309
2012-09-21,-2.40765166610961
2012-09-24,1.86355519725803
2012-09-25,-1.37516718894912
2012-09-26,-2.91771761067299
2012-09-27,2.97997157221848
2012-09-28,1.37792803862244
2012-10-01,1.89562185506587
2012-10-02,2.31489386432489
2012-10-03,-0.152439053909603
2012-10-04,0.0901057070147981
2012-10-05,0.821062328110767
2012-10-08,-2.2655590262159
2012-10-09,-1.12388530572942
2012-10-10,0.874047921873577
2012-10-11,0.37276734682794
2012-10-12,-2.47698383599473
2012-10-15,1.04162015589684
2012-10-16,-0.438949369210784
2012-10-17,-0.635059450936781
2012-10-18,-3.25582931606676
2012-10-19,-1.95631884445211
2012-10-22,-0.166982961001416
2012-10-23,-0.536990721971664
2012-10-24,1.86885971830661
2012-10-25,3.38278385782673
2012-10-26,0.379726691746507
2012-10-29,0.636864615469968
2012-10-30,5.11767207554774
2012-10-31,1.13512442888819
2012-11-02,-0.747395217211411
2012-11-05,-1.05445533305644
2012-11-06,0.154254893899974
2012-11-07,-0.305312324436668
2012-11-08,0
2012-11-09,-1.18892670269464
2012-11-12,1.33998413323133
2012-11-13,0.455223006443628
2012-11-14,1.93786818039956
2012-11-15,1.17540685637971
2012-11-16,2.02185964957979
2012-11-19,3.23648712516538
2012-11-20,-1.9568358256902
2012-11-21,0.841975951618146
2012-11-22,-0.0508275369117683
2012-11-23,-2.21363833085815
2012-11-26,1.98777893564452
2012-11-27,0.390954521133891
2012-11-28,3.38402189147677
2012-11-29,2.08796126109645
2012-11-30,0
2012-12-03,3.12811905635551
2012-12-04,-0.128160334447536
2012-12-05,1.02359787781756
2012-12-06,2.23939982486545
2012-12-07,3.20906901559432
2012-12-10,0
2012-12-11,3.55057354534796
2012-12-12,-1.90319696002992
2012-12-13,-4.58317905248657
2012-12-14,3.65444667499712
2012-12-17,0
2012-12-18,0.241110851652904
2012-12-19,0.235132066007582
2012-12-20,0.924340201231422
2012-12-21,-0.211521291228989
2012-12-27,0.44928270691531
2012-12-28,-3.08358667744253
2013-01-02,2.75484561886405
2013-01-03,-0.450765453354407
2013-01-04,-3.770516234753
2013-01-07,-4.84607015534784
2013-01-08,-1.24763818078542
2013-01-09,1.27401528561153
2013-01-10,1.31006240456979
2013-01-11,-1.9332455848438
2013-01-14,2.44099268727851
2013-01-15,-0.762590714338574
2013-01-16,1.69917119041632
2013-01-17,-0.151206111287561
2013-01-18,0.728248318501912
2013-01-21,-0.124790849740553
2013-01-22,-0.378158281786467
2013-01-23,1.00056106053934
2013-01-24,0
2013-01-25,-0.523124664257679
2013-01-28,-0.980064824804838
2013-01-29,-1.0157922256766
2013-01-30,0.254195809771218
2013-01-31,1.74166124071022
2013-02-01,-0.35217304220394
2013-02-04,-4.51607053702165
2013-02-05,3.6359139720922
2013-02-06,-5.46526075262688
2013-02-07,-1.34590712196112
2013-02-08,1.07877889341843
2013-02-11,1.27755773342706
2013-02-12,-1.81396449337661
2013-02-13,1.97289221473023
2013-02-14,0.343977008569984
2013-02-15,1.51430491422366
2013-02-18,2.18184126268191
2013-02-19,2.25911508062775
2013-02-20,0.0253168119047409
2013-02-21,-0.770809209240397
2013-02-22,0.99556628536881
2013-02-25,2.68572857913538
2013-02-26,-1.38369582669324
2013-02-27,1.83889252409384
2013-02-28,0.192900770288773
2013-03-01,-1.15753408203738
2013-03-04,-0.217161320687698
2013-03-05,2.51630036308823
2013-03-06,1.82940037669854
2013-03-07,-0.721910239248036
2013-03-08,5.08858334673028
2013-03-11,-2.11569881735394
2013-03-12,0.408777708550634
2013-03-13,-1.98749821304762
2013-03-14,2.50697990075803
2013-03-15,-2.09171101194321
2013-03-18,-1.17978454652574
2013-03-19,-0.467889670516319
2013-03-20,0.839055054441351
2013-03-21,-2.34472967235213
2013-03-22,-1.52869218969056
2013-03-25,-1.50805026430341
2013-03-26,0.271363072873765
2013-03-27,0.96866383876999
2013-03-28,-1.21507508240657
2013-04-02,1.33823623379419
2013-04-03,-4.61527807918998
2013-04-04,3.22713195942974
2013-04-05,-2.37431522213858
2013-04-08,-1.56572975184273
2013-04-09,3.18000846410511
2013-04-10,-0.173416915243774
2013-04-11,0.983363311086016
2013-04-12,0.24641124363658
2013-04-15,-0.171593089817401
2013-04-17,-0.196864102619765
2013-04-18,-3.10631249524138
2013-04-19,0.0515213109258728
2013-04-22,-1.1946541609932
2013-04-23,-1.52028722878108
2013-04-24,1.13438241351971
2013-04-25,-0.510049050247918
2013-04-26,-0.131577042710473
2013-04-29,0
2013-04-30,-2.03352754186037
2013-05-02,1.38481315122796
2013-05-06,1.2903404835908
2013-05-07,2.28487760373919
2013-05-08,-0.025576537928762
2013-05-09,0.0483057479024662
2013-05-10,-2.81765586396081
2013-05-13,0.768450877996152
2013-05-14,1.01837105525191
2013-05-15,2.37400714750358
2013-05-16,1.59607436677498
2013-05-17,-0.196048715993902
2013-05-20,-1.27677288300014
2013-05-21,-2.24499513295595
2013-05-22,0.251630008100623
2013-05-23,-2.03682430182357
2013-05-24,2.46428498519888
2013-05-27,2.40223949943434
2013-05-28,3.39524466169663
2013-05-29,0.423094033029514
2013-05-31,1.26656234244287
2013-06-03,-1.64136534056922
2013-06-04,0.540339427233683
2013-06-05,-0.516202652057807
2013-06-06,-0.667243112642479
2013-06-07,1.42059265370844
2013-06-10,2.09114569999969
2013-06-11,-1.39098901808761
2013-06-12,-0.700156681912079
2013-06-13,-2.20924668649638
2013-06-14,-1.61833582957698
2013-06-17,-1.47362584225954
2013-06-18,-0.921899369814305
2013-06-19,0.0481375042920895
2013-06-20,-7.08468302998719
2013-06-21,-4.94589181840817
2013-06-24,-0.0255460468881807
2013-06-25,1.42691960347343
2013-06-26,-0.391167691206684
2013-06-27,-5.94479327569406
2013-06-28,6.02693918407629
2013-07-01,2.34100393757175
2013-07-02,3.08034439032618
2013-07-03,-1.56780828325056
2013-07-04,1.17214803445949
2013-07-05,-1.25422863004805
2013-07-08,-1.40269358524798
2013-07-09,0.648664217056005
2013-07-10,3.97403286495144
2013-07-11,1.26708061257821
2013-07-12,0.536505310664692
2013-07-15,0
2013-07-16,-4.80789204170424
2013-07-17,-0.859473152080081
2013-07-18,-0.786679737705098
2013-07-19,2.10032752824207
2013-07-22,-1.55882106688781
2013-07-23,-3.16081544889242
2013-07-24,2.21124609905416
2013-07-25,-1.37864383749058
2013-07-26,-5.40410490834571
2013-07-29,-1.86039427237223
2013-07-30,-1.19595078833843
2013-07-31,-0.0615426715266931
2013-08-01,3.55452631421782
2013-08-02,4.27411340687964
2013-08-05,1.79592058317741
2013-08-06,0.54830303250526
2013-08-07,3.48207048637899
2013-08-08,1.30422455164503
2013-08-09,-2.49576888013339
2013-08-12,0.793941377219243
2013-08-13,-0.954093707218195
2013-08-14,0.768203328980777
2013-08-16,-1.06501134867987
2013-08-19,1.6485046781864
2013-08-20,-1.86105106293359
2013-08-21,-1.53764362538742
2013-08-22,3.31810608873808
2013-08-23,-2.26187716521142
2013-08-26,2.07657569851905
2013-08-27,-2.53883792897192
2013-08-28,2.01094228193712
2013-08-29,0.450086276058403
2013-08-30,0.579123383395475
2013-09-02,-0.552182518430744
2013-09-03,-2.13572156658968
2013-09-04,-1.5778933800076
2013-09-05,-0.879825967546255
2013-09-06,-0.496356887368821
2013-09-09,2.4667264174473
2013-09-10,2.9129743053141
2013-09-11,-1.08621705902112
2013-09-12,-1.55673560324736
2013-09-13,-1.36056520557784
2013-09-16,-0.326690914534833
2013-09-17,1.68725612011267
2013-09-18,-1.36056520557784
2013-09-19,1.60540832232337
2013-09-20,-0.217268319934893
2013-09-23,-0.0275747968106366
2013-09-24,-1.27673119200504
2013-09-25,-0.438576730619866
2013-09-26,2.12203009306173
2013-09-27,-0.134371680013556
2013-09-30,-0.813124867942117
2013-10-01,0.568349174329486
2013-10-02,-1.1120638285897
2013-10-03,0.709945260492884
2013-10-04,-1.75622745882515
2013-10-07,1.12679002122849
2013-10-08,-1.43088932290336
2013-10-09,-1.36250072732684
2013-10-10,2.16619514794747
2013-10-11,1.98294987067107
2013-10-14,0.243984384048224
2013-10-15,-0.997987833650882
2013-10-16,1.61141216836125
2013-10-17,-1.47920412130969
2013-10-18,0.94494671114087
2013-10-21,2.6224412569066
2013-10-22,-0.341545601618076
2013-10-23,1.01821214156765
2013-10-24,1.2903404835908
2013-10-25,-2.07083225052922
2013-10-28,0.780491766938418
2013-10-29,3.57521808732999
2013-10-30,-1.64445348983611
2013-10-31,-4.02877486244901
2013-11-04,2.61790393277237
2013-11-05,3.05532441951275
2013-11-06,-1.26388506165238
2013-11-07,-1.35587440890035
2013-11-08,-1.08511827837816
2013-11-12,0.77837405223331
2013-11-13,-1.66692653220006
2013-11-14,0.237720374629236
2013-11-15,2.83827349995254
2013-11-18,0.761596415905386
2013-11-19,0.929019819017363
2013-11-20,1.31597531393859
2013-11-21,-1.61710335035505
2013-11-22,-0.376261774500275
2013-11-25,2.11926215772502
2013-11-26,-3.25950571725127
2013-11-27,-0.382022286154848
2013-11-28,0
2013-11-29,1.87291833240639
2013-12-02,-2.13132016015463
2013-12-03,0
2013-12-04,-2.33533156517001
2013-12-05,-1.31801572486285
2013-12-06,-0.641299312019283
2013-12-09,1.67322591577839
2013-12-10,0.0537040917522713
2013-12-11,-1.91525970081203
2013-12-12,-2.30361864988367
2013-12-13,0.654336913593179
2013-12-16,0.0556225100091901
2013-12-17,-4.31480939417783
2013-12-18,-0.429913548230632
2013-12-19,-1.09112718389701
2013-12-20,2.34017767449037
2013-12-23,1.48611905662617
2013-12-27,-2.41821207109165
2013-12-30,0.960881499270494
2014-01-02,2.50771099428175
2014-01-03,-0.691697723468732
2014-01-07,-3.09385224621139
2014-01-08,-0.973299133738159
2014-01-09,-0.17679417910319
2014-01-10,-0.28549414767749
2014-01-13,2.85724467448407
2014-01-14,-1.1337662195444
2014-01-15,-1.0618534283283
2014-01-16,2.33604221514825
2014-01-17,-0.140422567275555
2014-01-20,-0.284640793444035
2014-01-21,0.284640793444035
2014-01-22,1.3985798410229
2014-01-23,-0.280682020373924
2014-01-24,0.748831489004642
2014-01-27,-0.386300946778784
2014-01-28,-0.220514202260169
2014-01-29,0.333732442488843
2014-01-30,-0.362119580152065
2014-01-31,-1.7438232253391
2014-02-03,2.60133480124987
2014-02-04,0.741621247776569
2014-02-05,0.763893677358185
2014-02-06,1.34953162789166
2014-02-07,1.98926194263986
2014-02-10,-0.181929395979541
2014-02-11,1.04824941686497
2014-02-12,1.08998508439622
2014-02-13,-0.0526100438860588
2014-02-14,0.0526100438860588
2014-02-17,-1.03682658221413
2014-02-18,-1.28665955562846
2014-02-19,2.57737855969626
2014-02-20,-1.03418385519656
2014-02-21,2.05778173301412
2014-02-24,1.51743635431587
2014-02-25,0.249737621639712
2014-02-26,-1.8450971822535
2014-02-27,1.34214805072648
2014-02-28,2.8725424129084
2014-03-03,-4.39096306710818
2014-03-04,1.31595968708491
2014-03-05,-3.42923926138115
2014-03-06,-2.56117398093743
2014-03-07,0.772857367035629
2014-03-10,-1.06726534962349
2014-03-11,0.482133232255499
2014-03-12,-1.69312017272549
2014-03-13,0.863870094767583
2014-03-14,-1.02706505654835
2014-03-17,3.20837731414643
2014-03-18,-1.78253545480969
2014-03-19,-1.53684335075388
2014-03-20,-1.09500900250583
2014-03-21,-0.13733264744662
2014-03-24,-0.275232400938608
2014-03-25,0.303338517326779
2014-03-26,2.60731586808238
2014-03-27,0.349231287692486
2014-03-28,-1.61665985643435
2014-03-31,3.18372703978733
2014-04-01,0.026855651037927
2014-04-02,0.654238512854244
2014-04-03,0
2014-04-04,-1.15673710259081
2014-04-07,-0.159051725329817
2014-04-08,1.70923971784016
2014-04-09,-1.57717895070322
2014-04-10,1.31406369344078
2014-04-11,1.55383426133024
2014-04-14,-2.15657662561521
2014-04-15,1.6422864382359
2014-04-16,1.0288486435218
2014-04-17,-1.0288486435218
2014-04-22,0.976641437741765
2014-04-23,-1.496535105559
2014-04-24,-0.753783554004217
2014-04-25,2.17486010014336
2014-04-28,1.52133628260205
2014-04-29,-2.42251916092395
2014-04-30,0.770446815773562
2014-05-02,-1.2903404835908
2014-05-05,-3.03162230347072
2014-05-06,1.46150768555038
2014-05-07,-1.085806592212
2014-05-08,0.690146343420928
2014-05-09,-1.73590750781676
2014-05-12,1.42005602619815
2014-05-13,1.10561267639127
2014-05-14,-1.29258498659017
2014-05-15,0.634884558954463
2014-05-16,0.502633896891513
2014-05-19,-0.0537329485450044
2014-05-20,0.47364511610235
2014-05-21,0.261181996334825
2014-05-22,0.520326377189884
2014-05-23,0.623183180274012
2014-05-26,0.721202594585257
2014-05-27,-1.21472611325837
2014-05-28,-0.887396008745567
2014-05-29,-0.548191451773272
2014-05-30,-1.99753186920062
2014-06-02,1.33510906476433
2014-06-03,0.237297920102586
2014-06-04,1.83420472375628
2014-06-05,0.754189010553086
2014-06-06,0.434662800187269
2014-06-09,-1.94283595658251
2014-06-10,1.5607832002813
2014-06-11,-2.35040605126322
2014-06-12,1.18358654126607
2014-06-13,0.751030670178032
2014-06-16,-1.51370222070115
2014-06-17,-0.28638783334145
2014-06-18,1.28233524226009
2014-06-20,0.0235925566578477
2014-06-23,-0.650832105337518
2014-06-24,0.130505728147634
2014-06-25,-1.65875977093215
2014-06-26,-0.990361987133248
2014-06-27,-1.40381144310986
2014-06-30,0.728886375014604
2014-07-01,-0.270021643045615
2014-07-02,-0.597863040036151
2014-07-03,0.867884683081765
2014-07-04,-1.60626175413858
2014-07-07,0.217736251999412
2014-07-08,0.384544293256317
2014-07-09,-0.10839102344864
2014-07-10,-0.276153269807677
2014-07-11,1.66087599256244
2014-07-14,0.0549920580887875
2014-07-15,0.106842509057081
2014-07-16,2.23562325573727
2014-07-17,1.04768940277378
2014-07-18,-1.04768940277378
2014-07-21,-1.32448289420224
2014-07-22,1.05859282792693
2014-07-23,-1.64988887883912
2014-07-24,-0.0791043000967218
2014-07-25,-0.674925068095256
2014-07-28,-0.565424651877944
2014-07-29,-0.246837521194632
2014-07-30,-2.68001763982988
2014-07-31,1.50227217016741
2014-08-01,-0.112595013928285
2014-08-04,1.01811362488426
2014-08-05,-0.276076173798767
2014-08-06,-1.07430532620838
2014-08-07,-1.114543070958
2014-08-08,-1.3778770125779
2014-08-11,0.536142671502438
2014-08-12,0.622418581632456
2014-08-13,-14.7322189381253
2014-08-14,-0.81445733793637
2014-08-18,-0.331378875337807
2014-08-19,-2.16018804571236
2014-08-20,-1.59032276514282
2014-08-21,0.948020511080028
2014-08-22,-0.0345257507984975
2014-08-25,3.98285226384782
2014-08-26,-0.524935588614373
2014-08-27,-0.45321226206263
2014-08-28,-1.55722551642952
2014-08-29,0.531805805760488
2014-09-01,1.47863197273166
2014-09-02,0.362573929330923
2014-09-03,-0.133037713635265
2014-09-04,-2.17192620689546
2014-09-05,-0.405188474455143
2014-09-08,-1.61809019478127
2014-09-09,2.68245200731285
2014-09-10,-0.628944734029879
2014-09-11,-0.333018283169384
2014-09-12,-0.0341212825330395
2014-09-15,-0.837717182914366
2014-09-16,-0.371598106073145
2014-09-17,-1.94940968885216
2014-09-18,-1.11372434713202
2014-09-19,2.58608161739113
2014-09-22,1.01675631805596
2014-09-23,-3.2512465250051
2014-09-24,-1.577965530451
2014-09-25,1.47143353118673
2014-09-26,-0.245059411177717
2014-09-29,0.0356104223598219
2014-09-30,-1.79221273781365
2014-10-01,-1.61185763705216
2014-10-02,-1.34329763101246
2014-10-03,1.38012778304626
2014-10-06,1.50250532229106
2014-10-07,-0.355311877016895
2014-10-08,0.0727802069972139
2014-10-09,3.67053723029414
2014-10-10,-0.963089306096121
2014-10-13,-0.141721148041363
2014-10-14,1.79207169657385
2014-10-15,-2.76591257439871
2014-10-16,-2.52178519444652
2014-10-17,-0.183752272042437
2014-10-20,-1.19648653073727
2014-10-21,0.289124979400768
2014-10-22,0.0742115061888704
2014-10-23,1.69589091914308
2014-10-24,-2.09232354933402
2014-10-27,-0.735068406650807
2014-10-28,0
2014-10-29,-4.51454449717263
2014-10-30,-0.152741743457607
2014-10-31,0.309604520720264
2014-11-03,-1.04163049543109
2014-11-04,-0.273139955707924
2014-11-05,0
2014-11-06,0.965851744043666
2014-11-07,3.26235012497125
2014-11-10,1.81038343415745
2014-11-12,-1.10244570862728
2014-11-13,0.0377841688829594
2014-11-14,2.15919366530168
2014-11-17,8.43308789101025
2014-11-18,-3.20337342931665
2014-11-19,0.190843468956814
2014-11-20,0.987327737801813
2014-11-21,4.51600958988974
2014-11-24,-3.04736346557801
2014-11-25,0.669759385683566
2014-11-26,0.0716291900713095
2014-11-27,-0.0376931779811684
2014-11-28,0.0376931779811684
2014-12-01,-0.965642266344835
2014-12-02,-1.50672814221298
2014-12-03,0.980230416907979
2014-12-04,1.12213277347419
2014-12-05,0.554498695419126
2014-12-08,-0.222184655224655
2014-12-09,-0.0716562041559676
2014-12-10,-3.23987928690119
2014-12-11,-0.617623728614358
2014-12-12,-2.53751181180943
2014-12-15,-1.31165349024718
2014-12-16,-2.39186660355166
2014-12-17,4.10089553391537
2014-12-18,-0.594641954699826
2014-12-19,2.5424592530451
2014-12-22,0
2014-12-23,0.57975718640626
2014-12-29,-0.57975718640626
2014-12-30,-1.55600486682372
2015-01-02,1.40266979972479
2015-01-05,-0.619661367488744
2015-01-07,3.29073130280189
2015-01-08,1.64143660278611
2015-01-09,-1.11796522039702
2015-01-12,-0.865010943433919
2015-01-13,-0.300288964822881
2015-01-14,-5.8143222006767
2015-01-15,-2.35684439202144
2015-01-16,1.14814689441451
2015-01-19,-1.92940086809386
2015-01-20,-0.126582295383004
2015-01-21,1.15438368715335
2015-01-22,3.3085971545658
2015-01-23,-1.84194286593042
2015-01-26,-1.54598457817605
2015-01-27,0.162767924752627
2015-01-28,-2.06879231416695
2015-01-29,-0.294186828812748
2015-01-30,2.52548256422762
2015-02-02,0.655658419863636
2015-02-03,-0.943344415355973
2015-02-04,-0.0793634259821818
2015-02-05,-0.288745414349378
2015-02-06,1.63355462435715
2015-02-09,-0.732422118434517
2015-02-10,0
2015-02-11,-2.6470710453065
2015-02-12,2.60553072983356
2015-02-13,0.934624891997382
2015-02-16,-0.606925749837295
2015-02-17,0.730336847815716
2015-02-18,1.80082275350433
2015-02-19,-0.595324224574778
2015-02-20,0.635694012374266
2015-02-23,-0.834925613781357
2015-02-24,-3.3354356039593
2015-02-25,0.574846857284372
2015-02-26,2.76058874667493
2015-02-27,4.07536161141291
2015-03-02,-2.44845613992606
2015-03-03,-1.62690547148685
2015-03-04,1.89882950036213
2015-03-05,3.55029736121115
2015-03-06,1.05431612847906
2015-03-09,1.19039998462469
2015-03-10,-0.817350446550202
2015-03-11,-2.03818443659824
2015-03-12,0.834110489384843
2015-03-13,-3.69375194406043
2015-03-16,-0.115784653503681
2015-03-17,-1.26637403650185
2015-03-18,0.39570430378415
2015-03-19,-0.19765642464975
2015-03-20,3.12438466797498
2015-03-23,1.14789485883695
2015-03-24,-0.570354815985175
2015-03-25,4.12016889641604
2015-03-26,-1.03215584068477
2015-03-27,2.34532850568812
2015-03-30,-1.86733591341257
2015-03-31,-0.0713655259691581
2015-04-01,0.0375671517247156
2015-04-02,3.94388268462693
2015-04-07,6.25958518419751
2015-04-08,-2.32987601426959
2015-04-09,4.63653588070381
2015-04-10,-0.982538837377245
2015-04-13,-0.264767645246478
2015-04-14,1.24730648262372
2015-04-15,0.162270497415617
2015-04-16,-0.817334605196285
2015-04-17,-2.760008791397
2015-04-20,2.26839366819402
2015-04-21,0.164140393606393
2015-04-22,-1.32412102905697
2015-04-23,-1.68278134664734
2015-04-24,0.913311069532519
2015-04-27,3.04298133825989
2015-04-28,1.00284537760165
2015-04-29,-1.2651079563426
2015-04-30,0.586648020912639
2015-05-04,2.56432672440416
2015-05-05,-2.20805531767341
2015-05-06,0.322188528699208
2015-05-07,-1.85521785528575
2015-05-08,1.66137159019266
2015-05-11,0.032881757497405
2015-05-12,-0.161224021103523
2015-05-13,-0.551438601212162
2015-05-14,-2.40272930883534
2015-05-15,0
2015-05-18,-0.670401176860702
2015-05-19,3.30133914751918
2015-05-20,0.96984404470617
2015-05-21,0.287497339388576
2015-05-22,-1.48555004591788
2015-05-25,-1.44074528151816
2015-05-26,-0.168101169224588
2015-05-27,1.21736562431152
2015-05-28,-2.27955002391642
2015-05-29,0.964556086374913
2015-06-01,-0.165175072526935
2015-06-02,0.363697993091705
2015-06-03,-0.431194873923602
2015-06-05,-2.99849421130398
2015-06-08,0.478918145989482
2015-06-09,-3.7424791818387
2015-06-10,0.562695246678713
2015-06-11,3.17978393515999
2015-06-12,-0.305131998187846
2015-06-15,0.305131998187846
2015-06-16,-0.478918145989482
2015-06-17,-2.2444393799089
2015-06-18,0.174175819382194
2015-06-19,-0.245355265764191
2015-06-22,3.50520336409792
2015-06-23,0
2015-06-24,0.64077523203232
2015-06-25,1.13436890899905
2015-06-26,0.991321524422784
2015-06-29,-2.76646566545415
2015-06-30,1.3453270819932
2015-07-01,-3.7036152191479
2015-07-02,0.312758324277995
2015-07-03,0.37821792591104
2015-07-06,-0.726178841463243
2015-07-07,0.726178841463243
2015-07-08,-0.37821792591104
2015-07-09,-1.21431828545702
2015-07-10,2.24404970832834
2015-07-13,0.408941827919396
2015-07-14,1.28178246721848
2015-07-15,1.92755866506205
2015-07-16,2.01919895054536
2015-07-17,-0.645418468088232
2015-07-20,1.73575669459018
2015-07-21,2.86442497566006
2015-07-22,-0.9351046821922
2015-07-23,-1.25949074678879
2015-07-24,0.790238612838579
2015-07-27,-1.2686929571724
2015-07-28,-0.895144560886996
2015-07-29,1.0570407236929
2015-07-30,-0.89695443895299
2015-07-31,1.0553587910175
2015-08-03,-1.11740264821703
2015-08-04,1.55896138863372
2015-08-05,0.189561334856148
2015-08-06,-0.951420590143259
2015-08-07,0.161896162805908
2015-08-10,1.10679679436649
2015-08-11,2.17750794258733
2015-08-12,1.97774580251573
2015-08-13,-1.51857805579843
2015-08-14,-2.25982291831905
2015-08-17,-0.220190601625081
2015-08-18,2.63260210540879
2015-08-19,-0.0311216235550749
2015-08-20,-2.44506335900114
2015-08-21,-2.31683052553255
2015-08-24,-5.43683217403448
2015-08-25,0.943419405726953
2015-08-26,-2.0351143873186
2015-08-27,2.73603593676475
2015-08-28,-0.0305203725854408
2015-08-31,-0.336340326242857
2015-09-01,-2.26468929920234
2015-09-02,-0.170716877974275
2015-09-03,-0.967071307002643
2015-09-04,1.00193516399556
2015-09-07,-0.345688840505298
2015-09-08,0.377055922752545
2015-09-09,3.03734805639291
2015-09-10,2.81643038788895
2015-09-11,-1.496667121449
2015-09-14,1.20703126745649
2015-09-15,0.355345354664793
2015-09-16,-1.36573938767017
2015-09-17,-0.886248965787484
2015-09-18,1.24519643972705
2015-09-21,-0.655718228105906
2015-09-22,-4.7005149473744
2015-09-23,-4.03918571977528
2015-09-24,-0.0692684910760466
2015-09-25,0.712264076684921
2015-09-28,-2.19290174006312
2015-09-29,0.362078279263756
2015-09-30,1.29710158024325
2015-10-01,1.80744111184121
2015-10-02,0.840221405618014
2015-10-05,2.0701767337008
2015-10-06,1.15320823642868
2015-10-07,1.37397112261715
2015-10-08,2.00794477659336
2015-10-09,0.456939307017867
2015-10-12,-1.96837047344474
2015-10-13,-2.75318820915569
2015-10-14,3.67547193282651
2015-10-15,-2.25525239774527
2015-10-16,-0.943419405726953
2015-10-19,1.31150543530523
2015-10-20,-1.04301193471077
2015-10-21,-2.39349072842892
2015-10-22,-0.866357369904813
2015-10-23,1.3860944578246
2015-10-26,-0.519737087919792
2015-10-27,-1.35767137445395
2015-10-28,-0.914263400094439
2015-10-29,-0.88998814717125
2015-10-30,1.62921712082436
2015-11-02,1.53270580089528
2015-11-03,-1.6042365621713
2015-11-04,1.15608224010759
2015-11-05,-0.734788461214197
2015-11-06,-2.51460786512188
2015-11-09,-1.23147475007159
2015-11-10,2.83342260548474
2015-11-12,-2.03399305002336
2015-11-13,-2.63222007570865
2015-11-16,2.52207981932888
2015-11-17,0.0367268991934733
2015-11-18,1.04108627847666
2015-11-19,2.33107439388953
2015-11-20,-0.209684661456899
2015-11-23,-0.35283462304152
2015-11-24,1.22069575814927
2015-11-25,0.0705144054885309
2015-11-26,0.137360239964934
2015-11-27,-0.0352025912742082
2015-11-30,-1.35767137445395
2015-12-01,1.70563229000615
2015-12-02,-0.796115237615913
2015-12-03,-0.315262123286475
2015-12-04,-0.840820116821117
2015-12-07,-0.103810572942509
2015-12-08,-0.0358217513502623
2015-12-09,-1.41805403525557
2015-12-10,-1.80039696682122
2015-12-11,-1.3184548530301
2015-12-14,-2.57476059714326
2015-12-15,2.42468365455633
2015-12-16,0.40843148112315
2015-12-17,3.36073394268497
2015-12-18,0
2015-12-21,-0.0723431992775136
2015-12-22,-1.79264032691342
2015-12-23,0.10677664447174
2015-12-28,-0.83515507037184
2015-12-29,0.21870085633009
2015-12-30,-1.76314753818558
2016-01-04,-1.67975371567732
2016-01-05,1.67975371567732
2016-01-07,-1.67975371567732
2016-01-08,-1.40483187226725
2016-01-11,-0.112776849923835
2016-01-12,4.88642766722451
2016-01-13,0.148109776399341
2016-01-14,0.902416849818932
2016-01-15,-1.37714236399953
2016-01-18,-2.48041471197187
2016-01-19,1.67416944283181
2016-01-20,-0.627833412506096
2016-01-21,-0.113203287437269
2016-01-22,0.14713929952741
2016-01-25,-0.631585027834891
2016-01-26,-0.296364060528775
2016-01-27,-0.902077824179415
2016-01-28,-0.188320353893667
2016-01-29,-3.26885264212988
2016-02-01,0.119170586916706
2016-02-02,-0.625238491696622
2016-02-03,-0.47251119026801
2016-02-04,-0.200892027866395
2016-02-05,0.829082550217164
2016-02-08,-0.905527463312472
2016-02-09,-0.59747462867894
2016-02-10,-0.996976660101545
2016-02-11,0.159369095701178
2016-02-12,-3.34637667477757
2016-02-15,0.907836269062345
2016-02-16,1.51146837908409
2016-02-17,4.43747117880582
2016-02-18,-0.505889941451887
2016-02-19,-1.49298210454818
2016-02-22,0.984519898425651
2016-02-23,0.935475349037862
2016-02-24,-1.05103392817423
2016-02-25,-0.159610584142067
2016-02-26,0.470120387767103
2016-02-29,-0.66599117571049
2016-03-01,-0.23635464182763
2016-03-02,0.707394593049449
2016-03-03,3.27512819793272
2016-03-04,1.57543790728769
2016-03-07,1.40895154271261
2016-03-08,-1.48106191265143
2016-03-09,-1.73098183280294
2016-03-10,1.09492248132121
2016-03-11,1.56193940448008
2016-03-14,-0.925880052998362
2016-03-15,0.257839599866205
2016-03-16,0
2016-03-17,1.84599846746352
2016-03-18,-1.10275307734322
2016-03-21,0.108946795906784
2016-03-22,1.43152491191438
2016-03-23,-1.31894609486061
2016-03-24,0.988980089667013
2016-03-29,0.437248260271783
2016-03-30,2.37127714338992
2016-03-31,-1.21332496910393
2016-04-01,-0.612228106053347
2016-04-04,0.575673053738113
2016-04-05,-2.99116852352408
2016-04-06,1.06792584018978
2016-04-07,-0.440776179617908
2016-04-08,0.987174847915417
2016-04-11,-0.729197025517303
2016-04-12,-0.885127482969983
2016-04-13,1.43252314128155
2016-04-14,1.01606238891994
2016-04-15,-0.615795009954212
2016-04-18,2.08638291632792
2016-04-19,0.570707707595064
2016-04-20,0
2016-04-21,0.17633198156175
2016-04-22,1.71462307437875
2016-04-25,0.521715791376209
2016-04-26,0.826335234234321
2016-04-27,0.0348638569929172
2016-04-28,1.05410129977921
2016-04-29,0.608657163506088
2016-05-02,2.7257199417948
2016-05-04,-0.95534121379095
2016-05-05,-3.02613055913219
2016-05-06,2.42818610575113
2016-05-09,-0.434650417724392
2016-05-10,0.234538423935682
2016-05-11,0.101801902307175
2016-05-12,0.429817059038173
2016-05-13,0.860827804735642
2016-05-16,0.36095089487973
2016-05-17,0.946300744663198
2016-05-18,2.72203261956427
2016-05-19,-3.34192753219882
2016-05-20,1.81562560366793
2016-05-23,-0.645364314247576
2016-05-24,-0.74553357126721
2016-05-25,1.90225800965731
2016-05-27,1.07924015092125
2016-05-30,0.125262988323271
2016-05-31,-2.36122757763462
2016-06-01,-3.68558775731804
2016-06-02,0.801525823499372
2016-06-03,2.30064316869694
2016-06-06,1.74014320351183
2016-06-07,2.08334170557412
2016-06-08,1.43105536437447
2016-06-09,-0.342471468181271
2016-06-10,-2.28248461029876
2016-06-13,-0.125658515398852
2016-06-14,-4.60518720305858
2016-06-15,2.16735537915471
2016-06-16,-2.03577863238413
2016-06-17,1.0564364203792
2016-06-20,3.60721161745965
2016-06-21,0.692665673465998
2016-06-22,0.0319519445476146
2016-06-23,1.40217378341516
2016-06-24,-6.55807307160146
2016-06-27,-0.33018897923478
2016-06-28,1.48066486397647
2016-06-29,0.652936379976277
2016-06-30,-1.07947573172016
2016-07-01,-1.55146223893832
2016-07-04,2.66396852422055
2016-07-05,-1.33984749516358
2016-07-06,-2.02867287901785
2016-07-07,1.40080639482347
2016-07-08,-1.9385065447183
2016-07-11,1.2083295462586
2016-07-12,0.531259180302834
2016-07-13,1.02406589376343
2016-07-14,-0.858835123255419
2016-07-15,-0.964882644496168
2016-07-18,0.799651873988161
2016-07-19,-0.497336726705733
2016-07-20,0.793882858092587
2016-07-21,-0.39784273648289
2016-07-22,-0.429962575206799
2016-07-25,0.132232545078637
2016-07-26,-1.54337751295004
2016-07-27,-1.2604481427108
2016-07-28,0.988235993848319
2016-07-29,-0.953395215849717
2016-08-01,-0.101071717238765
2016-08-02,0.34114281004749
2016-08-03,-2.03615824816934
2016-08-04,-1.36765866186743
2016-08-05,-0.17633198156175
2016-08-08,1.75302156044692
2016-08-09,1.17515953759173
2016-08-10,1.60308776556417
2016-08-11,0.908053595023794
2016-08-12,-0.0989710505168162
2016-08-16,-0.300926944596913
2016-08-17,-1.62970150398758
2016-08-18,0.340561908253223
2016-08-19,-0.204893197342537
2016-08-22,0.340100969851598
2016-08-23,2.12525994468291
2016-08-24,-0.670401176860702
2016-08-25,0.670401176860702
2016-08-26,-3.73881781042211
2016-08-29,-0.692484395277271
2016-08-30,1.89639058589917
2016-08-31,-0.684169102702104
2016-09-01,-2.61533988090643
2016-09-02,0.773615118597348
2016-09-05,1.52950405999213
2016-09-06,0.99638980501906
2016-09-07,-0.92614288421391
2016-09-08,-0.242560715133777
2016-09-09,-1.9906814055263
2016-09-12,-2.10442422446984
2016-09-13,-0.902416849818932
2016-09-14,2.15589485636047
2016-09-15,-0.460939024983142
2016-09-16,-0.613028739739496
2016-09-19,1.07396776472264
2016-09-20,0.815035706535783
2016-09-21,-1.09788029441948
2016-09-22,3.02235053682365
2016-09-23,-0.345874559529769
2016-09-26,-1.5067875511086
2016-09-27,-2.14032184484312
2016-09-28,-1.23226056589791
2016-09-29,4.94652082408065
2016-09-30,-1.22282200518198
2016-10-03,0.210793411267218
2016-10-04,-1.27147751282086
2016-10-05,1.86573244192463
2016-10-06,-0.34829619031882
2016-10-07,-1.05582484372713
2016-10-10,4.39244341965632
2016-10-11,-0.0654461556522268
2016-10-12,-0.137921544516839
2016-10-13,1.11514477151826
2016-10-14,0.432407340300589
2016-10-17,0.0679255562049619
2016-10-18,-0.736049121454663
2016-10-19,1.03775960677872
2016-10-20,-0.36963604152902
2016-10-21,-0.401702667831749
2016-10-24,3.04036049019372
2016-10-25,0.807426074896878
2016-10-26,1.12280048940669
2016-10-27,5.58285964171596
2016-10-28,1.49888563979883
2016-10-31,1.06473575642823
2016-11-02,-2.11036977042776
2016-11-03,1.01539146855645
2016-11-04,0.621157466989519
2016-11-07,0.384027353841043
2016-11-08,1.31486901482902
2016-11-09,-2.73833766569571
2016-11-10,0.357771286965392
2016-11-14,-2.89554916396217
2016-11-15,2.53777787699678
2016-11-16,1.21663714474995
2016-11-17,-2.41751326311719
2016-11-18,0.061462816931801
2016-11-21,3.38298645184052
2016-11-22,3.18888355100517
2016-11-23,3.96510321767591
2016-11-24,-1.67288591928858
2016-11-25,-0.498894730953614
2016-11-28,0.664641401292121
2016-11-29,-0.275459038049242
2016-11-30,2.02561848337552
2016-12-01,-0.872642146814329
2016-12-02,0.546638984844083
2016-12-05,1.45871688956754
2016-12-06,-0.0818486936261742
2016-12-07,-0.267840221340654
2016-12-08,1.91907011591117
2016-12-09,-0.26613992079012
2016-12-12,-0.10503778285651
2016-12-13,0.869290728419791
2016-12-14,3.4835204126654
2016-12-15,-0.993020773580744
2016-12-16,2.35365570650727
2016-12-19,1.04561885345511
2016-12-20,-1.74796757573192
2016-12-21,-3.07099887330291
2016-12-22,1.2919329970158
2016-12-23,-1.03062605039344
2016-12-27,0.129081563213518
2016-12-28,-0.519975304829723
2016-12-29,0.364530081132886
2016-12-30,-0.884563091770207
2017-01-02,0.363776771632773
2017-01-03,-1.5492176615771
2017-01-04,1.3157028944601
2017-01-05,1.29599427856593
2017-01-09,0.770651288577717
2017-01-10,1.77456876199353
2017-01-11,-0.757044739617996
2017-01-12,-0.762819653468449
2017-01-13,-1.12768429875238
2017-01-16,0.693257279398907
2017-01-17,-1.05618635439133
2017-01-18,-1.45968621443631
2017-01-19,1.35688012664268
2017-01-20,-1.51473757939069
2017-01-23,-0.555818038290523
2017-01-24,-0.132023891248378
2017-01-25,-0.611192642807312
2017-01-26,-0.481299619808384
2017-01-27,0.454169203732668
2017-01-30,-1.07209647206656
2017-01-31,1.47287690454077
2017-02-01,2.49285640856387
2017-02-02,0
2017-02-03,0.669935643670572
2017-02-06,3.39032972861255
2017-02-07,3.42356054209487
2017-02-08,-0.965906127157501
2017-02-09,5.31660303499342
2017-02-10,0.114682937686172
2017-02-13,-0.899922660750763
2017-02-14,2.38356394957164
2017-02-15,1.90612402355894
2017-02-16,2.26472015599408
2017-02-17,-1.73250411949279
2017-02-20,2.10098307309301
2017-02-21,4.85751448037495
2017-02-22,0.964597424043756
2017-02-23,4.29681719739645
2017-02-24,-4.3383825491182
2017-02-27,2.72107498927467
2017-02-28,-3.37592613026407
2017-03-01,4.32620507512604
2017-03-02,0.43187974514356
2017-03-03,-0.0199533093225401
2017-03-06,-1.16415750154859
2017-03-07,-0.916730551014133
2017-03-08,4.02350252214618
2017-03-09,-3.10677197113205
2017-03-10,2.663477533696
2017-03-13,2.53689183571515
2017-03-14,4.61984995399813
2017-03-15,1.7290137635567
2017-03-16,3.98631926898636
2017-03-17,-1.36958643637586
2017-03-20,-3.00600668058006
2017-03-21,2.71295460769325
2017-03-22,-1.56571449146963
2017-03-23,2.59722823570083
2017-03-24,-3.12522674180826
2017-03-27,-6.37205369206728
2017-03-28,0.357023910332854
2017-03-29,4.19869119744787
2017-03-30,-0.991725451929071
2017-03-31,-0.910352904734379
2017-04-03,-0.975124469336563
2017-04-04,-0.186372290130876
2017-04-05,0.462467690196799
2017-04-06,-0.628424051598975
2017-04-07,-0.0188761161064033
2017-04-10,1.07029205782112
2017-04-11,-5.81960707632336
2017-04-12,1.0652747656192
2017-04-13,1.05210805670022
2017-04-18,-0.036831341949517
2017-04-19,0.62622211255623
2017-04-20,0.169409993351577
2017-04-21,-2.04229508386469
2017-04-24,4.10025899359781
2017-04-25,4.1179194707627
2017-04-26,8.43164171635982
2017-04-27,-2.01294433181269
2017-04-28,0.814083674455279
2017-05-02,0.16471145610959
2017-05-04,-1.54682386876308
2017-05-05,-0.571273746024392
2017-05-08,-0.0343117915837077
2017-05-09,-1.18755171412959
2017-05-10,1.62585604380929
2017-05-11,-2.31059331921397
2017-05-12,1.19566264016937
2017-05-15,-0.0846849855748566
2017-05-16,-5.30447542709638
2017-05-17,-3.55569921185985
2017-05-18,0.258483394392472
2017-05-19,3.88800309883215
2017-05-22,-0.877438138128994
2017-05-23,-0.811445402626632
2017-05-24,-1.0935147423091
2017-05-25,2.63911229422624
2017-05-26,-0.555127238941644
2017-05-29,-3.18958987105202
2017-05-30,1.2154959601018
2017-05-31,-1.54768455593728
2017-06-01,0.702709158531345
2017-06-02,1.00865677613697
2017-06-05,-1.36033607641255
2017-06-06,4.49070830309419
2017-06-07,-1.3729030736692
2017-06-08,0.125922765770081
2017-06-09,0.375002714961248
2017-06-12,-1.83740385052382
2017-06-13,0.634618224036787
2017-06-14,-2.15629753144935
2017-06-16,-1.88353775435766
2017-06-19,3.44037392651009
2017-06-20,0.181139378943573
2017-06-21,2.24420772456502
2017-06-22,-1.97127071787686
2017-06-23,-2.92074762770413
2017-06-26,2.4666712420724
2017-06-27,-0.418984669291023
2017-06-28,-2.53240006824798
2017-06-29,-2.58060158679148
2017-06-30,-2.01851500028623
2017-07-03,1.1702535520302
2017-07-04,0.193061662377536
2017-07-05,1.1155806076097
2017-07-06,-0.440830097314571
2017-07-07,0.095743337032328
2017-07-10,1.69444706262478
2017-07-11,-1.00546029662234
2017-07-12,2.52237329191076
2017-07-13,0.499939728052201
2017-07-14,-0.129932509876562
2017-07-17,-0.165956361402175
2017-07-18,-1.04351412693231
2017-07-19,-0.735072222546318
2017-07-20,-1.82840299499563
2017-07-21,-1.54996004003118
2017-07-24,-1.08096200262122
2017-07-25,-3.27121476151371
2017-07-26,1.55910437606246
2017-07-27,-1.4968520862805
2017-07-28,-0.574188146565779
2017-07-31,-0.512473014066428
2017-08-01,3.64260615541072
2017-08-02,0.258492005478095
2017-08-03,-0.897484777414537
2017-08-04,-0.46098070455316
2017-08-07,4.19196683876071
2017-08-08,-1.32026191268828
2017-08-09,-0.625736881581451
2017-08-10,-1.78498733993782
2017-08-11,-1.00423190478098
2017-08-14,0.14173473332515
2017-08-16,0.0595097644354059
2017-08-17,3.37052769958186
2017-08-18,-0.586838632966957
2017-08-21,0.489601933337491
2017-08-22,1.2410754669804
2017-08-23,4.72417227440265
2017-08-24,5.55860276075579
2017-08-25,-0.278164296187722
2017-08-28,3.51090617896794
2017-08-29,-2.5907870133679
2017-08-30,1.91530039100645
2017-08-31,-0.236551637962013
2017-09-01,-0.136660489201379
2017-09-04,0.169500360556807
2017-09-05,-0.134885108731364
2017-09-06,-1.71567916452666
2017-09-07,-0.432232843355074
2017-09-08,0.932694838785064
2017-09-11,2.18303887563964
2017-09-12,0.427533785040257
2017-09-13,0.69722244861099
2017-09-14,1.46356384823507
2017-09-15,-1.97324894753335
2017-09-18,1.73917427118697
2017-09-19,0.434274943413637
2017-09-20,0
2017-09-21,-3.04592074847081
2017-09-22,0.514139950041859
2017-09-25,-1.72418064345061
2017-09-26,2.57524961024149
2017-09-27,-0.833976410557469
2017-09-28,1.6610551399669
2017-09-29,0.436095961180616
2017-10-02,0.417537141048019
2017-10-03,3.76168635713068
2017-10-04,1.14907105357211
2017-10-05,3.04734885633113
2017-10-06,2.62793280291387
2017-10-09,-0.450789643918981
2017-10-10,1.19761910467151
2017-10-11,0.888894741724577
2017-10-12,-3.16154880419681
2017-10-13,-0.121858354759485
2017-10-16,0.668390761154747
2017-10-17,-1.75644072582894
2017-10-18,-1.50588889314092
2017-10-19,-3.00093964702972
2017-10-20,-0.874216349586554
2017-10-23,0.809721023261911
2017-10-24,0.659113390085952
2017-10-25,-1.79456760037855
2017-10-26,5.61428539253095
2017-10-27,0.706933941490995
2017-10-30,1.38394726543698
2017-10-31,-0.272232473027501
2017-11-02,0.513596295135343
2017-11-03,-0.559040513140818
2017-11-06,0.829880281469553
2017-11-07,0.150150178359709
2017-11-08,-0.225309896290948
2017-11-09,-0.860837453659968
2017-11-10,0.966045248740333
2017-11-13,-2.1868753054302
2017-11-14,0.122755884680092
2017-11-15,-3.17833264945016
2017-11-16,-4.7160971208454
2017-11-17,2.92719779484605
2017-11-20,0.241448809451761
2017-11-21,-0.112603566953062
2017-11-22,0.0160939889298106
2017-11-23,-0.257815160529873
2017-11-24,0.835480438275393
2017-11-27,-1.61293819298836
2017-11-28,0.259824764553152
2017-11-29,-4.07138805680436
2017-11-30,-5.00494026234337
2017-12-01,-3.81912308209262
2017-12-04,1.53792851794874
2017-12-05,5.23828169213312
2017-12-06,3.39015516756813
2017-12-07,0.730657518243838
2017-12-08,-0.149018986099847
2017-12-11,-7.21342663590878
2017-12-12,-1.54346208346112
2017-12-13,0.379096040254723
2017-12-14,-0.759634689193422
2017-12-15,2.15525583857339
2017-12-18,3.86875219916227
2017-12-19,0
2017-12-20,0.647472018281015
2017-12-21,-0.78431774610257
2017-12-22,-0.154175619404917
2017-12-27,1.14209031401735
2017-12-28,-0.509771707166884
2017-12-29,-1.7182553319997
2018-01-03,-1.22059056795036
2018-01-04,2.56335476069731
2018-01-05,-1.86405121160025
2018-01-08,-0.139470036554989
2018-01-09,-2.18703602336365
2018-01-10,0.142551699122073
2018-01-11,1.30905814147297
2018-01-12,-0.211119008745975
2018-01-15,-1.20483385161743
2018-01-16,2.46491352746538
2018-01-17,-1.96704621173378
2018-01-18,0.636494369473795
2018-01-19,2.88364604534763
2018-01-22,4.32300517259279
2018-01-23,0.523390138205659
2018-01-24,-0.983614487671325
2018-01-25,-2.40091559200337
2018-01-26,1.8723382133274
2018-01-29,0.988801728141642
2018-01-30,-0.229847416901663
2018-01-31,-2.39532410224932
2018-02-01,-2.76515313305099
2018-02-02,-1.53473539058044
2018-02-05,-1.13115380705739
2018-02-06,-4.88079389452483
2018-02-07,4.41758266186869
2018-02-08,0
2018-02-09,0.356506616449614
2018-02-12,1.93838668210482
2018-02-13,-0.630254187080226
2018-02-14,0.874284289007665
2018-02-15,-0.418702635421653
2018-02-16,0.244456206947241
2018-02-19,0.243860075559965
2018-02-20,-0.208986491945939
2018-02-21,-4.56570023373946
2018-02-22,-1.50765863641116
2018-02-23,-1.26772764180596
2018-02-26,3.06693167422956
2018-02-27,7.02535999669864
2018-02-28,-4.82984262049833
2018-03-01,0.638753058934682
2018-03-02,-0.425381711979966
2018-03-05,0.496103072777654
2018-03-06,-0.994679604145876
2018-03-07,-0.572862289872411
2018-03-08,0.715566559541259
2018-03-09,2.04664871413183
2018-03-12,3.46696813178626
2018-03-13,-1.94180858571018
2018-03-14,0.583092031079335
2018-03-15,-0.651915158365757
2018-03-16,-2.61566786487286
2018-03-19,-1.45936030097946
2018-03-20,-2.32146805301441
2018-03-21,5.00999220514955
2018-03-22,-3.58894442612794
2018-03-23,-0.181061067027422
2018-03-26,-1.3501391005875
2018-03-27,-0.404933371274607
2018-03-28,-3.83505643619371
2018-03-29,1.18119110036337
2018-04-03,3.1322471129041
2018-04-04,-2.45274279962122
2018-04-05,2.67276489058146
2018-04-06,5.62626118337111
2018-04-09,0.518046401191352
2018-04-10,-0.275957401753413
2018-04-11,-0.311365067327962
2018-04-12,0.414938354681116
2018-04-13,1.09815791304859
2018-04-16,-2.73326130984408
2018-04-17,-2.55786591701685
2018-04-18,-1.6691243814436
2018-04-19,2.60036320287291
2018-04-20,-1.98026272961798
2018-04-23,2.05153857012652
2018-04-24,-1.57992514384659
2018-04-25,0.14466548635097
2018-04-26,0.576578173896447
2018-04-27,0
2018-04-30,-0.612724930118702
2018-05-02,0.144508695668044
2018-05-04,-1.78478603981378
2018-05-07,-0.294442612431478
2018-05-08,2.47555415750331
2018-05-09,3.32420989974862
2018-05-10,0.104293421586199
2018-05-11,0.761512852725232
2018-05-14,1.53980801111215
2018-05-15,-1.19557359201483
2018-05-16,-2.08340869028421
2018-05-17,3.55026084812264
