2009-11-09,1.90635387872646
2009-11-10,-0.415756688635094
2009-11-12,-1.45265372539787
2009-11-13,-0.309387713883646
2009-11-16,0.190088312499404
2009-11-17,-1.74602831993327
2009-11-18,-2.45380223645828
2009-11-19,-3.52449240542834
2009-11-20,1.85835777737129
2009-11-23,0.933489010980182
2009-11-24,-0.68638375062795
2009-11-25,-0.206837189511555
2009-11-26,-1.64104462629631
2009-11-27,0.780389494251787
2009-11-30,2.44124208694774
2009-12-01,-1.20744148333216
2009-12-02,-1.1932008872559
2009-12-03,0.370435105545752
2009-12-04,0.086622590811869
2009-12-07,-0.457057696357621
2009-12-08,0.820055415684839
2009-12-09,-2.1451193118287
2009-12-10,-0.624817829948388
2009-12-11,0.583676449956405
2009-12-14,2.59378026857124
2009-12-15,1.37666432666252
2009-12-16,2.99975190020771
2009-12-17,-1.56935309038144
2009-12-18,-0.19512201312617
2009-12-21,-0.879976532903548
2009-12-22,-0.315760059366887
2009-12-23,-1.77772330201749
2009-12-28,-1.02274603681423
2009-12-29,0.936477160148286
2009-12-30,-0.982950961379769
2009-12-31,1.02321903222045
2010-01-04,-0.652031968755873
2010-01-05,0
2010-01-06,-0.289872079603182
2010-01-07,-1.66260708381536
2010-01-08,0.0826104962305507
2010-01-11,0.0471753753294557
2010-01-12,-2.11512547148924
2010-01-13,0.426619244017745
2010-01-14,-1.07301047582586
2010-01-15,-0.425144885735795
2010-01-18,0.637041438457908
2010-01-19,1.28592085625772
2010-01-20,1.83979870671998
2010-01-21,-0.16426144723547
2010-01-22,-1.72331271575303
2010-01-25,-0.677277904325679
2010-01-26,-0.900117836179826
2010-01-27,1.78624505710259
2010-01-28,0.178667190640791
2010-01-29,-0.321831137784567
2010-02-01,-1.08031299130258
2010-02-02,-0.435414330862027
2010-02-03,-0.858217629450042
2010-02-04,-0.441096102061067
2010-02-05,-2.64409319302961
2010-02-08,-2.95588022415441
2010-02-09,0.917852736746694
2010-02-10,-0.593703344329599
2010-02-11,-3.59793700444673
2010-02-12,3.74023054116512
2010-02-15,1.08637329811661
2010-02-16,-1.5528162272521
2010-02-17,-0.684153181671698
2010-02-18,1.15059611080719
2010-02-19,1.22054576178074
2010-02-22,1.18059130675037
2010-02-23,-1.22529546178805
2010-02-24,0.55419449418892
2010-02-25,-1.04726372225015
2010-02-26,-0.231362571070637
2010-03-01,-0.503129488102072
2010-03-02,0.0517196804908693
2010-03-03,1.81258364982995
2010-03-04,0.676853645188968
2010-03-05,1.997320172452
2010-03-08,0.43164647398326
2010-03-09,0.0430623487937876
2010-03-10,2.11776916111979
2010-03-11,1.27443613201859
2010-03-12,0.124773492911556
2010-03-15,0.715915846559101
2010-03-16,0
2010-03-17,-2.41061792228945
2010-03-18,0.295492450800205
2010-03-19,0.85142617717171
2010-03-22,-2.14231407654943
2010-03-23,0.347085140644454
2010-03-24,-1.43261909000461
2010-03-25,1.51768410910904
2010-03-26,-1.733740244268
2010-03-29,0.867564278625022
2010-03-30,0.99970354071437
2010-03-31,-0.577878064244297
2010-04-01,0.868593549715735
2010-04-06,0
2010-04-07,-1.03344384806121
2010-04-08,-0.908483321590658
2010-04-09,-0.178984772361801
2010-04-12,0.609701657780448
2010-04-13,-1.35997645302255
2010-04-14,-2.14520854918741
2010-04-15,-1.17693567822736
2010-04-16,0.410941890751904
2010-04-19,-0.778364226940331
2010-04-20,-0.045215257689879
2010-04-21,0.874828684983164
2010-04-22,-0.68764128160872
2010-04-23,2.04889886411657
2010-04-26,1.54847466005053
2010-04-27,-1.55479277725368
2010-04-28,-2.04258074691341
2010-04-29,0
2010-04-30,1.05841457602276
2010-05-04,-2.63785659363087
2010-05-05,-0.459650162490099
2010-05-06,-0.0394970711473874
2010-05-07,-0.468570400298507
2010-05-10,2.95902714927165
2010-05-11,-0.637827114834888
2010-05-12,0
2010-05-13,0.772602349432105
2010-05-14,-3.56457870672298
2010-05-17,-0.948254183874253
2010-05-18,0.89506976565481
2010-05-19,-2.81898766342028
2010-05-20,-2.95006643966982
2010-05-21,-0.253932562210046
2010-05-24,1.73637352765019
2010-05-25,-3.00149345736482
2010-05-26,3.04313120952782
2010-05-27,3.34990561983215
2010-05-28,2.25563497123265
2010-05-31,-1.8204587078515
2010-06-01,-2.83904023155972
2010-06-02,2.87911503840115
2010-06-04,-2.50182081618089
2010-06-07,2.02656974595832
2010-06-08,-0.767835657657878
2010-06-09,0.290315161876675
2010-06-10,1.79727570397588
2010-06-11,0
2010-06-14,-0.844504137972102
2010-06-15,0.890844875619079
2010-06-16,0.0926171010899868
2010-06-17,-2.40249786008517
2010-06-18,-0.0135473819891097
2010-06-21,2.64721340419767
2010-06-22,0.467305947971619
2010-06-23,-0.506896842583116
2010-06-24,-0.330535106248853
2010-06-25,0.0992752985336853
2010-06-28,0.698750371054624
2010-06-29,-2.55485920531275
2010-06-30,0.437078327529772
2010-07-01,-0.862539040234855
2010-07-02,0.862539040234855
2010-07-05,-1.64387263431598
2010-07-06,2.11912370453855
2010-07-07,0.890844875619079
2010-07-08,0.0529345608867082
2010-07-09,0
2010-07-12,-0.470776322854105
2010-07-13,-0.239552949265942
2010-07-14,0.657394711233339
2010-07-15,0.429284415817932
2010-07-16,-0.376349854931224
2010-07-19,0
2010-07-20,-0.710329272120047
2010-07-21,3.03152930655681
2010-07-22,1.59018482901221
2010-07-23,0.678355535008546
2010-07-26,0.390970355508369
2010-07-27,-0.170073424510209
2010-07-28,-0.454948339357708
2010-07-29,-0.66719866249092
2010-07-30,0.146529507312199
2010-08-02,1.64165828533447
2010-08-03,-0.0438472868686812
2010-08-04,0.493735573794707
2010-08-05,-0.224691144337985
2010-08-06,0.262090633647594
2010-08-09,0
2010-08-10,0.317332189262798
2010-08-11,0.526659416155528
2010-08-12,-1.63233329694106
2010-08-13,-1.76805087241325
2010-08-16,1.18216706590415
2010-08-17,0.755338141468886
2010-08-18,-1.88637065848001
2010-08-19,1.52200287251949
2010-08-20,-0.846927069699177
2010-08-23,1.34289443598701
2010-08-24,-0.880619604593047
2010-08-25,-0.90756818805362
2010-08-26,0.812754489853829
2010-08-27,0.919054687586973
2010-08-30,0.0563786152058654
2010-08-31,1.54116895805907
2010-09-01,-1.54116895805907
2010-09-02,1.31273854540916
2010-09-03,0.769637145716917
2010-09-06,2.92538689909754
2010-09-07,-0.184826405275729
2010-09-08,0.749111707646977
2010-09-09,0.478625311728731
2010-09-10,-0.520095735025183
2010-09-13,0.520095735025183
2010-09-14,-0.437172079263526
2010-09-15,0.437172079263526
2010-09-16,0.253157239793245
2010-09-17,-1.9534538345483
2010-09-20,1.78279026509829
2010-09-21,1.29328542785792
2010-09-22,-0.215360520942642
2010-09-23,-0.643013848196539
2010-09-24,1.02684682889005
2010-09-27,-0.38383298069351
2010-09-28,-2.16164143206727
2010-09-29,0
2010-09-30,2.58609769045721
2010-10-01,-1.50238116530521
2010-10-04,0.434911058718734
2010-10-05,-1.38772193623509
2010-10-06,-1.89086938584615
2010-10-07,-4.08800699754379
2010-10-08,-1.34733528466571
2010-10-11,3.22964080421242
2010-10-12,-1.64900675992588
2010-10-13,1.37605373686203
2010-10-14,-1.137014810686
2010-10-15,0.313656865892487
2010-10-18,0.599477254266345
2010-10-19,-0.737365085577668
2010-10-20,0.512982044538512
2010-10-21,1.26489781706209
2010-10-22,-0.587055602257447
2010-10-25,-0.0433933614967241
2010-10-26,-0.503497567173516
2010-10-27,0.546890928670241
2010-10-28,-1.36659329392432
2010-10-29,0.906908051607802
2010-11-02,0.00622606855102958
2010-11-03,-0.687202054678782
2010-11-04,0.687202054678782
2010-11-05,-0.186950886381609
2010-11-08,-0.0374321546575462
2010-11-09,0.1745636353506
2010-11-10,2.970272359059
2010-11-12,1.10046511805573
2010-11-15,0.18522396476488
2010-11-16,-1.95304580338687
2010-11-17,0.44943895878391
2010-11-18,0.447428039492115
2010-11-19,-0.501981761105741
2010-11-22,0.405410049109856
2010-11-23,0.439852485128434
2010-11-24,-0.120315240405633
2010-11-25,0
2010-11-26,-1.11983253100294
2010-11-29,-0.170586126415939
2010-11-30,0.620025085199849
2010-12-01,0
2010-12-02,-0.937601998012072
2010-12-03,1.15551975979442
2010-12-06,-0.217917761782349
2010-12-07,-0.894792469180405
2010-12-08,-0.0856373920699927
2010-12-09,0.396983451091071
2010-12-10,0.358979424776962
2010-12-13,0.224466985382366
2010-12-14,1.53344957364356
2010-12-15,0.660225446572626
2010-12-16,1.72793015006159
2010-12-17,1.68712113561904
2010-12-20,-1.81539355714859
2010-12-21,0.128272421529552
2010-12-22,0
2010-12-23,0
2010-12-27,0
2010-12-28,-0.819101233016006
2010-12-29,0.819101233016006
2010-12-30,-2.03073578443163
2010-12-31,1.14111268671575
2011-01-03,0.714665334535436
2011-01-04,-2.81775478805115
2011-01-05,-0.0900982131406103
2011-01-07,1.2659152752676
2011-01-10,-2.60285784696008
2011-01-11,0.498148165786905
2011-01-12,0
2011-01-13,3.06724922157846
2011-01-14,-1.39663768588756
2011-01-17,-0.352228655852826
2011-01-18,2.34067072329953
2011-01-19,-1.0335402354718
2011-01-20,-1.64860154001385
2011-01-21,0.0300003002279947
2011-01-24,-0.55948408838784
2011-01-25,0.168776411371985
2011-01-26,0.48664820125448
2011-01-27,0.657111086091922
2011-01-28,-1.7599637382105
2011-01-31,1.73614428951807
2011-02-01,-1.47590872037564
2011-02-02,-0.260235569142431
2011-02-03,1.31838287983808
2011-02-04,-0.431525991781667
2011-02-07,-0.439428848564294
2011-02-08,0.870954840345961
2011-02-09,0
2011-02-10,-0.647989307619046
2011-02-11,1.04788240670026
2011-02-14,-0.441765389210014
2011-02-15,0.0418722901287971
2011-02-16,-0.257492881573862
2011-02-17,-0.390496426045184
2011-02-18,-1.02856666722526
2011-02-21,-0.536619374174174
2011-02-22,0.225974994625133
2011-02-23,1.50761188046085
2011-02-24,-1.14832641039238
2011-02-25,-0.0486410905194301
2011-02-28,0.974377545870331
2011-03-01,-1.51099692004451
2011-03-02,0.894792469180405
2011-03-03,0.6162044508641
2011-03-04,0.270652437192309
2011-03-07,0.215995764062171
2011-03-08,1.52266071554723
2011-03-09,-0.0767663682920361
2011-03-10,0.259587166418962
2011-03-11,-0.567243307798648
2011-03-14,0.602589405368414
2011-03-15,-0.430895215592697
2011-03-16,-0.438701201582026
2011-03-17,0.308477435102761
2011-03-18,-0.219395860188465
2011-03-21,0.34961962666773
2011-03-22,-2.41278504776981
2011-03-23,-0.400753466098802
2011-03-24,-0.947526727178571
2011-03-25,2.23513708133378
2011-03-28,-0.270652437192309
2011-03-29,0.618416308484893
2011-03-30,-0.347763871292583
2011-03-31,0.885014447215049
2011-04-01,-0.573170116538568
2011-04-04,0.334748354910674
2011-04-05,-0.388651868928092
2011-04-06,0.793631280148555
2011-04-07,0.219669396969202
2011-04-08,1.12049294024801
2011-04-11,0.643013848196539
2011-04-12,-1.29609180261196
2011-04-13,1.08026647894794
2011-04-14,-0.562161110382142
2011-04-15,-0.0763695146531518
2011-04-18,0.591804381559147
2011-04-19,-0.591804381559147
2011-04-20,0.428090376683565
2011-04-21,0.210440248351729
2011-04-26,1.06872132959728
2011-04-27,0.380579400659409
2011-04-28,1.21276013033715
2011-04-29,-0.125170703643684
2011-05-02,-0.15953510306348
2011-05-04,-0.680878041660771
2011-05-05,-0.460352982409917
2011-05-06,-0.167402700218711
2011-05-09,-0.852896005933257
2011-05-10,2.16152973022266
2011-05-11,-0.0513332393990318
2011-05-12,0.87475706904474
2011-05-13,-0.87475706904474
2011-05-16,1.04992309772944
2011-05-17,-0.628630131883989
2011-05-18,0
2011-05-19,2.05798660444674
2011-05-20,-0.407105377809813
2011-05-23,0
2011-05-24,-0.246181515257415
2011-05-25,1.46807952816257
2011-05-26,0.126886067833532
2011-05-27,-0.165535545166362
2011-05-30,-0.204538615768524
2011-05-31,0.0110668437474537
2011-06-01,0.0276617522717348
2011-06-02,0.612128638148457
2011-06-03,0.0714462397460647
2011-06-06,-0.0714462397460647
2011-06-07,0.197726213701843
2011-06-08,0.202812029942656
2011-06-09,-1.417290109331
2011-06-10,-0.161196221781035
2011-06-13,0
2011-06-14,1.57848633111204
2011-06-15,-0.400538243644499
2011-06-16,-0.214645504684396
2011-06-17,0.571367338382611
2011-06-20,-0.968850471846672
2011-06-21,0.0829393760740427
2011-06-22,-0.487562603612091
2011-06-24,0.531768826357748
2011-06-27,-1.59825203547381
2011-06-28,-0.326117803788906
2011-06-29,1.15349282769692
2011-06-30,-2.10984224945308
2011-07-01,-1.51248944574234
2011-07-04,-0.422295481943502
2011-07-05,0.549213694434414
2011-07-06,-1.01988483266382
2011-07-07,0.383676787375364
2011-07-08,-1.58487483564844
2011-07-11,-1.4428037131812
2011-07-12,-0.870954840345961
2011-07-13,1.74624698072408
2011-07-14,-0.523063484525288
2011-07-15,1.56105345986051
2011-07-18,-1.03798997533522
2011-07-19,-0.189888497598911
2011-07-20,-0.154550348780003
2011-07-21,1.85654367277648
2011-07-22,0.169199841994105
2011-07-25,0
2011-07-26,-0.444029708281546
2011-07-27,-1.45686613413853
2011-07-28,1.45686613413853
2011-07-29,-0.316697232618068
2011-08-01,-1.26501657387097
2011-08-02,0.776277193828534
2011-08-03,-1.52266071554723
2011-08-04,-2.50028195248597
2011-08-05,-4.27493304732178
2011-08-08,-5.66002139446375
2011-08-09,-6.58515405913724
2011-08-10,-5.78963787539895
2011-08-11,8.1111579112128
2011-08-12,1.28080568634101
2011-08-16,5.2442902546741
2011-08-17,1.9319828144909
2011-08-18,-9.66843744723502
2011-08-19,0.948956498684339
2011-08-22,4.0225310361564
2011-08-23,-0.952681890990492
2011-08-24,2.38843728705427
2011-08-25,-2.29207164083038
2011-08-26,0.931322214666785
2011-08-29,2.98810293297356
2011-08-30,-0.537296904675033
2011-08-31,0.695943156881063
2011-09-01,-1.72550165613896
2011-09-02,-4.31879837043239
2011-09-05,-2.20631089726386
2011-09-06,2.20631089726386
2011-09-07,5.30178799681331
2011-09-08,-2.86881406533883
2011-09-09,-4.69668599268798
2011-09-12,-1.19857030506485
2011-09-13,-0.0653950976983619
2011-09-14,0.167035878918531
2011-09-15,5.67713326690336
2011-09-16,2.06276821338762
2011-09-19,-0.504966567038911
2011-09-20,-2.86897908087442
2011-09-21,0.215106074685112
2011-09-22,-8.75219139153742
2011-09-23,-2.25708675052068
2011-09-26,2.83041360763359
2011-09-27,5.55942471506157
2011-09-28,1.87501087624939
2011-09-29,0.855270658653007
2011-09-30,2.23205213251436
2011-10-03,0.358217408499373
2011-10-04,-2.70111125655319
2011-10-05,1.52023564085741
2011-10-06,0.0955305429185316
2011-10-07,-2.09518346471036
2011-10-10,4.05377919989705
2011-10-11,2.64658245235005
2011-10-12,0.688046333743486
2011-10-13,-3.24103963560303
2011-10-14,0.665958774533637
2011-10-17,-0.0597550062596763
2011-10-18,0.41092316571576
2011-10-19,-0.503946428237745
2011-10-20,-1.52725856901581
2011-10-21,1.21433178481372
2011-10-24,3.29274844680927
2011-10-25,-0.290782409020052
2011-10-26,0.972413239285252
2011-10-27,0.492249675448431
2011-10-28,-2.35517547838464
2011-10-31,-2.82081869191306
2011-11-02,0.562551711257608
2011-11-03,1.45852492725362
2011-11-04,-2.02107663851123
2011-11-07,1.82343509581711
2011-11-08,1.19958175388692
2011-11-09,-4.24604638557518
2011-11-10,-2.41522731829149
2011-11-14,-0.265011662179138
2011-11-15,0.792937311758157
2011-11-16,3.00281876310273
2011-11-17,0.523034787215293
2011-11-18,0.507005755846102
2011-11-21,-0.667648360673434
2011-11-22,-0.396013538990214
2011-11-23,1.36265551133059
2011-11-24,2.28899975823769
2011-11-25,-1.08221931126509
2011-11-28,2.55619444102475
2011-11-29,-0.982382936660731
2011-11-30,4.73819254339882
2011-12-01,-2.55545223894669
2011-12-02,-1.88636743111408
2011-12-05,-0.982681815178799
2011-12-06,-0.547232635989481
2011-12-07,-0.15036122206582
2011-12-08,-0.39331417468369
2011-12-09,0.39331417468369
2011-12-12,-1.85551231231571
2011-12-13,-0.253587056147397
2011-12-14,3.00140997526022
2011-12-15,0.890845733947687
2011-12-16,-3.12678453716981
2011-12-19,1.24544458519935
2011-12-20,3.08232538509499
2011-12-21,1.01087542639533
2011-12-22,-1.157032475894
2011-12-23,1.35171335504114
2011-12-27,0.100332359329114
2011-12-28,-0.723387334392722
2011-12-29,0.484933406143773
2011-12-30,-1.18815781892119
2012-01-02,2.36857311148477
2012-01-03,2.69525073946379
2012-01-04,-1.75592854436104
2012-01-05,-1.21911222436206
2012-01-09,-2.58591603723946
2012-01-10,-1.3638037048576
2012-01-11,0.239366117847695
2012-01-12,0.78522640700398
2012-01-13,-0.153984375351213
2012-01-16,-0.489187381303591
2012-01-17,-0.979096814880043
2012-01-18,1.3783503557288
2012-01-19,-0.399253540848754
2012-01-20,0.880100756804625
2012-01-23,0.102282179856106
2012-01-24,0.04471557773571
2012-01-25,-0.627844973547687
2012-01-26,-0.102880667510696
2012-01-27,-0.296372873338058
2012-01-30,1.89824509122904
2012-01-31,-1.43474484081416
2012-02-01,0.0256871308887074
2012-02-02,-1.72272895913381
2012-02-03,-0.747495448242619
2012-02-06,1.98103702607284
2012-02-07,-1.88236254515264
2012-02-08,-0.349086473387761
2012-02-09,0.749362607418691
2012-02-10,-0.40027613403093
2012-02-13,0.844605145243582
2012-02-14,0.500765199544606
2012-02-15,0.878388390108675
2012-02-16,-0.535157149414989
2012-02-17,2.76715137342411
2012-02-20,-2.08420303244976
2012-02-21,-0.4375811358027
2012-02-22,-0.647000186599289
2012-02-23,-4.5889662245338
2012-02-24,1.69135799727305
2012-02-27,-0.254231755317846
2012-02-28,1.76619689760416
2012-02-29,-0.746493970248219
2012-03-01,-0.76547117203809
2012-03-02,0.513180505751976
2012-03-05,-0.352945460118015
2012-03-06,0.0400186759159205
2012-03-07,-1.83046833568907
2012-03-08,-0.941665095473354
2012-03-09,0
2012-03-12,1.4565016208028
2012-03-13,-1.24419458629137
2012-03-14,-0.459424128965402
2012-03-15,2.20237286636071
2012-03-16,1.06995804741685
2012-03-19,-0.653989651585585
2012-03-20,-1.6403216345612
2012-03-21,-0.211207709241457
2012-03-22,-0.986985393874562
2012-03-23,0.522122648077916
2012-03-26,0.723700844126229
2012-03-27,-0.518347907289618
2012-03-28,0.423064431762432
2012-03-29,-1.30219097287951
2012-03-30,1.10452877445399
2012-04-02,0.0954719112343572
2012-04-03,-0.156894878529767
2012-04-04,-0.671281375470789
2012-04-05,-0.268401110854555
2012-04-10,-2.59700458992524
2012-04-11,0.211954297238615
2012-04-12,0.80835501501122
2012-04-13,-1.08398330357655
2012-04-16,-0.318979536810016
2012-04-17,-0.920087800380864
2012-04-18,0.649932652424523
2012-04-19,1.40673157073894
2012-04-20,0.734346063263258
2012-04-23,-2.0343502411825
2012-04-24,-1.41805713636649
2012-04-25,0.44620441070502
2012-04-26,1.02872746059428
2012-04-27,0.156238935269348
2012-04-30,1.74455746924829
2012-05-02,0.0766791017320578
2012-05-04,-0.467959645659288
2012-05-07,1.04465049178795
2012-05-08,-2.8816387031148
2012-05-09,-0.866550343152728
2012-05-10,1.45664839049591
2012-05-11,1.02261196512243
2012-05-14,-2.3714281320931
2012-05-15,0.972408634734734
2012-05-16,-0.527931596434161
2012-05-17,-2.15466364668577
2012-05-18,-0.0438628561751475
2012-05-21,0.931593345870185
2012-05-22,-1.27585297903812
2012-05-23,-3.3423476715047
2012-05-24,0.348379631358142
2012-05-25,-1.50058039071563
2012-05-28,3.70635975317324
2012-05-29,1.13244831085688
2012-05-30,-0.344259633167932
2012-05-31,3.07783289131196
2012-06-01,-0.00711515884894709
2012-06-04,-1.73692732422599
2012-06-05,-2.12197908592597
2012-06-06,5.9989289485805
2012-06-08,0.590258996473869
2012-06-11,0.207497653643784
2012-06-12,0.77773199065736
2012-06-13,-1.14460327052384
2012-06-14,-1.01063763147291
2012-06-15,0.0630274190128066
2012-06-18,-0.646160416497832
2012-06-19,3.78186162873972
2012-06-20,-0.523792905322606
2012-06-21,0
2012-06-22,-0.567697567870962
2012-06-25,-2.04421073904832
2012-06-26,2.09221348298394
2012-06-27,-0.412201737806495
2012-06-28,0.412201737806495
2012-06-29,1.22650760749323
2012-07-02,-0.447974685228303
2012-07-03,-0.258838098329583
2012-07-04,-1.35271743732965
2012-07-05,2.03243729197626
2012-07-06,-1.24741742251757
2012-07-09,0.0480027439356157
2012-07-10,1.04348772925795
2012-07-11,0.155926949324003
2012-07-12,-1.24741742251757
2012-07-13,2.18461876706382
2012-07-16,-0.0738478097405793
2012-07-17,-0.768560379897876
2012-07-18,0.223086115842763
2012-07-19,-0.473806220074557
2012-07-20,-0.783302714282641
2012-07-23,-3.16075351297047
2012-07-24,0.556006640527063
2012-07-25,-0.457248167488977
2012-07-26,-0.913701154246471
2012-07-27,0.440185304301766
2012-07-30,1.18311239191784
2012-07-31,-1.07690641315927
2012-08-01,-0.0070768904172791
2012-08-02,-0.532199233794106
2012-08-03,2.75777923161344
2012-08-06,1.79035546625763
2012-08-07,0.224101142989097
2012-08-08,0.595159338274387
2012-08-09,2.14803802938817
2012-08-10,0.60534465678912
2012-08-13,0.673403218134405
2012-08-14,-0.234849086999978
2012-08-16,-0.281238943997453
2012-08-17,-0.980690388491956
2012-08-20,1.26192933248941
2012-08-21,0
2012-08-22,0
2012-08-23,0
2012-08-24,1.08481365253095
2012-08-27,-1.14361220386074
2012-08-28,0.768182932552319
2012-08-29,-1.81269891606646
2012-08-30,0.329641648711076
2012-08-31,2.87411524690788
2012-09-03,0.593019432779718
2012-09-04,-2.09438466161846
2012-09-05,-1.15578027583001
2012-09-06,-0.322336890611208
2012-09-07,-2.45460199225422
2012-09-10,2.4018767554169
2012-09-11,2.56424306133378
2012-09-12,-1.36505435174743
2012-09-13,-0.437380336260107
2012-09-14,1.73815907196251
2012-09-17,-0.48338852141554
2012-09-18,0.906846102731773
2012-09-19,1.23442646655945
2012-09-20,-1.92184686008288
2012-09-21,0.328238428252225
2012-09-24,-1.80243468800754
2012-09-25,2.05912481162471
2012-09-26,-0.256690123617176
2012-09-27,-0.547664137460568
2012-09-28,0
2012-10-01,0.219425709208343
2012-10-02,-0.653237778711047
2012-10-03,-0.932240527025696
2012-10-04,-1.43811436880985
2012-10-05,1.61479864079817
2012-10-08,-0.176684271988314
2012-10-09,-1.3252213063832
2012-10-10,-1.10785970258283
2012-10-11,-0.282258251911305
2012-10-12,-0.899110332768505
2012-10-15,0.622801904793979
2012-10-16,1.8984527386769
2012-10-17,0.271119359328464
2012-10-18,0.224274500338995
2012-10-19,-0.112074376368287
2012-10-22,-0.217915363416354
2012-10-23,-2.00988303455341
2012-10-24,-0.969203425372767
2012-10-25,0.85447420745659
2012-10-26,0.337063821884387
2012-10-29,0.335931517205168
2012-10-30,-0.114090143579171
2012-10-31,-2.84011325514113
2012-11-02,1.99042171779147
2012-11-05,0
2012-11-06,-0.563687865617313
2012-11-07,0
2012-11-08,0.516270421883824
2012-11-09,-0.741273073656235
2012-11-12,0.788690517389723
2012-11-13,0.175925344785011
2012-11-14,1.79557282869238
2012-11-15,0
2012-11-16,1.09622705122732
2012-11-19,0.27546419989628
2012-11-20,-2.04460094906596
2012-11-21,-2.83408798609752
2012-11-22,-2.7964585062922
2012-11-23,3.02314587796637
2012-11-26,0.629277042351717
2012-11-27,1.69696125001857
2012-11-28,1.50368768027254
2012-11-29,-1.38978863610086
2012-11-30,2.71491954581897
2012-12-03,-1.2129307857474
2012-12-04,0.16477182834862
2012-12-05,0.505798036972971
2012-12-06,0.867670250902197
2012-12-07,-3.59755783276556
2012-12-10,0.336112174451531
2012-12-11,2.71431995296347
2012-12-12,-0.714452617910943
2012-12-13,-0.0592202682219156
2012-12-14,0.773672886132859
2012-12-17,0.156627324325687
2012-12-18,0.552757056896835
2012-12-19,0.323729644979176
2012-12-20,0
2012-12-21,0.155018762473569
2012-12-27,-0.264969295815298
2012-12-28,-1.42077468138853
2013-01-02,3.72369741035072
2013-01-03,2.86749061372977
2013-01-04,-1.50453260570158
2013-01-07,1.50453260570158
2013-01-08,-0.307730425021546
2013-01-09,0.0493005494671461
2013-01-10,-0.364164214440876
2013-01-11,-0.353083651112351
2013-01-14,0.513726255939684
2013-01-15,-2.14659434118341
2013-01-16,-0.258944787378423
2013-01-17,0.113765655046061
2013-01-18,0.309041272734945
2013-01-21,0.106995635974494
2013-01-22,0.25757827968218
2013-01-23,-1.84909017126675
2013-01-24,0
2013-01-25,-2.9907194765177
2013-01-28,-2.2240895448904
2013-01-29,0
2013-01-30,-1.4241390837463
2013-01-31,-2.54561715637136
2013-02-01,1.10783226726365
2013-02-04,-2.04403028518412
2013-02-05,1.80816475786845
2013-02-06,-2.10563646954274
2013-02-07,-0.234350140986361
2013-02-08,2.28440789574562
2013-02-11,0.864907657731662
2013-02-12,-2.32795569973843
2013-02-13,0.183176041073141
2013-02-14,0
2013-02-15,0.463483975769119
2013-02-18,0.989969044273398
2013-02-19,-0.229190641006305
2013-02-20,-6.1881321298034
2013-02-21,2.08623018534886
2013-02-22,-3.00769022391849
2013-02-25,-3.94387287049249
2013-02-26,2.87057101460024
2013-02-27,4.03026927882473
2013-02-28,-1.5926695509239
2013-03-01,2.37959199601683
2013-03-04,0.473492526775932
2013-03-05,1.71720674601179
2013-03-06,-0.635191633856325
2013-03-07,-0.774729344938851
2013-03-08,1.52944990847712
2013-03-11,-0.0562311113431857
2013-03-12,0.581865709810137
2013-03-13,-0.581865709810137
2013-03-14,4.09822854063742
2013-03-15,0.833338155914465
2013-03-18,-2.5485993757886
2013-03-19,-1.80110161095315
2013-03-20,-1.16713692177655
2013-03-21,-1.25966865083691
2013-03-22,-0.531381402597564
2013-03-25,-3.74855932378657
2013-03-26,1.97615874640853
2013-03-27,3.85298863189072
2013-03-28,-1.24886317671367
2013-04-02,-2.23105893126858
2013-04-03,1.3345135679272
2013-04-04,-0.549054984290143
2013-04-05,2.92689891689464
2013-04-08,0.414224624292814
2013-04-09,-1.66017023394018
2013-04-10,-0.47126113636442
2013-04-11,1.78050456435055
2013-04-12,-0.585271211966409
2013-04-15,-1.0093198201079
2013-04-17,-1.9258411927733
2013-04-18,-1.04690000412773
2013-04-19,0.0588581535532207
2013-04-22,-0.309392511994844
2013-04-23,-1.49406280120941
2013-04-24,1.1837100803672
2013-04-25,0.803453995970571
2013-04-26,-0.552141867249301
2013-04-29,1.95912698740695
2013-04-30,-0.602652032716655
2013-05-02,1.43887374520997
2013-05-06,1.84927033802369
2013-05-07,0.471052299987251
2013-05-08,-0.11931081879939
2013-05-09,-2.20101181921155
2013-05-10,0.964465415010585
2013-05-13,-0.071123758332492
2013-05-14,1.48307803069683
2013-05-15,0.287004502072863
2013-05-16,2.19849850256022
2013-05-17,-1.02409912527355
2013-05-20,-2.94448191005636
2013-05-21,-0.04981674657345
2013-05-22,0.829409638971912
2013-05-23,-3.06812109394117
2013-05-24,0.486548289268862
2013-05-27,3.87218481305127
2013-05-28,1.44604173297966
2013-05-29,1.37123955035725
2013-05-31,2.55532298265964
2013-06-03,-1.71194855418588
2013-06-04,1.22201113347753
2013-06-05,2.15358595573121
2013-06-06,-4.78974156623035
2013-06-07,0.394451001105711
2013-06-10,2.12881154696678
2013-06-11,-1.05538351844148
2013-06-12,-2.2683485314404
2013-06-13,1.07946665464618
2013-06-14,0.629976681283839
2013-06-17,-1.03170670102029
2013-06-18,0.401730019736446
2013-06-19,1.75803537677304
2013-06-20,-1.69010520637332
2013-06-21,-3.5387244541822
2013-06-24,-2.25544049002582
2013-06-25,-2.13091223594959
2013-06-26,-1.6154482466499
2013-06-27,-8.47727371471723
2013-06-28,4.65495839376744
2013-07-01,-1.1082607774656
2013-07-02,1.23236876733301
2013-07-03,-0.786026849397192
2013-07-04,1.70427860416056
2013-07-05,-0.964774202683172
2013-07-08,-4.73254393571505
2013-07-09,-0.882070403809765
2013-07-10,2.30305346107507
2013-07-11,0.599450302423987
2013-07-12,-3.38768213393883
2013-07-15,-0.69484935040669
2013-07-16,1.58936107994645
2013-07-17,2.80347021179801
2013-07-18,-0.310299807398939
2013-07-19,0.476986356291853
2013-07-22,-0.126974066738006
2013-07-23,0.846088944083645
2013-07-24,0.141631938067022
2013-07-25,-0.40970747509772
2013-07-26,-0.983822597340955
2013-07-29,1.71538928187771
2013-07-30,0
2013-07-31,-0.786848028491516
2013-08-01,1.71520044613005
2013-08-02,3.05881011809759
2013-08-05,0.810085438148267
2013-08-06,-0.975910455418827
2013-08-07,-0.916985698675887
2013-08-08,-0.88705942222429
2013-08-09,-2.88316682498553
2013-08-12,1.84080708035474
2013-08-13,1.22653599191938
2013-08-14,0.382614485747013
2013-08-16,-0.183472263071716
2013-08-19,0.959495634038854
2013-08-20,-2.77400706269639
2013-08-21,-0.85293368917374
2013-08-22,3.04167704349574
2013-08-23,-1.0190487756832
2013-08-26,-0.0616285359618107
2013-08-27,-0.967911850148173
2013-08-28,2.68688920129674
2013-08-29,2.6313373447342
2013-08-30,4.7545687690782
2013-09-02,0.882544076677094
2013-09-03,-1.11497946922654
2013-09-04,-0.622482026983473
2013-09-05,-2.52941558597368
2013-09-06,2.77745795119668
2013-09-09,0.444931699079643
2013-09-10,2.14027480262855
2013-09-11,0.124078047213771
2013-09-12,2.4564906824283
2013-09-13,0.890024947026369
2013-09-16,-0.822829675045034
2013-09-17,0.174496688572523
2013-09-18,0.30129579888305
2013-09-19,2.37170489129412
2013-09-20,1.20702309018079
2013-09-23,0.969292179842141
2013-09-24,-0.68587814150427
2013-09-25,-1.71920287422287
2013-09-26,-0.808125024749362
2013-09-27,-0.934493330018915
2013-09-30,-2.43314446325287
2013-10-01,1.91241426595079
2013-10-02,1.40243566730271
2013-10-03,-0.0660240351463504
2013-10-04,-1.16921547215729
2013-10-07,-1.29806443143452
2013-10-08,0.18261139293938
2013-10-09,1.11545303849514
2013-10-10,1.51864717763677
2013-10-11,1.15169444694745
2013-10-14,1.42762671439103
2013-10-15,0.281816621538988
2013-10-16,0.840715734554021
2013-10-17,-1.97924795706652
2013-10-18,0.631974760882148
2013-10-21,2.8954476046839
2013-10-22,3.09287156835039
2013-10-23,0.266054093326984
2013-10-24,0.793941377219243
2013-10-25,-0.793941377219243
2013-10-28,-1.22730746443311
2013-10-29,-2.0192726605246
2013-10-30,1.95812179944941
2013-10-31,-3.06206577117201
2013-11-04,2.47310701351697
2013-11-05,-3.92797845509278
2013-11-06,0.784067761789142
2013-11-07,0.670803679786669
2013-11-08,-0.944210303762771
2013-11-12,1.00726200824761
2013-11-13,0.822326594941281
2013-11-14,0.766000943022238
2013-11-15,1.63065484423033
2013-11-18,4.21297328076742
2013-11-19,-2.45843616763501
2013-11-20,-1.21886502629329
2013-11-21,-1.51087071353349
2013-11-22,-0.160375065215268
2013-11-25,1.93800960858428
2013-11-26,-2.70021314368889
2013-11-27,1.62886128449018
2013-11-28,0.213969208945874
2013-11-29,0.69983550501922
2013-12-02,-2.16393646122923
2013-12-03,0.710120616626497
2013-12-04,-1.8067731425059
2013-12-05,-1.78260093221079
2013-12-06,-2.44694089799236
2013-12-09,-1.27608125071337
2013-12-10,0.876591541646743
2013-12-11,-3.04477069450284
2013-12-12,0.707812453222489
2013-12-13,-0.0671952719813351
2013-12-16,2.17421549518955
2013-12-17,-3.17402116195962
2013-12-18,2.82481968702926
2013-12-19,-1.16843923761856
2013-12-20,1.57024460645001
2013-12-23,-1.57024460645001
2013-12-27,-2.80354222727457
2013-12-30,-1.52938865572931
2014-01-02,-0.86847443191238
2014-01-03,0.126537802472892
2014-01-07,-0.924592816697611
2014-01-08,-0.754451977159443
2014-01-09,0.882003014860633
2014-01-10,-1.83674986738103
2014-01-13,3.43847009529648
2014-01-14,1.58332895937514
2014-01-15,-0.916520904182239
2014-01-16,2.06235256492602
2014-01-17,-1.14583166074378
2014-01-20,2.3859068591078
2014-01-21,0
2014-01-22,0.886879416957909
2014-01-23,-1.76817948009673
2014-01-24,-1.20323670485867
2014-01-27,-0.610531822709071
2014-01-28,-2.45188851648246
2014-01-29,-0.622482026983473
2014-01-30,0.749331938284659
2014-01-31,2.32503860518127
2014-02-03,1.81376852756774
2014-02-04,-0.236782575195882
2014-02-05,1.70576965099403
2014-02-06,1.00043899318432
2014-02-07,-1.35397303048732
2014-02-10,0.70582261328771
2014-02-11,4.40045037549046
2014-02-12,1.44359048674061
2014-02-13,2.24033133720067
2014-02-14,-0.275777714233172
2014-02-17,0.275777714233172
2014-02-18,-0.540011130637641
2014-02-19,0.264233416404469
2014-02-20,-0.47982375522877
2014-02-21,0.326284649370923
2014-02-24,1.2339048494542
2014-02-25,-1.83806179469639
2014-02-26,-1.75913712299001
2014-02-27,-0.107042795852008
2014-02-28,2.19337100000492
2014-03-03,-2.8634114334809
2014-03-04,1.54817440849953
2014-03-05,0.938565487588727
2014-03-06,2.42036017408864
2014-03-07,-0.909924385511429
2014-03-10,-2.38657150762562
2014-03-11,3.56184401650492
2014-03-12,-1.38878486694769
2014-03-13,1.55126421666876
2014-03-14,-1.49631748309056
2014-03-17,0.535672086839112
2014-03-18,0
2014-03-19,-1.08036574359636
2014-03-20,1.08036574359636
2014-03-21,-1.34459916000083
2014-03-24,-0.277273044949755
2014-03-25,3.11025495795265
2014-03-26,1.40759562348816
2014-03-27,1.34151568114063
2014-03-28,-1.59543533098923
2014-03-31,-1.57324024291894
2014-04-01,2.50309628359004
2014-04-02,1.69027925710004
2014-04-03,0.654460111957311
2014-04-04,0.803583385581375
2014-04-07,-3.04293632802315
2014-04-08,0.513629799011683
2014-04-09,-1.23599382693453
2014-04-10,0.76916681354291
2014-04-11,0.977832132098344
2014-04-14,-0.156508161674829
2014-04-15,0.664915288315937
2014-04-16,1.70836892989343
2014-04-17,0.694388428200332
2014-04-22,-0.892863074430128
2014-04-23,0
2014-04-24,2.46690762887405
2014-04-25,0.733857129628745
2014-04-28,-0.733857129628745
2014-04-29,0.298606724865547
2014-04-30,2.11431296496691
2014-05-02,0
2014-05-05,-0.672599628279347
2014-05-06,-2.71979252562087
2014-05-07,-3.25120991488044
2014-05-08,2.5158918477163
2014-05-09,-0.355560946876787
2014-05-12,1.58181444916599
2014-05-13,1.94544726487003
2014-05-14,0.669080745562223
2014-05-15,-2.12599098148956
2014-05-16,2.69363678197005
2014-05-19,2.07534990001541
2014-05-20,1.38432287743777
2014-05-21,-0.0937793129060172
2014-05-22,1.00612818451968
2014-05-23,-2.29667174905144
2014-05-26,-2.64299570049591
2014-05-27,1.93826368062462
2014-05-28,1.16830552033784
2014-05-29,-0.463573500466552
2014-05-30,-2.59421388972343
2014-06-02,1.4204478578701
2014-06-03,1.02581356100711
2014-06-04,-1.72813517189203
2014-06-05,-0.674784605825574
2014-06-06,-0.619398883303424
2014-06-09,0.814204139714247
2014-06-10,1.18230096029968
2014-06-11,-1.32836931378821
2014-06-12,0.383649458760793
2014-06-13,2.35054126236141
2014-06-16,-0.469943046146248
2014-06-17,3.8876629405197
2014-06-18,-0.858944899532732
2014-06-20,-1.08935226304014
2014-06-23,-1.14859777941381
2014-06-24,0.831442549570349
2014-06-25,-2.08905489730906
2014-06-26,1.62973992934905
2014-06-27,0.182934847827898
2014-06-30,-0.413385900427343
2014-07-01,1.14698092833709
2014-07-02,-6.84894325442014
2014-07-03,-1.53272564801177
2014-07-04,0.69095575853142
2014-07-07,1.90746010550802
2014-07-08,-0.578370611684864
2014-07-09,-0.487319604342806
2014-07-10,0.238418787219263
2014-07-11,-0.488537028942693
2014-07-14,1.70500999056933
2014-07-15,0.90951801986292
2014-07-16,-0.625426919702576
2014-07-17,-0.52510786889024
2014-07-18,-1.213874980116
2014-07-21,-0.350340967261786
2014-07-22,1.37208238293369
2014-07-23,0.334622764855252
2014-07-24,1.05682739895414
2014-07-25,0.718126246985173
2014-07-28,0.231077298728133
2014-07-29,-1.04679097552354
2014-07-30,0
2014-07-31,-0.620275126524472
2014-08-01,0.717862556334703
2014-08-04,2.35632621905784
2014-08-05,1.11580105008744
2014-08-06,-1.67840536830681
2014-08-07,-1.55557500326804
2014-08-08,-0.433417083289278
2014-08-11,2.32375155855995
2014-08-12,0.22784484621674
2014-08-13,1.34583042797125
2014-08-14,0.364868791549178
2014-08-18,2.49210071048203
2014-08-19,0.0913056774399568
2014-08-20,0.0861566583969076
2014-08-21,0.182204726994462
2014-08-22,-0.674804052314082
2014-08-25,0.674804052314082
2014-08-26,-1.53374895184681
2014-08-27,-1.72989604928393
2014-08-28,-0.644673214672009
2014-08-29,1.00971325290531
2014-09-01,0.824244577259892
2014-09-02,0.950553078857297
2014-09-03,3.44792421059203
2014-09-04,1.1787376790855
2014-09-05,1.12638953691331
2014-09-08,-0.8046577589508
2014-09-09,-1.18477837456168
2014-09-10,-1.18901574193808
2014-09-11,-2.48259381984934
2014-09-12,3.17295390854193
2014-09-15,0.227418894674214
2014-09-16,-1.15229247557211
2014-09-17,0.781234535918518
2014-09-18,0.78501476969568
2014-09-19,-0.735460754806505
2014-09-22,0.553333757058549
2014-09-23,-3.25484369714633
2014-09-24,0.755524218561332
2014-09-25,-0.51658762640292
2014-09-26,-2.1401345410156
2014-09-29,-1.405273223522
2014-09-30,2.21641662370127
2014-10-01,-3.54037813305004
2014-10-02,-0.149381163074969
2014-10-03,0.399627546630255
2014-10-06,-0.399627546630255
2014-10-07,-1.29505558077812
2014-10-08,-0.0486894434677865
2014-10-09,3.98344941151723
2014-10-10,-0.484767297163913
2014-10-13,0.62506714610211
2014-10-14,1.43323585502566
2014-10-15,1.2715699532682
2014-10-16,-1.22039549843871
2014-10-17,1.12938067696651
2014-10-20,-0.517321232834433
2014-10-21,0.795162335010913
2014-10-22,-0.744326077498059
2014-10-23,2.09221069547052
2014-10-24,3.5832462165108
2014-10-27,-1.21260453440679
2014-10-28,-0.453051560458562
2014-10-29,-1.13428335517045
2014-10-30,-1.84908954001641
2014-10-31,2.98337289518686
2014-11-03,0
2014-11-04,0
2014-11-05,-1.68393934795286
2014-11-06,0.0893388981398235
2014-11-07,0.504751665469216
2014-11-10,-1.4267846622452
2014-11-12,-0.839686156448272
2014-11-13,-2.70217556584256
2014-11-14,-0.870091716327259
2014-11-17,-0.0471068549183773
2014-11-18,-0.346129986853727
2014-11-19,1.16471689836315
2014-11-20,-2.92960888048373
2014-11-21,1.57558761891479
2014-11-24,0.0473596977831559
2014-11-25,-0.0473596977831559
2014-11-26,-1.57558761891479
2014-11-27,-3.47648228628348
2014-11-28,-0.672131401332843
2014-12-01,3.20308176947437
2014-12-02,0.998987845004251
2014-12-03,-0.449920416174709
2014-12-04,-0.398042588905145
2014-12-05,-0.0970612101004242
2014-12-08,-1.21035969712637
2014-12-09,-3.4498630152731
2014-12-10,1.24699700469231
2014-12-11,2.15370851443839
2014-12-12,0.250995930319187
2014-12-15,-3.54436590260843
2014-12-16,-2.44046974048082
2014-12-17,0.536627467043038
2014-12-18,2.11253407765457
2014-12-19,-3.29344505149383
2014-12-22,1.44527894390434
2014-12-23,0.532357649838389
2014-12-29,-1.43754991258214
2014-12-30,1.38044294969157
2015-01-02,1.05688806958342
2015-01-05,-0.629378654542778
2015-01-07,1.41197420912569
2015-01-08,-0.207719372933379
2015-01-09,-0.99402151349719
2015-01-12,0.678812426665676
2015-01-13,4.40055561758146
2015-01-14,-0.253882648185932
2015-01-15,-2.12640223764358
2015-01-16,0.0552333623542012
2015-01-19,-2.01914383786592
2015-01-20,-1.16178235696154
2015-01-21,1.3700395453371
2015-01-22,1.34042777705941
2015-01-23,-1.97216319633529
2015-01-26,-0.681317573345108
2015-01-27,0.108185063932442
2015-01-28,0.47123032668166
2015-01-29,1.30551626307591
2015-01-30,0.76854911599038
2015-02-02,-0.305598237554516
2015-02-03,0.305598237554516
2015-02-04,-0.76854911599038
2015-02-05,1.02895871545932
2015-02-06,-0.260409599468936
2015-02-09,-1.23365320174047
2015-02-10,0.46510408575009
2015-02-11,0.873902753504074
2015-02-12,0.514083108913654
2015-02-13,-0.925034983981865
2015-02-16,-0.883131333601161
2015-02-17,1.9569225776249
2015-02-18,1.01879612648745
2015-02-19,1.55192775979485
2015-02-20,0.449703632760334
2015-02-23,0.346602314619249
2015-02-24,-1.33971244422484
2015-02-25,0.3930547529015
2015-02-26,2.07410115433126
2015-02-27,1.0680170625573
2015-03-02,-1.80762632977478
2015-03-03,-1.52813403250232
2015-03-04,-0.702401850453604
2015-03-05,0.702401850453604
2015-03-06,-0.501984699166691
2015-03-09,0.550430400558266
2015-03-10,-2.1156465504454
2015-03-11,0.148298711714556
2015-03-12,0.0548696858759357
2015-03-13,-0.362697545486679
2015-03-16,0.258419387797781
2015-03-17,0.252276101769056
2015-03-18,2.76047237797465
2015-03-19,0.975617494536474
2015-03-20,0.489513307408318
2015-03-23,0
2015-03-24,1.92928684937326
2015-03-25,-1.4421581067229
2015-03-26,1.4421581067229
2015-03-27,-0.957390809558989
2015-03-30,0.720191709019424
2015-03-31,-0.289525587417838
2015-04-01,-0.383877630716567
2015-04-02,0.192123017789392
2015-04-07,-0.582697658293618
2015-04-08,-0.528395903607715
2015-04-09,0.0943742533213054
2015-04-10,-0.0471759935364524
2015-04-13,0.0943297418232625
2015-04-14,-0.193996652793471
2015-04-15,1.59320285638436
2015-04-16,1.33403722887859
2015-04-17,-1.23594485931044
2015-04-20,1.33273795889735
2015-04-21,1.12406246835683
2015-04-22,-1.83948276132049
2015-04-23,1.41564641364385
2015-04-24,0.282757067966255
2015-04-27,-2.3621739600646
2015-04-28,1.41991774851218
2015-04-29,-0.377358938363948
2015-04-30,-1.76275051916766
2015-05-04,-1.95333067984822
2015-05-05,0.100696937252476
2015-05-06,0.544125593010403
2015-05-07,-1.37925904067258
2015-05-08,0
2015-05-11,-0.246015740725003
2015-05-12,0.49675608922386
2015-05-13,0.536707189445718
2015-05-14,-0.787447537944574
2015-05-15,0.250740348498857
2015-05-18,1.17065722321601
2015-05-19,-1.66741331243987
2015-05-20,1.22936009843113
2015-05-21,-0.493121177419908
2015-05-22,-0.736238921011223
2015-05-25,-0.300316630496589
2015-05-26,0.300316630496589
2015-05-27,0.69370609034185
2015-05-28,-0.650877244459913
2015-05-29,1.91905804528671
2015-06-01,-1.96188689116865
2015-06-02,-3.02798117717851
2015-06-03,-2.8495784268455
2015-06-05,0.994527042177751
2015-06-08,-0.784627660050541
2015-06-09,-2.98529631496813
2015-06-10,4.39210585375966
2015-06-11,0.100530586517511
2015-06-12,-1.45635006726539
2015-06-15,0.941461981017833
2015-06-16,0.106553020203837
2015-06-17,-0.838661938648588
2015-06-18,-2.81450383418265
2015-06-19,-0.864138033347661
2015-06-22,1.77849625556346
2015-06-23,-0.167200015889746
2015-06-24,0.322618092935789
2015-06-25,-0.907127410660324
2015-06-26,-2.39659047406238
2015-06-29,-0.440896805730429
2015-06-30,2.02743593751582
2015-07-01,-1.14757769612459
2015-07-02,0.112396119377722
2015-07-03,-1.48909774013597
2015-07-06,-0.451087884853285
2015-07-07,-2.37285828717999
2015-07-08,-2.19679328420885
2015-07-09,1.50924992726482
2015-07-10,1.37652246032562
2015-07-13,-0.750726558261006
2015-07-14,0.345295693921788
2015-07-15,0.0615346767309344
2015-07-16,4.1864757740278
2015-07-17,-0.165318571040052
2015-07-20,-4.36624011876106
2015-07-21,0.283548239042375
2015-07-22,-0.283548239042375
2015-07-23,0
2015-07-24,1.01947698668519
2015-07-27,0.0610836253798652
2015-07-28,0.905753737876136
2015-07-29,-1.24830362017891
2015-07-30,-0.620795503040839
2015-07-31,1.24385047810445
2015-08-03,-0.39048249738145
2015-08-04,-1.08175609271348
2015-08-05,-1.38765799685983
2015-08-06,-6.17061011974087
2015-08-07,2.01893774499515
2015-08-10,0.605608597272855
2015-08-11,-1.94702797510646
2015-08-12,-0.617552346108807
2015-08-13,2.4476516343837
2015-08-14,-3.37782864928964
2015-08-17,-4.06147191541906
2015-08-18,2.87114269797613
2015-08-19,1.38511048599765
2015-08-20,2.14419579173648
2015-08-21,-4.03404781722263
2015-08-24,-5.66195578904467
2015-08-25,-0.675261233490465
2015-08-26,0.0582665712041575
2015-08-27,4.88109673814487
2015-08-28,-1.36142012686098
2015-08-31,1.67989173361298
2015-09-01,-2.86074335496829
2015-09-02,-0.592118726601498
2015-09-03,1.11709155542581
2015-09-04,-0.988382206230876
2015-09-07,-0.861208136059544
2015-09-08,4.12313096149961
2015-09-09,1.27145109950146
2015-09-10,-0.253000237520196
2015-09-11,-2.24324000710001
2015-09-14,-1.17619414214656
2015-09-15,0.12744266805611
2015-09-16,1.30748383058554
2015-09-17,1.02828669555843
2015-09-18,-2.59791244536296
2015-09-21,0.52359845087655
2015-09-22,-2.04619836499242
2015-09-23,-1.48763673767607
2015-09-24,-4.46279069698146
2015-09-25,1.93063497424033
2015-09-28,-1.99946073308461
2015-09-29,0.068825758844282
2015-09-30,0.746385795566251
2015-10-01,0
2015-10-02,-2.6293027558963
2015-10-05,1.88291696033005
2015-10-06,-0.975617494536429
2015-10-07,0.75367579703487
2015-10-08,3.81829037811752
2015-10-09,3.12899832388993
2015-10-12,2.14256030466387
2015-10-13,-0.483888878539274
2015-10-14,-1.7301715006707
2015-10-15,0.413990598412672
2015-10-16,0.28451544905761
2015-10-19,-0.770057281204073
2015-10-20,-0.423197561636757
2015-10-21,-2.91735975464831
2015-10-22,1.29413570843933
2015-10-23,-1.94753868650421
2015-10-26,4.06551152808374
2015-10-27,-0.0715512337337909
2015-10-28,0
2015-10-29,-2.91222788215721
2015-10-30,3.61123215482988
2015-11-02,-0.491646577981797
2015-11-03,1.86815509455807
2015-11-04,0.0700819988036283
2015-11-05,-3.20334884871754
2015-11-06,-0.210000439245039
2015-11-09,1.89565524285209
2015-11-10,4.35638045528131
2015-11-12,0.989302010924176
2015-11-13,-0.32417128408726
2015-11-16,-2.14003312755602
2015-11-17,0.338059585815831
2015-11-18,-0.885512531351429
2015-11-19,-2.89037461823489
2015-11-20,1.25099364066723
2015-11-23,-5.46560315372959
2015-11-24,-4.32215437722747
2015-11-25,0.303348733377229
2015-11-26,3.9441732051297
2015-11-27,-0.877363057409353
2015-11-30,-2.3856929634464
2015-12-01,-0.154392496316502
2015-12-02,-0.908003599842244
2015-12-03,2.48694343060598
2015-12-04,-0.748037989269923
2015-12-07,-3.50858472112106
2015-12-08,-5.17026699284844
2015-12-09,-0.653925871497174
2015-12-10,5.0514961453175
2015-12-11,-4.72399868671451
2015-12-14,-0.411644215503504
2015-12-15,-0.743560671286625
2015-12-16,1.23062915183652
2015-12-17,2.51481529804742
2015-12-18,2.1337591236207
2015-12-21,0.311389927846939
2015-12-22,0.540627807476257
2015-12-23,3.72762295151472
2015-12-28,-1.81143427627504
2015-12-29,1.35972428645328
2015-12-30,-4.12793069701616
2016-01-04,-1.74240110271224
2016-01-05,-1.36000785380137
2016-01-07,-4.61704854352636
2016-01-08,1.42381683128114
2016-01-11,-1.08747914196217
2016-01-12,4.6840865812352
2016-01-13,2.45884096028579
2016-01-14,0.623303919848883
2016-01-15,-1.33121452640084
2016-01-18,-4.18754002646606
2016-01-19,1.38775007594325
2016-01-20,3.11414155746674
2016-01-21,0.0804440555004948
2016-01-22,4.45846078726757
2016-01-25,0.827147244808168
2016-01-26,-1.96409440820533
2016-01-27,2.70120781826155
2016-01-28,-0.737113410056223
2016-01-29,2.86453446821393
2016-02-01,-1.82503195565
2016-02-02,-0.66646717457326
2016-02-03,2.20202036062345
2016-02-04,3.21829866633188
2016-02-05,-0.281111656631117
2016-02-08,-1.2785296924509
2016-02-09,-2.09818571880458
2016-02-10,0.513833650923923
2016-02-11,-0.148665752498234
2016-02-12,1.5866906066782
2016-02-15,2.12257597470735
2016-02-16,-3.19730107804719
2016-02-17,1.78969130645208
2016-02-18,-4.28504389082676
2016-02-19,-0.593609049021859
2016-02-22,0.593609049021859
2016-02-23,0.0758495181995222
2016-02-24,-1.19752775440034
2016-02-25,0.451709989821758
2016-02-26,-1.57835204815111
2016-02-29,-1.84051872839182
2016-03-01,-1.48115464570111
2016-03-02,-3.18703366012869
2016-03-03,5.43984567817506
2016-03-04,-1.08040954731705
2016-03-07,2.59836186333215
2016-03-08,-0.224293376833229
2016-03-09,-1.52138686358279
2016-03-10,0.689441778243749
2016-03-11,-2.5542051962677
2016-03-14,1.78611614696265
2016-03-15,-0.694776203931502
2016-03-16,0.922683096560206
2016-03-17,4.50488600126957
2016-03-18,4.51888529238613
2016-03-21,0.486549328470876
2016-03-22,0.420243504616069
2016-03-23,-1.96675877258268
2016-03-24,-2.07280281637505
2016-03-29,1.29413570843933
2016-03-30,0.706150788586779
2016-03-31,-0.85237102227147
2016-04-01,-0.933521425235861
2016-04-04,-0.0738770719179715
2016-04-05,-3.30583780835454
2016-04-06,-1.5007785433689
2016-04-07,1.04906855354714
2016-04-08,-0.222777123056117
2016-04-11,0.0768757725437386
2016-04-12,0.299252093645386
2016-04-13,2.22004041254134
2016-04-14,-0.292672153679163
2016-04-15,-1.25540482632314
2016-04-18,-0.297244988493084
2016-04-19,-0.451364420052336
2016-04-20,-0.222606117639002
2016-04-21,-0.0768757725437386
2016-04-22,0.153692491638324
2016-04-25,-0.531240422484069
2016-04-26,0
2016-04-27,-0.448743499645277
2016-04-28,0
2016-04-29,-0.0775735047822135
2016-05-02,-0.380982461366131
2016-05-04,-1.38052235646731
2016-05-05,0
2016-05-06,0
2016-05-09,-0.229312558477535
2016-05-10,-1.7166775518636
2016-05-11,-1.99282693999803
2016-05-12,2.37864849407967
2016-05-13,1.02163870481879
2016-05-16,0.767317770258691
2016-05-17,-1.00582957040154
2016-05-18,-2.20514327198207
2016-05-19,-4.63844021872557
2016-05-20,-1.8495946428434
2016-05-23,2.59688072911817
2016-05-24,1.80260592570831
2016-05-25,1.6154641270191
2016-05-27,0.63569896229323
2016-05-30,2.89852156886128
2016-05-31,-2.73617069303556
2016-06-01,-2.08998305121812
2016-06-02,1.21014030816289
2016-06-03,3.22855397061845
2016-06-06,0.537295856424835
2016-06-07,2.88929697541693
2016-06-08,3.60148685202213
2016-06-09,-2.18755223577829
2016-06-10,-3.30741828952168
2016-06-13,0.303821368752422
2016-06-14,-0.374065274079793
2016-06-15,0.754485747616362
2016-06-16,-3.38881915329945
2016-06-17,2.39983005425692
2016-06-20,1.82239156144686
2016-06-21,0.673970537691337
2016-06-22,1.47746749415587
2016-06-23,2.2606554628914
2016-06-24,-4.33527677564403
2016-06-27,-1.59446102378791
2016-06-28,-10.1838425418504
2016-06-29,1.09112298634462
2016-06-30,-1.26404365886401
2016-07-01,-0.0865725965247144
2016-07-04,-2.48160395731825
2016-07-05,0.345668414209221
2016-07-06,-0.0885190816408699
2016-07-07,1.29340591522937
2016-07-08,-0.341521414308676
2016-07-11,2.87067957147547
2016-07-12,-0.41853573801931
2016-07-13,2.31820872024318
2016-07-14,1.37875938270033
2016-07-15,2.00080170806198
2016-07-18,1.8028612178643
2016-07-19,0.30921729296316
2016-07-20,-0.699081334528895
2016-07-21,-1.09816341473175
2016-07-22,2.33411640038113
2016-07-25,-0.925529685471504
2016-07-26,0.0794407413878595
2016-07-27,0.0714427496154357
2016-07-28,-1.32600393233564
2016-07-29,0.625252537966459
2016-08-01,-3.90289463411366
2016-08-02,1.53367122208281
2016-08-03,-2.42672059934259
2016-08-04,3.37953533250093
2016-08-05,2.4261568725974
2016-08-08,-1.32188578758381
2016-08-09,0
2016-08-10,-1.02325349976695
2016-08-11,1.02325349976695
2016-08-12,-0.0801924662061193
2016-08-16,-3.42750809086865
2016-08-17,-2.88044168742059
2016-08-18,0.749130940190712
2016-08-19,-1.34046831059664
2016-08-22,1.99981135857983
2016-08-23,-1.4084739881739
2016-08-24,-1.42859572474765
2016-08-25,-1.4580954182708
2016-08-26,0.175746969664647
2016-08-29,0.943732974200806
2016-08-30,-3.10924180537544
2016-08-31,1.21278461704399
2016-09-01,-3.97810544796382
2016-09-02,0.0921913958539022
2016-09-05,3.28136029047954
2016-09-06,1.12614801317124
2016-09-07,-2.61750617262022
2016-09-08,1.14297243926416
2016-09-09,-1.49660204113662
2016-09-12,1.0571591564835
2016-09-13,2.43286437473484
2016-09-14,-2.08294701083287
2016-09-15,0.61610088181201
2016-09-16,-1.76010290929316
2016-09-19,-1.51531881684668
2016-09-20,1.16136827261371
2016-09-21,-0.446490331247018
2016-09-22,-5.15336501151826
2016-09-23,1.90481949706944
2016-09-26,-2.19369788765857
2016-09-27,-1.94748121809671
2016-09-28,0.685940955089315
2016-09-29,2.31670592815343
2016-09-30,-3.19949734050997
2016-10-03,0.295130563458024
2016-10-04,-1.88404184619144
2016-10-05,-0.804024431856565
2016-10-06,-0.81054141828214
2016-10-07,1.21336170114263
2016-10-10,2.77520287930337
2016-10-11,-1.57638732330643
2016-10-12,0.791299875732543
2016-10-13,-1.38891121606672
2016-10-14,-2.12022076506027
2016-10-17,-0.3065919621835
2016-10-18,5.18560837912667
2016-10-19,4.1871006796649
2016-10-20,0.650257748756689
2016-10-21,-0.93023926623137
2016-10-24,2.40085400520091
2016-10-25,-4.09740742103057
2016-10-26,-1.05113246826862
2016-10-27,-1.45140428842541
2016-10-28,1.35529664047036
2016-10-31,-1.25787822068602
2016-11-02,-2.964643996672
2016-11-03,4.22252221735802
2016-11-04,-1.64812261837919
2016-11-07,0.390244397693174
2016-11-08,0.0973236086552198
2016-11-09,0.678625968435886
2016-11-10,-3.0409405447795
2016-11-14,-3.96191989126882
2016-11-15,-0.103680672844053
2016-11-16,-1.88487255586671
2016-11-17,0.527149349351186
2016-11-18,-0.73878963998899
2016-11-21,0
2016-11-22,-0.851068966790836
2016-11-23,-1.18217389651667
2016-11-24,0.431500130141327
2016-11-25,2.96946526391157
2016-11-28,-2.86188053056526
2016-11-29,-0.64725145056177
2016-11-30,0.431966114451665
2016-12-01,-1.41076675106793
2016-12-02,-0.988475923254217
2016-12-05,1.75059175136147
2016-12-06,2.67538696294842
2016-12-07,3.42534784785395
2016-12-08,1.82007046468464
2016-12-09,-2.12666242686814
2016-12-12,-1.4433240244657
2016-12-13,2.15724852541275
2016-12-14,-0.101677690508684
2016-12-15,-1.33130486497381
2016-12-16,2.04088716312074
2016-12-19,2.69074529199242
2016-12-20,3.95232163696848
2016-12-21,-1.61985438032759
2016-12-22,2.09133097269794
2016-12-23,-0.945186620797278
2016-12-27,-0.285306898240645
2016-12-28,-0.668898815079677
2016-12-29,0.478240988021517
2016-12-30,-0.286670048207593
2017-01-02,1.33081812024951
2017-01-03,1.03335818545451
2017-01-04,0
2017-01-05,-2.65167051426394
2017-01-09,0.860014856363867
2017-01-10,-0.28585059959636
2017-01-11,-0.19102202561192
2017-01-12,-0.0956480225956735
2017-01-13,-1.15496952792729
2017-01-16,-0.0968523078130445
2017-01-17,-0.193986481782682
2017-01-18,-2.15906325923676
2017-01-19,-0.397614837963944
2017-01-20,1.38478968587936
2017-01-23,0.294262105419785
2017-01-24,1.74761729345616
2017-01-25,1.33845210347481
2017-01-26,4.7296714703065
2017-01-27,0.991445705717897
2017-01-30,-1.35442251077573
2017-01-31,-0.729930248161148
2017-02-01,0.456830397037988
2017-02-02,-0.27384772933039
2017-02-03,-0.182982667707599
2017-02-06,-0.643089033029076
2017-02-07,0.551471985851082
2017-02-08,-0.27535584171825
2017-02-09,4.05278336121184
2017-02-10,1.74982592410524
2017-02-13,3.99543155070328
2017-02-14,-1.93527285158148
2017-02-15,-1.80030580279542
2017-02-16,1.63023773459368
2017-02-17,-0.854706057845833
2017-02-20,0.513699759791608
2017-02-21,0.680853693965355
2017-02-22,1.43160339732065
2017-02-23,-0.587003781979556
2017-02-24,-2.03915306909805
2017-02-27,0.0858000910636481
2017-02-28,1.78500276992302
2017-03-01,1.0892441166424
2017-03-02,1.98026272961798
2017-03-03,0.488998529419193
2017-03-06,-1.47422817372038
2017-03-07,1.87990824328179
2017-03-08,-0.894678598980603
2017-03-09,-2.23057575142982
2017-03-10,-1.43039880982627
2017-03-13,1.26317469059005
2017-03-14,-0.924764892166019
2017-03-15,1.5919900530728
2017-03-16,1.23917322951632
2017-03-17,-2.07390261719262
2017-03-20,-2.28920551874783
2017-03-21,-0.602152357068597
2017-03-22,0.258509407210505
2017-03-23,1.19761910467155
2017-03-24,-0.682596507039968
2017-03-27,-0.687287928776215
2017-03-28,2.46926125903713
2017-03-29,-1.18444701125222
2017-03-30,-3.02398851897183
2017-03-31,0
2017-04-03,0.61215757408295
2017-04-04,0.434972412646584
2017-04-05,-0.173761989854082
2017-04-06,-1.66597452411752
2017-04-07,-0.709852137767708
2017-04-10,1.15096445426532
2017-04-11,-2.85733724440562
2017-04-12,-0.727275932907956
2017-04-13,3.6726026242575
2017-04-18,0.263504763800526
2017-04-19,2.51204200835273
2017-04-20,0.0855066319733311
2017-04-21,-2.5098677929726
2017-04-24,1.04621704069832
2017-04-25,1.80494801189828
2017-04-26,-1.63163774321475
2017-04-27,0.94787439545434
2017-04-28,-1.12118466413786
2017-05-02,-1.22165568218766
2017-05-04,-0.263736416608573
2017-05-05,1.05079775984152
2017-05-08,-1.31523158515052
2017-05-09,1.57621476938763
2017-05-10,2.48833087378277
2017-05-11,5.92278342003332
2017-05-12,-8.49803303027481
2017-05-15,-1.13687276067598
2017-05-16,-0.352423272252933
2017-05-17,-1.60145771337872
2017-05-18,-1.44537294905982
2017-05-19,4.88334926644236
2017-05-22,-0.347222571074912
2017-05-23,-1.57759625941676
2017-05-24,2.95931081473095
2017-05-25,0.342466088136417
2017-05-26,-1.72418064345061
2017-05-29,0.347222571074912
2017-05-30,-3.25876479988443
2017-05-31,-2.26356427643499
2017-06-01,2.53178079842895
2017-06-02,3.85336640022431
2017-06-05,-2.25900136051069
2017-06-06,1.91476694141341
2017-06-07,1.2848142477849
2017-06-08,-0.511946510619099
2017-06-09,0.170940212564874
2017-06-12,-1.89660857489615
2017-06-13,0
2017-06-14,1.81117499430461
2017-06-16,0.426439878645768
2017-06-19,1.93853520971352
2017-06-20,-1.09107251061631
2017-06-21,4.45618280599107
2017-06-22,-1.38157418976017
2017-06-23,0.408330497937071
2017-06-26,0.162866485512358
2017-06-27,3.12400254311362
2017-06-28,-0.871292640692367
2017-06-29,-3.23391156027202
2017-06-30,-0.494234943443495
2017-07-03,0.740439417420991
2017-07-04,-1.81973590519076
2017-07-05,-0.334448472284743
2017-07-06,1.33113446382396
2017-07-07,-0.58019226161079
2017-07-10,0.249066131245179
2017-07-11,1.48150857851408
2017-07-12,4.47358938413913
2017-07-13,2.31670592815343
2017-07-14,-1.69365095308982
2017-07-17,1.08109161042158
2017-07-18,-1.93879667359753
2017-07-19,2.70391134714951
2017-07-20,-2.70391134714951
2017-07-21,1.6311041231496
2017-07-24,0.153964618559277
2017-07-25,-1.55041865359653
2017-07-26,0.234100770197365
2017-07-27,-0.312256303679392
2017-07-28,0.778820136034497
2017-07-31,1.61604132560096
2017-08-01,1.43996425180482
2017-08-02,0.375516776232399
2017-08-03,1.19226449569059
2017-08-04,-0.594355390084811
2017-08-07,0.297619267304627
2017-08-08,0.296736122780183
2017-08-09,-2.17155669101499
2017-08-10,-1.37197273974801
2017-08-11,3.46942790829106
2017-08-14,0
2017-08-16,3.28137351127133
2017-08-17,-0.143575042610422
2017-08-18,1.07182162200243
2017-08-21,1.69137224420619
2017-08-22,-0.842110239640848
2017-08-23,0.351741481187862
2017-08-24,1.7403850348761
2017-08-25,-0.692523543331447
2017-08-28,3.81777789374191
2017-08-29,-2.2320845515063
2017-08-30,-1.51622477396778
2017-08-31,-0.906877509320969
2017-09-01,2.14912950917672
2017-09-04,-0.550207715398354
2017-09-05,-0.622623941509781
2017-09-06,-3.96371773780833
2017-09-07,-3.00498975383441
2017-09-08,-1.12234623698497
2017-09-11,2.81917780107044
2017-09-12,-2.21902596220067
2017-09-13,0
2017-09-14,-0.374672600160864
2017-09-15,0.97124409356053
2017-09-18,0.371057939653552
2017-09-19,-0.445435034938013
2017-09-20,-0.372717539192235
2017-09-21,-3.65059548445301
2017-09-22,0.232108421420341
2017-09-25,0.462606838878221
2017-09-26,1.22325684356346
2017-09-27,-1.68586368244168
2017-09-28,0.308642220318944
2017-09-29,2.43543239517643
2017-10-02,-1.13422766039348
2017-10-03,-2.23000398143003
2017-10-04,-2.75933943306534
2017-10-05,1.19190922372105
2017-10-06,0.708385488840513
2017-10-09,1.32452267500205
2017-10-10,-0.699031972691078
2017-10-11,4.12272124863065
2017-10-12,-0.224635062637368
2017-10-13,-1.73917427118693
2017-10-16,0.911168035125565
2017-10-17,-1.60003413464409
2017-10-18,-0.693644399665727
2017-10-19,1.30620374233397
2017-10-20,0.684673652211742
2017-10-23,-0.303720810544972
2017-10-24,0.151975713141628
2017-10-25,0.68104690025268
2017-10-26,-0.757005886054518
2017-10-27,0.30349036951538
2017-10-30,-1.29624384555713
2017-10-31,0.153374263194861
2017-11-02,-0.076657727019569
2017-11-03,-0.230326397409275
2017-11-06,0.153609861233983
2017-11-07,0.153374263194861
2017-11-08,-5.43226817391576
2017-11-09,-1.13914982860956
2017-11-10,-1.90009847040264
2017-11-13,-0.166944946954084
2017-11-14,0.997514505681929
2017-11-15,-0.830569558727845
2017-11-16,1.24328165919296
2017-11-17,-1.07661495394602
2017-11-20,2.54843220134817
2017-11-21,0.566573753567701
2017-11-22,-0.242424361150606
2017-11-23,1.36603168784322
2017-11-24,-1.52797504307354
2017-11-27,-2.71063823853495
2017-11-28,0.498339901754807
2017-11-29,-0.415110600237867
2017-11-30,-0.751569299723709
2017-12-01,-0.419992217532572
2017-12-04,-0.0842105312922392
2017-12-05,0.252419149590732
2017-12-06,1.66670524852117
2017-12-07,5.6239718322876
2017-12-08,-1.09977542095412
2017-12-11,1.4117881545785
2017-12-12,1.08444130141288
2017-12-13,-2.97128973185119
2017-12-14,-4.46321540207681
2017-12-15,0.990924706277196
2017-12-18,3.31343442728587
2017-12-19,-1.11911639612612
2017-12-20,-2.4411301679681
2017-12-21,-0.910225564476486
2017-12-22,-1.08651298691038
2017-12-27,0.58651194523982
2017-12-28,0
2017-12-29,0.6661140366782
2018-01-03,-0.917055197220806
2018-01-04,3.37619551095303
2018-01-05,3.18752085304492
2018-01-08,-0.392927813988964
2018-01-09,0.706162212620542
2018-01-10,-1.49668016333191
2018-01-11,0.790517950711367
2018-01-12,-0.552705710214596
2018-01-15,0.94563352420356
2018-01-16,3.08904870193381
2018-01-17,1.88329483330922
2018-01-18,-1.80727810596943
2018-01-19,0.681562653505985
2018-01-22,-0.757579380845774
2018-01-23,-3.08904870193381
2018-01-24,-4.73793950664145
2018-01-25,-0.329489589685261
2018-01-26,0.575896285201205
2018-01-29,0.163934462943294
2018-01-30,-0.822373055761227
2018-01-31,-1.83338468623107
2018-02-01,-0.16835020811139
2018-02-02,0.587989934287947
2018-02-05,-4.19043779642072
2018-02-06,-3.37509832797029
2018-02-07,-1.36427764037865
2018-02-08,0.911583340800926
2018-02-09,-0.181653092639777
2018-02-12,-0.364299127850121
2018-02-13,-1.10092855083694
2018-02-14,2.0092000082689
2018-02-15,1.16855262296447
2018-02-16,-1.0781775603288
2018-02-19,0.270636159774273
2018-02-20,-0.180342699915048
2018-02-21,-4.42876802011165
2018-02-22,1.68385643628297
2018-02-23,0.555043053064885
2018-02-26,0.276370512161783
2018-02-27,-2.79869012509715
2018-02-28,-4.15318017191093
2018-03-01,3.39344242451687
2018-03-02,-2.02221623811867
2018-03-05,0.871676221441664
2018-03-06,-3.03498575698424
2018-03-07,0.594649918772605
2018-03-08,1.95700961940974
2018-03-09,3.61599814144435
2018-03-12,0.559181326577818
2018-03-13,-4.27212567047697
2018-03-14,-2.0578874181655
2018-03-15,2.92703823001133
2018-03-16,0.575265248944978
2018-03-19,-0.575265248944978
2018-03-20,0.575265248944978
2018-03-21,0.38167985267008
2018-03-22,-4.38026226583927
2018-03-23,0
2018-03-26,-1.30197132083034
2018-03-27,1.69919130687362
2018-03-28,-2.10323226057412
2018-03-29,0.303183658212003
2018-04-03,0.904074465214944
2018-04-04,-2.02027073175195
2018-04-05,0.101988790074525
2018-04-06,2.11808220794469
2018-04-09,3.72227104906084
2018-04-10,1.52674721307884
2018-04-11,0.283688133519977
2018-04-12,1.03335818545451
2018-04-13,0.93023926623137
2018-04-16,-2.62679268206103
2018-04-17,-0.0951022420704106
2018-04-18,1.22932990246389
2018-04-19,0.187793482419973
2018-04-20,-2.56546136265623
2018-04-23,-1.84560848209108
2018-04-24,-1.28270135597544
2018-04-25,0.198412763504674
2018-04-26,1.28017504100408
2018-04-27,1.26399349358195
2018-04-30,1.15275051710677
2018-05-02,-0.959700264100993
2018-05-04,-3.23399079778528
2018-05-07,0.793654959573642
2018-05-08,-1.19285708652734
2018-05-09,0.796816964917646
2018-05-10,5.87554623937314
2018-05-11,-0.281030629925549
2018-05-14,-3.43545235021083
2018-05-15,-2.45712607305051
2018-05-16,2.1654389435382
2018-05-17,-1.57019909080871
