2005-09-26,0
2005-09-27,4.15816419674061
2005-09-28,2.15221403452788
2005-09-29,0.525684860427256
2005-09-30,-2.13371373881313
2005-10-03,-1.08776193355877
2005-10-04,-3.05105943857552
2005-10-05,0.556693726952562
2005-10-06,-1.40690954484192
2005-10-07,0
2005-10-10,-0.283772873573507
2005-10-11,0.283772873573507
2005-10-12,-2.29687078694651
2005-10-13,-5.07091382506996
2005-10-14,1.82549959850388
2005-10-17,-0.906595809447852
2005-10-18,-0.918903789056025
2005-10-19,-0.305503312740385
2005-10-20,-1.23143290640972
2005-10-21,-1.25504067165749
2005-10-24,-0.625170231245709
2005-10-25,5.83598035378947
2005-10-26,0.889276112722115
2005-10-27,-2.70387789886199
2005-10-28,1.51248082575124
2005-10-31,0
2005-11-02,2.07283472018815
2005-11-03,-3.884974159608
2005-11-04,-0.916515640951521
2005-11-07,-3.12967732951838
2005-11-08,0.635476563800774
2005-11-09,0
2005-11-10,-0.635476563800774
2005-11-14,-1.60023574775058
2005-11-15,1.29142608782726
2005-11-16,-4.56645682733061
2005-11-17,2.63792358956471
2005-11-18,1.27859489520661
2005-11-21,0
2005-11-22,0.958748002482612
2005-11-23,0
2005-11-24,-1.91828194167739
2005-11-25,-0.981697243353108
2005-11-28,-1.64335128815278
2005-11-29,4.54333047318328
2005-11-30,2.20468391939211
2005-12-01,0
2005-12-02,-3.47944120164236
2005-12-05,0
2005-12-06,-1.62522190278025
2005-12-07,1.29974343727992
2005-12-08,0.325478465500328
2005-12-09,0
2005-12-12,0.316009279767637
2005-12-13,0.649938342559297
2005-12-14,2.51349357931543
2005-12-15,1.23143290640972
2005-12-16,0.610076144668059
2005-12-19,0
2005-12-20,0.614330957128351
2005-12-21,0.602674200363063
2005-12-22,-0.917346543822806
2005-12-23,0.314672343459743
2005-12-27,-0.614330957128351
2005-12-28,-1.53628956496801
2005-12-29,0
2005-12-30,-0.623639088919081
2006-01-02,0
2006-01-03,1.85535582195941
2006-01-04,0.918903789056025
2006-01-05,-0.614330957128351
2006-01-06,-1.53628956496801
2006-01-09,-0.305219486109776
2006-01-10,-1.25504067165749
2006-01-11,0.317297062331678
2006-01-12,0
2006-01-13,0
2006-01-16,0
2006-01-17,0
2006-01-18,-0.942467293577387
2006-01-19,0.942467293577387
2006-01-20,1.86273701945208
2006-01-23,-0.924993410126262
2006-01-24,0.305219486109776
2006-01-25,3.05721633154421
2006-01-26,-0.30392160908479
2006-01-27,-0.602674200363063
2006-01-30,-1.84227883021911
2006-01-31,-2.81824509737914
2006-02-01,1.88626431658281
2006-02-02,0.931980780796327
2006-02-03,-0.931980780796327
2006-02-06,-0.619324006516508
2006-02-07,0.619324006516508
2006-02-08,-0.303030534917903
2006-02-09,0
2006-02-10,0
2006-02-13,0
2006-02-14,-0.316293471598605
2006-02-15,-0.317297062331678
2006-02-16,-2.86792518941201
2006-02-17,2.55375850547817
2006-02-20,-0.311003547311861
2006-02-21,-0.633282676412228
2006-02-22,0.308809659923315
2006-02-23,-0.308809659923315
2006-02-24,0
2006-02-27,0.308809659923315
2006-02-28,-3.55408255857597
2006-03-01,-0.658410071491133
2006-03-02,2.61225688231652
2006-03-03,1.29142608782726
2006-03-06,1.57574996998961
2006-03-07,-1.2669403100663
2006-03-08,-0.308809659923315
2006-03-09,1.25845290765794
2006-03-10,0
2006-03-13,-1.25845290765794
2006-03-14,4.65466124406182
2006-03-15,-1.52760648675937
2006-03-16,0
2006-03-17,0.923375041163088
2006-03-20,0.604231445596282
2006-03-21,-0.604231445596282
2006-03-22,-0.611942809023847
2006-03-23,1.21617425462013
2006-03-24,-0.299658613668607
2006-03-27,-0.304572831927674
2006-03-28,-0.923375041163088
2006-03-29,-1.86860184964451
2006-03-30,0.936621068848187
2006-03-31,0.318419602809306
2006-04-03,0.613561177987021
2006-04-04,0
2006-04-05,-0.308341691877245
2006-04-06,-0.926669623836984
2006-04-07,3.98388595538119
2006-04-10,0.291212672843644
2006-04-11,-0.595134281928433
2006-04-12,4.41543811580745
2006-04-13,3.39860192808291
2006-04-18,2.20559956806676
2006-04-19,-1.93178183250118
2006-04-20,1.65962409960632
2006-04-21,-3.61458741932384
2006-04-24,0
2006-04-25,-0.286687837141031
2006-04-26,1.68959784000241
2006-04-27,-1.68959784000241
2006-04-28,3.90127525646488
2006-05-02,-1.37201126823077
2006-05-04,0.825463577132424
2006-05-05,-0.825463577132424
2006-05-08,0.543834274869326
2006-05-09,-0.543834274869326
2006-05-10,-0.839666148231699
2006-05-11,5.43315308883436
2006-05-12,-0.794816984917412
2006-05-15,-2.15450095455962
2006-05-16,2.15450095455962
2006-05-17,-1.61239755485609
2006-05-18,-0.814261132598393
2006-05-19,-1.9334418351719
2006-05-22,-5.43516099583981
2006-05-23,2.31982932685938
2006-05-24,-3.20383012077661
2006-05-25,0
2006-05-26,-1.19095664504854
2006-05-29,-0.30392160908479
2006-05-30,0.30392160908479
2006-05-31,4.9701818209241
2006-06-01,-0.281642725460995
2006-06-02,1.70396173593884
2006-06-05,-1.70396173593884
2006-06-06,-2.61358165649734
2006-06-07,1.17045678760032
2006-06-08,-0.298028647920257
2006-06-09,-0.872428139680059
2006-06-12,-3.59588420554197
2006-06-13,-3.41071640666912
2006-06-14,1.25078775278203
2006-06-16,2.15992865388709
2006-06-19,-1.22794787309076
2006-06-20,-3.77699309986175
2006-06-21,-1.27859489520661
2006-06-22,-1.31673966088675
2006-06-23,0.988107880518208
2006-06-26,0.328631780368538
2006-06-27,2.56181591417813
2006-06-28,0.311003547311861
2006-06-29,-1.59422456628339
2006-06-30,0
2006-07-03,0.958748002482612
2006-07-04,0.949643247734622
2006-07-05,-0.314166683933848
2006-07-06,1.87442684170112
2006-07-07,1.83594817863661
2006-07-10,1.2212681529076
2006-07-11,-1.5209267665762
2006-07-12,0.614330957128351
2006-07-13,-3.39358361753195
2006-07-14,0.619324006516508
2006-07-17,-0.936621068848187
2006-07-18,0.633590533930284
2006-07-19,0.303030534917903
2006-07-20,3.07208570229998
2006-07-21,-0.912157048412887
2006-07-24,0.299658613668607
2006-07-25,0
2006-07-26,1.2212681529076
2006-07-27,1.19095664504854
2006-07-28,0.291653100905864
2006-07-31,-2.38920555540225
2006-08-01,-1.22440710179641
2006-08-02,-0.617871728422703
2006-08-03,-2.81824509737914
2006-08-04,0.324473016488913
2006-08-07,0.311003547311861
2006-08-08,-1.59422456628339
2006-08-09,-0.641487745267966
2006-08-10,-0.637107149938643
2006-08-11,-1.31673966088675
2006-08-14,1.63580061689858
2006-08-16,-0.647692736380368
2006-08-17,0.328631780368538
2006-08-18,0.962585615438971
2006-08-21,0.965947622326935
2006-08-22,0.633282676412228
2006-08-23,-0.324473016488913
2006-08-24,-2.23734289768922
2006-08-25,-0.980546938734295
2006-08-28,0.651915158365757
2006-08-29,1.29121739580751
2006-08-30,0.639409885032716
2006-08-31,-1.60199550047169
2006-09-01,2.56181591417813
2006-09-04,2.80520431302946
2006-09-05,-0.619773924016487
2006-09-06,-0.926669623836984
2006-09-07,-1.89204344158822
2006-09-08,0
2006-09-11,-0.649938342559297
2006-09-12,0.958748002482612
2006-09-13,-1.27475728225025
2006-09-14,0
2006-09-15,1.27475728225025
2006-09-18,0.949643247734622
2006-09-19,-0.949643247734622
2006-09-20,-1.91828194167739
2006-09-21,-0.647692736380368
2006-09-22,-0.651915158365757
2006-09-25,0.980546938734295
2006-09-26,0.31906095601183
2006-09-27,-1.29960789474612
2006-09-28,0
2006-09-29,0.317910651393016
2006-10-02,0.662636287341278
2006-10-03,0.962585615438971
2006-10-04,2.54169759231655
2006-10-05,3.0789112740722
2006-10-06,0
2006-10-09,-0.604231445596282
2006-10-10,1.52157798941909
2006-10-11,-1.52157798941909
2006-10-12,0.604231445596282
2006-10-13,0.61249843474428
2006-10-16,-1.21672988034056
2006-10-17,-1.23171673304033
2006-10-18,1.53628956496801
2006-10-19,0.912157048412887
2006-10-20,-2.14010492150365
2006-10-23,0.617871728422703
2006-10-24,0
2006-10-25,-0.617871728422703
2006-10-26,0
2006-10-27,-0.308341691877245
2006-10-30,-4.11013915325247
2006-10-31,-2.9430947254327
2006-11-02,2.62504853150589
2006-11-03,-0.31906095601183
2006-11-06,0.962585615438971
2006-11-07,-0.962585615438971
2006-11-08,0
2006-11-09,0
2006-11-10,-1.31673966088675
2006-11-13,1.31673966088675
2006-11-14,3.50428320775552
2006-11-15,-1.57574996998961
2006-11-16,-0.965947622326935
2006-11-17,0.316009279767637
2006-11-20,0.323400605265078
2006-11-21,-0.323400605265078
2006-11-22,0
2006-11-23,0.649938342559297
2006-11-24,-0.965947622326935
2006-11-27,0.316009279767637
2006-11-28,0.649938342559297
2006-11-29,0
2006-11-30,-0.326537737294219
2006-12-01,-0.323400605265078
2006-12-04,0.323400605265078
2006-12-05,4.68154036768743
2006-12-06,0.299658613668607
2006-12-07,1.51248082575124
2006-12-08,0.599425877575421
2006-12-11,1.1843188885467
2006-12-12,-0.289928107684767
2006-12-13,-2.08895094036579
2006-12-14,1.78653135503919
2006-12-15,3.77590239398469
2006-12-18,0.852621655294805
2006-12-19,-0.568848781721298
2006-12-20,-0.572103192588491
2006-12-21,0.572103192588491
2006-12-22,-0.572103192588491
2006-12-27,0.858791029729522
2006-12-28,-1.43418608482848
2006-12-29,0
2007-01-02,3.38914940454601
2007-01-03,0
2007-01-04,-3.09539707490805
2007-01-05,-2.90350976418211
2007-01-08,-1.19169569804871
2007-01-09,0.889276112722115
2007-01-10,0
2007-01-11,-1.19139707311076
2007-01-12,-1.81213943941985
2007-01-15,4.18090627280953
2007-01-16,1.73480725959182
2007-01-17,-1.73480725959182
2007-01-18,4.01678547597833
2007-01-19,0.272429576142852
2007-01-22,-0.272429576142852
2007-01-23,1.93861829440437
2007-01-24,0
2007-01-25,0.281629302263098
2007-01-26,-3.0680397282255
2007-01-29,1.40291000286138
2007-01-30,3.83715113096144
2007-01-31,3.17034937224474
2007-02-01,2.57449649196975
2007-02-02,-1.02455109901547
2007-02-05,0.258801925814045
2007-02-06,0.765749173201424
2007-02-07,0.505051578606852
2007-02-08,-5.44871246986582
2007-02-09,1.59025607438124
2007-02-12,-0.795439089463823
2007-02-13,2.35741011107018
2007-02-14,-1.03631402986288
2007-02-15,0.253251333164517
2007-02-16,0.783062696698367
2007-02-19,-0.783062696698367
2007-02-20,-0.520888056191948
2007-02-21,1.30395075289031
2007-02-22,0.766882696255911
2007-02-23,-0.512856242528015
2007-02-26,-0.254026453727896
2007-02-27,-2.61816645177826
2007-02-28,-1.87295739810505
2007-03-01,1.60802887838587
2007-03-02,2.36287142869358
2007-03-05,-0.78372721008646
2007-03-06,-1.31421569888794
2007-03-07,-2.68856159876896
2007-03-08,1.88815188001761
2007-03-09,-2.44040172363327
2007-03-12,1.36785404427957
2007-03-13,1.87295739810505
2007-03-14,1.0561954301719
2007-03-15,-1.0561954301719
2007-03-16,1.83510375507989
2007-03-19,1.54994539295428
2007-03-20,2.78772947283701
2007-03-21,3.42942218377948
2007-03-22,0.482704074831575
2007-03-23,0.95223898862824
2007-03-26,-1.43494306345981
2007-03-27,0
2007-03-28,-1.70001064160477
2007-03-29,0
2007-03-30,0
2007-04-02,-1.72941154217472
2007-04-03,0.990042607730302
2007-04-04,0.491369709152334
2007-04-05,-0.98190914809102
2007-04-10,1.71766725844211
2007-04-11,1.45231757403266
2007-04-12,-1.20932739788189
2007-04-13,-2.4601606033845
2007-04-16,0.499503168791615
2007-04-17,-2.00983690727727
2007-04-18,2.25053439532943
2007-04-19,0.989210885330949
2007-04-20,1.21496522822981
2007-04-23,-0.484216167020035
2007-04-24,0
2007-04-25,-1.22413133614281
2007-04-26,-1.48507907482791
2007-04-27,-1.00907698762847
2007-04-30,1.50655788532996
2007-05-02,6.96369126059977
2007-05-04,5.19766991701283
2007-05-07,-4.04414284356611
2007-05-08,-5.42127265375723
2007-05-09,2.15974820931917
2007-05-10,-0.71787817270057
2007-05-11,3.75036267613382
2007-05-14,8.80040251924579
2007-05-15,0.207007981625096
2007-05-16,-1.48331932728341
2007-05-17,-4.1336342927405
2007-05-18,-1.11742837078093
2007-05-21,3.09557514428833
2007-05-22,-3.09557514428833
2007-05-23,1.55976532575701
2007-05-24,0.220436902210741
2007-05-25,0.439421365621206
2007-05-28,0
2007-05-29,0.440370852839211
2007-05-30,-1.76447045588115
2007-05-31,2.85272615101984
2007-06-01,1.50281252195457
2007-06-04,1.06056749918346
2007-06-05,-1.70347598687532
2007-06-06,-3.71263018528254
2007-06-08,1.54308830891188
2007-06-11,0.445140810568789
2007-06-12,-0.883598835522825
2007-06-13,2.6079999013247
2007-06-14,2.75565337956376
2007-06-15,2.46812517524493
2007-06-18,-1.437750252216
2007-06-19,-1.24157403605218
2007-06-20,-1.90154577884865
2007-06-21,0.63880156416074
2007-06-22,2.09398601288706
2007-06-25,1.44361945860634
2007-06-26,0.206453762014802
2007-06-27,0
2007-06-28,0
2007-06-29,0
2007-07-02,-1.23974098276811
2007-07-03,2.05069322228706
2007-07-04,0.204366072057649
2007-07-05,1.79990933178387
2007-07-06,2.54792490807734
2007-07-09,2.85537071438888
2007-07-10,1.31127722907864
2007-07-11,-1.49401137712188
2007-07-12,-1.32864215644233
2007-07-13,0
2007-07-16,4.66110913530309
2007-07-17,-2.2117041474762
2007-07-18,-2.44940498782689
2007-07-19,1.32864215644233
2007-07-20,-3.44991847765952
2007-07-23,0
2007-07-24,-2.76775938286211
2007-07-25,4.8890357040793
2007-07-26,-5.89619472182217
2007-07-27,-1.22159736748291
2007-07-30,-1.85947077783308
2007-07-31,2.27011590579704
2007-08-01,1.0153183115766
2007-08-02,-1.0153183115766
2007-08-03,0
2007-08-06,0.408965727777488
2007-08-07,1.00855465012051
2007-08-08,0.203131458923123
2007-08-09,-2.64909079590836
2007-08-10,-4.42070098405885
2007-08-13,2.12684664466061
2007-08-14,1.05217739268844
2007-08-16,-6.02205606538844
2007-08-17,2.40649865156197
2007-08-20,2.35549414487073
2007-08-21,-4.54397896068057
2007-08-22,6.01206201177875
2007-08-23,3.88020738091641
2007-08-24,1.39215809328308
2007-08-27,-2.39931711102594
2007-08-28,0.204366072057649
2007-08-29,1.00511312715752
2007-08-30,2.17580501539434
2007-08-31,2.12947010896962
2007-09-03,1.51958510095367
2007-09-04,1.68450883085358
2007-09-05,-0.373248545737326
2007-09-06,0.742683148296797
2007-09-07,0.737208003704559
2007-09-10,-2.60065398338591
2007-09-11,-3.44991847765952
2007-09-12,4.19848763273241
2007-09-13,0.372193676311672
2007-09-14,-2.06691886473929
2007-09-17,0.755658579623031
2007-09-18,-1.13814470271063
2007-09-19,3.38113785432061
2007-09-20,-1.3039265428054
2007-09-21,-0.748569155072887
2007-09-24,-0.756705383411282
2007-09-25,0
2007-09-26,-3.28080860104654
2007-09-27,0.786951499828081
2007-09-28,-2.17071590305751
2007-10-01,3.13376442160314
2007-10-02,2.09701651235241
2007-10-03,-2.87129909555439
2007-10-04,2.87129909555439
2007-10-05,0
2007-10-08,1.31126028511626
2007-10-09,2.75766504538399
2007-10-10,-1.27777389338264
2007-10-11,3.07096276621783
2007-10-12,2.80930286929424
2007-10-15,2.05636775822571
2007-10-16,-1.36620266083207
2007-10-17,2.54046234738063
2007-10-18,-5.15409431719234
2007-10-19,2.7826175335983
2007-10-22,0.343847607665126
2007-10-23,4.18292720278315
2007-10-24,-1.65310949543742
2007-10-25,-0.333048797082647
2007-10-26,-2.88565051792089
2007-10-29,1.88201359036866
2007-10-30,-1.36603168784322
2007-10-31,-3.12964221400853
2007-11-02,0.707059648849229
2007-11-05,0
2007-11-06,-0.707059648849229
2007-11-07,1.7515273312535
2007-11-08,4.08083229523313
2007-11-09,-1.00249262198242
2007-11-12,-2.90304281899119
2007-11-13,-0.693876608485633
2007-11-14,-3.37515005395521
2007-11-15,-1.27314326949708
2007-11-16,-2.59350761890684
2007-11-19,-3.43431915255679
2007-11-20,2.30509116587481
2007-11-21,-1.53080858267283
2007-11-22,1.15154768593198
2007-11-23,0.379260896740852
2007-11-26,1.12922798668198
2007-11-27,0.18942894085916
2007-11-28,2.03870243925606
2007-11-29,-1.85208482831303
2007-11-30,0.932760584144798
2007-12-03,0.552608110263408
2007-12-04,1.64449002728746
2007-12-05,3.21000774068312
2007-12-06,0.344780371884013
2007-12-07,-5.56977000965433
2007-12-10,3.45490857938877
2007-12-11,-0.178274073158913
2007-12-12,0.531536263692534
2007-12-13,-0.531536263692534
2007-12-14,-0.900906994236594
2007-12-17,-7.30097004096071
2007-12-18,-0.97571743517173
2007-12-19,-0.788005782780732
2007-12-20,0
2007-12-21,3.49687761079622
2007-12-27,-2.51091050721266
2007-12-28,-0.197961320802831
2008-01-02,-0.391934904276159
2008-01-03,2.33394144922454
2008-01-04,1.90500998577774
2008-01-07,1.13023376667472
2008-01-08,2.02629390923452
2008-01-09,-1.28470048295986
2008-01-10,-3.77683717872712
2008-01-11,-0.966289109776652
2008-01-14,1.92583026913395
2008-01-15,-4.48120367240377
2008-01-16,-5.94879833998032
2008-01-17,0.423629722742147
2008-01-18,0.207007981625096
2008-01-21,-6.73438199080483
2008-01-22,0.447296372865158
2008-01-23,-1.12498418317828
2008-01-24,4.64160817367583
2008-01-25,-0.648411110626723
2008-01-28,-4.44854821664613
2008-01-29,2.25046733469108
2008-01-30,-2.25046733469108
2008-01-31,-0.685436467407419
2008-02-01,0.228002378795455
2008-02-04,2.70790142330304
2008-02-05,-3.39045688084698
2008-02-06,2.94615460951428
2008-02-07,-2.0271464296006
2008-02-08,1.35402033015237
2008-02-11,-0.677687810313121
2008-02-12,2.89731140390208
2008-02-13,1.09588565914702
2008-02-14,-3.5399099610504
2008-02-15,-0.453287101998701
2008-02-18,1.57321180086014
2008-02-19,0
2008-02-20,-0.448227617681862
2008-02-21,-3.64481201537312
2008-02-22,0.924487132441909
2008-02-25,1.13998954615591
2008-02-26,-2.29922930542203
2008-02-27,0.465917373740066
2008-02-28,2.51408213372044
2008-02-29,-0.680770202038472
2008-03-03,0
2008-03-04,0.908638255595728
2008-03-05,2.44402430190338
2008-03-06,0.875951550699372
2008-03-07,1.29829524920524
2008-03-10,5.24005306769679
2008-03-11,-3.32229329848548
2008-03-12,0.632083695429198
2008-03-13,-4.72409026454512
2008-03-14,0.440370852839211
2008-03-17,-0.440370852839211
2008-03-18,4.30775041559077
2008-03-19,0.41633984895435
2008-03-20,-5.6019623681292
2008-03-25,5.39263050079994
2008-03-26,3.30850719816302
2008-03-27,0.807655824951192
2008-03-28,-2.24506051181592
2008-03-31,0.821985197072439
2008-04-01,0.61541948979229
2008-04-02,-4.57936977550986
2008-04-03,0.640224872979589
2008-04-04,4.54549748632938
2008-04-07,-2.86709792707704
2008-04-08,0.612038632732337
2008-04-09,-1.65980048761742
2008-04-10,-1.27086257734683
2008-04-11,-6.36713555792974
2008-04-14,-2.29389949803622
2008-04-15,0
2008-04-16,-1.40141205861208
2008-04-17,-0.470501703721427
2008-04-18,2.56683515630827
2008-04-21,-0.463756647058911
2008-04-22,0.236693683363254
2008-04-23,-0.928737967820625
2008-04-24,0.928737967820625
2008-04-25,-1.16764279522448
2008-04-28,-0.936601830966155
2008-04-29,-5.0762329860119
2008-04-30,3.64839440665687
2008-05-05,1.66281271665447
2008-05-06,-1.42446348507983
2008-05-07,0.240907429769299
2008-05-08,-0.957666235526045
2008-05-09,-0.725111230861852
2008-05-12,2.395831817977
2008-05-13,0
2008-05-14,5.51672577770663
2008-05-15,-1.12498418317828
2008-05-16,0
2008-05-19,-1.59534069975293
2008-05-20,-1.38536666998343
2008-05-21,1.38536666998343
2008-05-23,-2.09455684015547
2008-05-26,-1.41489840620905
2008-05-27,-1.19773205301295
2008-05-28,-0.723674839837329
2008-05-29,-0.488576916708428
2008-05-30,-0.981141159992038
2008-06-02,-0.245986659511388
2008-06-03,0.245986659511388
2008-06-04,-3.25603282433891
2008-06-05,-1.78928200385833
2008-06-06,0
2008-06-09,2.29895182246989
2008-06-10,-3.08059246047014
2008-06-11,-2.11591306612471
2008-06-12,-0.529890875441308
2008-06-13,-3.26877908024394
2008-06-16,-2.24257615109308
2008-06-17,0.847792131558034
2008-06-18,-3.43135075564558
2008-06-19,2.01309791337301
2008-06-20,0.283772873573507
2008-06-23,-0.572103192588491
2008-06-24,1.14095197430979
2008-06-25,-1.99961728851124
2008-06-26,-1.45153700048933
2008-06-27,-2.36876683338968
2008-06-30,-0.239992246594301
2008-07-01,-4.66869691556082
2008-07-02,0.317297062331678
2008-07-03,-0.942467293577387
2008-07-04,-2.56181591417813
2008-07-07,-0.662636287341278
2008-07-08,2.26463178781297
2008-07-09,7.0931056846827
2008-07-10,-1.47958469829246
2008-07-11,-1.28071331003655
2008-07-14,-0.980538472489323
2008-07-15,-0.830657490064024
2008-07-16,2.7782364657216
2008-07-17,5.29740572056684
2008-07-18,1.81269329047461
2008-07-21,-1.81269329047461
2008-07-22,0
2008-07-23,5.04518753961715
2008-07-24,-1.46299139788924
2008-07-25,5.14533921930973
2008-07-28,-1.11569897221493
2008-07-29,0.279222547125091
2008-07-30,5.19866512554326
2008-07-31,4.18300231161504
2008-08-01,-2.0712507045936
2008-08-04,1.03778164857544
2008-08-05,0.25937029222125
2008-08-06,-8.04451977866427
2008-08-07,-0.842271441822207
2008-08-08,0
2008-08-11,0.842271441822207
2008-08-12,0.549556381805871
2008-08-13,-3.38635181967069
2008-08-14,-2.32300158735421
2008-08-18,0.287885336302018
2008-08-19,-1.47363370535654
2008-08-20,2.64213754978677
2008-08-21,1.43902788529711
2008-08-22,1.42210851736746
2008-08-25,-1.42210851736746
2008-08-26,-1.43902788529711
2008-08-27,-0.291750166422644
2008-08-28,-0.28898622141873
2008-08-29,-0.289823772773024
2008-09-01,-0.585829020117856
2008-09-02,2.89541706602936
2008-09-03,-1.73077805171975
2008-09-04,1.1583625730446
2008-09-05,-2.03511625105219
2008-09-08,-1.17127359299871
2008-09-09,-3.62899213671697
2008-09-10,-4.72966059334436
2008-09-11,1.60416384175633
2008-09-12,0
2008-09-15,-1.60416384175633
2008-09-16,-2.27931248807779
2008-09-17,-1.66405557509328
2008-09-18,2.32118738612185
2008-09-19,6.04211919888522
2008-09-22,0.614681710132403
2008-09-23,-3.11190337282417
2008-09-24,0.626274162199625
2008-09-25,6.10376875502444
2008-09-26,-0.892336304561558
2008-09-29,-5.83770661266251
2008-09-30,3.72282981808361
2008-10-01,0
2008-10-02,-0.915886083883477
2008-10-03,0.915886083883477
2008-10-06,-1.22560815539184
2008-10-07,-0.618483426680583
2008-10-08,0.92820549818895
2008-10-09,-2.1806695720005
2008-10-10,-4.49715707325269
2008-10-13,2.59849051267412
2008-10-14,8.29567990828017
2008-10-15,-7.34184052728913
2008-10-16,2.19729125339908
2008-10-17,-4.44395017767371
2008-10-20,3.19148610386215
2008-10-21,3.09655565588398
2008-10-22,-4.04138283547151
2008-10-23,1.26427892968982
2008-10-24,2.77710390578169
2008-10-27,-3.09655565588398
2008-10-28,-0.626274162199625
2008-10-29,3.41973039682816
2008-10-30,0.303099421255448
2008-10-31,0.607216785866582
2008-11-03,-1.52310286975006
2008-11-04,5.67701940772327
2008-11-05,2.02106429351325
2008-11-06,-0.290286241793503
2008-11-07,1.42210851736746
2008-11-10,-1.42210851736746
2008-11-12,0.86131352482901
2008-11-13,-0.86131352482901
2008-11-14,-2.89541706602936
2008-11-17,-1.48161751495128
2008-11-18,-1.20355435113442
2008-11-19,2.6851718660857
2008-11-20,-4.51238039341366
2008-11-21,2.42893328871515
2008-11-24,5.55154673136465
2008-11-25,-0.572682560636784
2008-11-26,0
2008-11-27,0
2008-11-28,0.572682560636784
2008-12-01,-0.572682560636784
2008-12-02,0
2008-12-03,-0.572415478675148
2008-12-04,0.572415478675148
2008-12-05,-1.14454033183811
2008-12-08,1.43482657363161
2008-12-09,0.571027283035508
2008-12-10,0.84001753966354
2008-12-11,-1.98535156287158
2008-12-12,-1.73574377475945
2008-12-15,2.01976427313848
2008-12-16,-1.43902788529711
2008-12-17,1.43902788529711
2008-12-18,0
2008-12-19,-0.858068747255158
2008-12-22,-1.45151929865635
2008-12-23,1.45151929865635
2008-12-29,1.43075130789194
2008-12-30,2.80151784750413
2008-12-31,-0.560264067145377
2009-01-05,3.81768336471211
2009-01-06,2.90358799154893
2009-01-07,0.514321748376112
2009-01-08,-0.514321748376112
2009-01-09,-3.97764768300559
2009-01-12,1.34243617578482
2009-01-13,0
2009-01-14,0
2009-01-15,-1.60771949595595
2009-01-16,0
2009-01-19,-3.02789673489019
2009-01-20,3.29318005506132
2009-01-21,2.40224927496715
2009-01-22,0
2009-01-23,1.83288994043811
2009-01-26,0.256830215976445
2009-01-27,-3.68368179763028
2009-01-28,1.06545908981033
2009-01-29,-0.260352446567014
2009-01-30,1.06022558513204
2009-02-02,-0.53363142460332
2009-02-03,-0.797552261738632
2009-02-04,-0.268376484328159
2009-02-05,-1.33934301162779
2009-02-06,-6.15034544133501
2009-02-09,1.14835498904866
2009-02-10,0
2009-02-11,-0.574306740172537
2009-02-12,-0.288394980296114
2009-02-13,-1.1583625730446
2009-02-16,-3.84981088039531
2009-02-17,-2.13693059883633
2009-02-18,3.34048494997075
2009-02-19,2.06744653506914
2009-02-20,-0.585829020117856
2009-02-23,-2.9892775236636
2009-02-24,3.57510654378146
2009-02-25,-0.297943683815838
2009-02-26,3.74613084314717
2009-02-27,-2.57762699871693
2009-03-02,1.15500738691807
2009-03-03,1.42261961179886
2009-03-04,-1.42261961179886
2009-03-05,0.284020498379034
2009-03-06,1.42210851736746
2009-03-09,-1.42210851736746
2009-03-10,-2.3095880459115
2009-03-11,0.870560160614398
2009-03-12,0.580959138041948
2009-03-13,-2.92073657547089
2009-03-16,0.883388256696693
2009-03-17,-2.6851718660857
2009-03-18,0.60172476138719
2009-03-19,3.83432383888976
2009-03-20,2.00585385666712
2009-03-23,-2.88107779796749
2009-03-24,0.580736387841374
2009-03-25,2.86113640266457
2009-03-26,-0.849425956730676
2009-03-27,-0.282396318843281
2009-03-30,0
2009-03-31,-4.06909156451956
2009-04-01,-1.49859995117699
2009-04-02,3.25764100076457
2009-04-03,2.88107779796749
2009-04-06,-2.00585385666712
2009-04-07,-3.23249424914254
2009-04-08,2.93800669568354
2009-04-09,1.72931412709061
2009-04-14,-3.18570330782286
2009-04-15,0.87565279289088
2009-04-16,2.01976427313848
2009-04-17,0.572682560636784
2009-04-20,2.5234967653692
2009-04-21,-0.558371836423599
2009-04-22,2.21164010980637
2009-04-23,0.266725346777918
2009-04-24,1.88382324386913
2009-04-27,-0.534148542033397
2009-04-28,-1.07357095392255
2009-04-29,2.40527175769458
2009-04-30,1.83765924548214
2009-05-04,1.28724159751614
2009-05-05,0.260549206878125
2009-05-06,-0.774098763796904
2009-05-07,-0.773692040597362
2009-05-08,0
2009-05-11,-1.04316094323289
2009-05-12,1.04316094323289
2009-05-13,-0.78297281062838
2009-05-14,-0.792425597410062
2009-05-15,0
2009-05-18,0.792425597410062
2009-05-19,-1.58128059538247
2009-05-20,3.39345500752619
2009-05-21,-0.514879853139227
2009-05-22,-0.514321748376112
2009-05-25,0
2009-05-26,-0.52345990019933
2009-05-27,2.57453577420466
2009-05-28,-3.62647428204377
2009-05-29,-0.0392953047168021
2009-06-01,2.64389531427058
2009-06-02,5.25954764833421
2009-06-03,0
2009-06-04,2.4099713262147
2009-06-05,0.709462932539306
2009-06-08,0.47408710141339
2009-06-09,2.32588756364092
2009-06-10,1.14578678344419
2009-06-12,0.89832730328343
2009-06-15,-1.81333489117836
2009-06-16,-2.78757661699627
2009-06-17,-4.83513174515453
2009-06-18,5.29933227216342
2009-06-19,-0.70737777061618
2009-06-22,-3.85450834195793
2009-06-23,3.38111031883197
2009-06-24,-2.40120107470987
2009-06-25,-2.21614026735073
2009-06-26,0.741119987372785
2009-06-29,0
2009-06-30,0.250918124304156
2009-07-01,0.490832197396962
2009-07-02,-1.97795146139457
2009-07-03,-0.750373256981884
2009-07-06,0.246593853986155
2009-07-07,0.50377940299573
2009-07-08,-2.27457218670206
2009-07-09,0.253541795885082
2009-07-10,-1.02764055968199
2009-07-13,0.51354955691878
2009-07-14,1.27716464300509
2009-07-15,2.25182276653508
2009-07-16,-1.49764541895572
2009-07-17,-1.77079278370633
2009-07-20,7.38699468108333
2009-07-21,1.18077579374214
2009-07-22,-2.37566066468875
2009-07-23,6.06421673075073
2009-07-24,-0.678847162814278
2009-07-27,1.35869366899473
2009-07-28,-3.42910187598178
2009-07-29,0
2009-07-30,6.08690110482326
2009-07-31,-2.61598446762172
2009-08-03,1.2959144642505
2009-08-04,-2.01757573165071
2009-08-05,-4.62794228130221
2009-08-06,1.40724031963226
2009-08-07,0.681866789130181
2009-08-10,-0.239279393444658
2009-08-11,-3.2861021647663
2009-08-12,-1.45115136468144
2009-08-13,1.9331947297355
2009-08-14,-2.66826881293942
2009-08-17,-0.143391070255694
2009-08-18,-0.505028390795204
2009-08-19,1.25024498573076
2009-08-20,3.68004640423321
2009-08-21,2.37261107809916
2009-08-24,-0.234172080622685
2009-08-25,0
2009-08-26,-1.18205025968996
2009-08-27,-1.43950268196096
2009-08-28,-2.19886902579705
2009-08-31,-4.54833066216322
2009-09-01,0.775682608150885
2009-09-02,-3.92381609625223
2009-09-03,-1.07179368807788
2009-09-04,-0.268931978031772
2009-09-07,3.97258274461272
2009-09-08,-1.30567161348001
2009-09-09,0.26186385277509
2009-09-10,-0.26186385277509
2009-09-11,-2.12976847977178
2009-09-14,-1.896088327574
2009-09-15,0.269286553791748
2009-09-16,4.27961402292214
2009-09-17,-0.523043769368114
2009-09-18,0.523043769368114
2009-09-21,0
2009-09-22,1.81252893438855
2009-09-23,0
2009-09-24,-0.256482577810901
2009-09-25,-2.07909012594576
2009-09-28,0.786715952244532
2009-09-29,-3.72328425621611
2009-09-30,-2.47033147024336
2009-10-01,1.38104296686916
2009-10-02,-4.20169890101789
2009-10-05,-1.72997730910147
2009-10-06,3.71003581141853
2009-10-07,-2.83780434694891
2009-10-08,1.71163933606422
2009-10-09,0
2009-10-12,-0.28267108345803
2009-10-13,-0.571222407974337
2009-10-14,-1.14881581920425
2009-10-15,-1.16216712755641
2009-10-16,2.31098294676066
2009-10-19,0.291211854266016
2009-10-20,2.25228578713812
2009-10-21,3.82504051509092
2009-10-22,0.801418932233666
2009-10-23,-0.801418932233666
2009-10-26,-0.807893579264096
2009-10-27,-2.46023046813897
2009-10-28,0
2009-10-29,-0.279758174943256
2009-10-30,-1.40038317186835
2009-11-02,-0.849050354306047
2009-11-03,-2.00843571191445
2009-11-04,1.43721330394011
2009-11-05,0.291211854266016
2009-11-06,-0.291211854266016
2009-11-09,1.13576779720721
2009-11-10,0.568202795190964
2009-11-12,4.66456756409688
2009-11-13,-0.807893579264096
2009-11-16,0.807893579264096
2009-11-17,1.06928632062215
2009-11-18,-3.78692562666678
2009-11-19,1.36309833529593
2009-11-20,2.15595990298236
2009-11-23,2.87954664271324
2009-11-24,0
2009-11-25,-1.03523207083376
2009-11-26,-1.57644718349099
2009-11-27,0
2009-11-30,0
2009-12-01,0.520767539276878
2009-12-02,0.530827544744672
2009-12-03,-0.26186385277509
2009-12-04,0
2009-12-07,0
2009-12-08,-3.75657025355403
2009-12-09,0
2009-12-10,0
2009-12-11,1.62680177378225
2009-12-14,0.803583014748721
2009-12-15,1.05722177305347
2009-12-16,1.57463530544959
2009-12-17,0
2009-12-18,1.29195901774917
2009-12-21,-1.29195901774917
2009-12-22,1.29195901774917
2009-12-23,-0.518540505283416
2009-12-28,0.518540505283416
2009-12-29,-0.775682608150885
2009-12-30,0
2009-12-31,-2.09091171504787
2010-01-04,0.268963691969581
2010-01-05,0.26186385277509
2010-01-06,-0.26186385277509
2010-01-07,-2.66691113113271
2010-01-08,-0.814473696040507
2010-01-11,1.88913820584853
2010-01-12,-0.537521858447088
2010-01-13,0
2010-01-14,1.60076001631815
2010-01-15,1.31572441569816
2010-01-18,-0.263672182876418
2010-01-19,-0.261179916593024
2010-01-20,-1.58804931779815
2010-01-21,-1.34072566610965
2010-01-22,-1.63563557687854
2010-01-25,3.77353824455762
2010-01-26,-0.260722767792831
2010-01-27,-1.06928632062215
2010-01-28,1.33000908841499
2010-01-29,0.921547543187051
2010-02-01,-0.661502771703004
2010-02-02,-0.260044771484047
2010-02-03,1.05205223282174
2010-02-04,-2.65281224913989
2010-02-05,-4.67751446631151
2010-02-08,0.559785740036678
2010-02-09,-0.844290705109851
2010-02-10,-0.564545389232873
2010-02-11,-1.14223471815971
2010-02-12,3.11450995158951
2010-02-15,-0.281322740489132
2010-02-16,0
2010-02-17,0.281322740489132
2010-02-18,-1.68960414997177
2010-02-19,2.51878511753814
2010-02-22,0.278220241479921
2010-02-23,-1.38872394953542
2010-02-24,1.38872394953542
2010-02-25,-2.51513105324321
2010-02-26,0.284504965073173
2010-03-01,-0.566379270848016
2010-03-02,0.566379270848016
2010-03-03,0.283697830117791
2010-03-04,-0.283697830117791
2010-03-05,0.84190213863462
2010-03-08,0.281322740489132
2010-03-09,-0.563439139087074
2010-03-10,0.563439139087074
2010-03-11,3.01714693582682
2010-03-12,-1.35894567621306
2010-03-15,0
2010-03-16,1.896088327574
2010-03-17,-0.268210673329161
2010-03-18,-1.62787765424484
2010-03-19,0.269286553791748
2010-03-22,0.82000194958245
2010-03-23,0.269657172838866
2010-03-24,-0.5466473914846
2010-03-25,-0.543011730936716
2010-03-26,0.275185426380808
2010-03-29,-0.544471980172556
2010-03-30,0.269286553791748
2010-03-31,0.0431513790241755
2010-04-01,0.49986035191254
2010-04-06,0.5466473914846
2010-04-07,0
2010-04-08,-0.814473696040507
2010-04-09,-0.275185426380808
2010-04-12,-0.54597645445722
2010-04-13,0.821161880838028
2010-04-14,0.267826304555907
2010-04-15,-0.267826304555907
2010-04-16,-0.821161880838028
2010-04-19,-2.22103840795425
2010-04-20,0.839527049005961
2010-04-21,-0.281322740489132
2010-04-22,-1.69095249294067
2010-04-23,1.11226687354833
2010-04-26,0.296569220794396
2010-04-27,-1.98005850231706
2010-04-28,0.291211854266016
2010-04-29,0.562681637166351
2010-04-30,-1.20168363784598
2010-05-04,-3.43425495877878
2010-05-05,-0.600341754609857
2010-05-06,-0.89634413202786
2010-05-07,-2.74579434661544
2010-05-10,3.6421384786433
2010-05-11,2.65240955070078
2010-05-12,-1.16898060552466
2010-05-13,-2.68034879560235
2010-05-14,-1.21513563262206
2010-05-17,2.41205548304828
2010-05-18,1.48342894517612
2010-05-19,-4.51050397867304
2010-05-20,-2.80576488214767
2010-05-21,2.19070143700129
2010-05-24,0.304254155263939
2010-05-25,0
2010-05-26,7.72027118318162
2010-05-27,-2.01651552450128
2010-05-28,0
2010-05-31,0.191116674700109
2010-06-01,-1.07355906482496
2010-06-02,1.16898060552466
2010-06-04,-0.286538215399812
2010-06-07,-1.17593914685401
2010-06-08,0.881471724594629
2010-06-09,-1.17583242104295
2010-06-10,0.294360696448326
2010-06-11,1.75524136741518
2010-06-14,2.85748606622049
2010-06-15,0.559785740036678
2010-06-16,-0.844290705109851
2010-06-17,-0.609432567791535
2010-06-18,0.893937532864708
2010-06-21,0
2010-06-22,0
2010-06-23,-2.85748606622049
2010-06-24,-0.579302220561173
2010-06-25,-0.294467422259381
2010-06-28,-1.76716608329712
2010-06-29,-0.897257958493891
2010-06-30,-1.10810556323288
2010-07-01,2.59669718398093
2010-07-02,2.04960206386351
2010-07-05,-1.75524136741518
2010-07-06,1.46247736225382
2010-07-07,-0.872779257689871
2010-07-08,0.291773620030678
2010-07-09,0.188133452717931
2010-07-12,1.18453052494536
2010-07-13,1.46465419851305
2010-07-14,-1.46465419851305
2010-07-15,0.938318969097374
2010-07-16,-1.52883035111808
2010-07-19,0
2010-07-20,-0.296568498683092
2010-07-21,2.93370166468798
2010-07-22,1.43519482651733
2010-07-23,1.69148577596419
2010-07-26,-0.842166525454013
2010-07-27,-0.285671269238952
2010-07-28,0.844565647528639
2010-07-29,-0.280730082101988
2010-07-30,0
2010-08-02,0
2010-08-03,0
2010-08-04,-0.2781642961877
2010-08-05,-0.568785715169673
2010-08-06,0.568785715169673
2010-08-09,-0.568785715169673
2010-08-10,-0.85418457129629
2010-08-11,0.285539659640421
2010-08-12,0
2010-08-13,-0.855653007193879
2010-08-16,0
2010-08-17,0
2010-08-18,1.14376438350925
2010-08-19,-0.28811137631537
2010-08-20,-0.285539659640421
2010-08-23,0.85418457129629
2010-08-24,-1.42429791884975
2010-08-25,0.855653007193879
2010-08-26,-0.285539659640421
2010-08-27,1.13729901722701
2010-08-30,-1.42365634115269
2010-08-31,1.14054189522197
2010-09-01,-2.00456701944476
2010-09-02,-2.34829450841796
2010-09-03,-0.594019142924651
2010-09-06,0.89322558963314
2010-09-07,0.881833757995976
2010-09-08,1.16725430371349
2010-09-09,0
2010-09-10,0.58026910059501
2010-09-13,-0.58026910059501
2010-09-14,0.58026910059501
2010-09-15,0.283756023627779
2010-09-16,1.14054189522197
2010-09-17,2.5262115870532
2010-09-20,-1.67926157569582
2010-09-21,0
2010-09-22,-1.12748354669787
2010-09-23,-1.43519482651733
2010-09-24,1.71572836185783
2010-09-27,-0.568644911655869
2010-09-28,0.568644911655869
2010-09-29,2.7989913141621
2010-09-30,-0.546305577750705
2010-10-01,-0.284203760364954
2010-10-04,0.284203760364954
2010-10-05,-0.562580079322217
2010-10-06,0.836105929964015
2010-10-07,-0.273525850641798
2010-10-08,1.09943510753476
2010-10-11,-0.825909256892965
2010-10-12,-0.557729611006752
2010-10-13,-0.278376318957263
2010-10-14,-0.279153416465494
2010-10-15,-0.283272147164326
2010-10-18,-1.40821362879986
2010-10-19,-1.14376438350925
2010-10-20,0.855653007193879
2010-10-21,1.41559492301324
2010-10-22,1.67926157569582
2010-10-25,0.272779727108907
2010-10-26,1.09997029096021
2010-10-27,-0.821386625873477
2010-10-28,-0.824889242837434
2010-10-29,2.70858708092585
2010-11-02,0.295051687702563
2010-11-03,-0.266149489328638
2010-11-04,1.07625789372752
2010-11-05,2.11526704953384
2010-11-08,0.783758910492471
2010-11-09,0.513997530567623
2010-11-10,-0.258207447036019
2010-11-12,1.28745987135395
2010-11-15,-2.06300486068964
2010-11-16,-0.794112202960773
2010-11-17,-1.05292252436291
2010-11-18,-0.265764069482621
2010-11-19,0.527672362016762
2010-11-22,-1.33242247860361
2010-11-23,0.80475011658685
2010-11-24,-1.34273015114343
2010-11-25,-1.36425999812009
2010-11-26,-1.37322928117969
2010-11-29,0.546305577750705
2010-11-30,-4.22328923301185
2010-12-01,3.67698365526115
2010-12-02,0.273525850641798
2010-12-03,1.64829033211487
2010-12-06,2.15840324768655
2010-12-07,-0.266472257415917
2010-12-08,-0.538277859170933
2010-12-09,-0.271830545227947
2010-12-10,0.539739106312642
2010-12-13,-1.35000687493612
2010-12-14,0.810267768623474
2010-12-15,-1.08182258587175
2010-12-16,-0.275540314045752
2010-12-17,-1.64627586871091
2010-12-20,0
2010-12-21,0.273525850641798
2010-12-22,-0.273525850641798
2010-12-23,0.824889242837434
2010-12-27,0
2010-12-28,-1.94989488578947
2010-12-29,0.283272147164326
2010-12-30,0.279153416465494
2010-12-31,-0.40569355989073
2011-01-03,0.968273639212947
2011-01-04,0
2011-01-05,-0.562580079322217
2011-01-07,0.278376318957263
2011-01-10,-2.53712688770231
2011-01-11,-0.285539659640421
2011-01-12,1.42297028646596
2011-01-13,-1.70932761039164
2011-01-14,-0.864025124222789
2011-01-17,0.288838657586932
2011-01-18,1.99884280778855
2011-01-19,1.40699121115846
2011-01-20,-1.40699121115846
2011-01-21,0
2011-01-24,-0.56364798127122
2011-01-25,-0.28811137631537
2011-01-26,1.69632500511523
2011-01-27,1.12500564295204
2011-01-28,1.09943510753476
2011-01-31,-0.0685658340469297
2011-02-01,-0.205980030650399
2011-02-02,1.09692693991923
2011-02-03,1.62156169218439
2011-02-04,1.59568609972769
2011-02-07,0.78995024789239
2011-02-08,0.783758910492471
2011-02-09,0
2011-02-10,0
2011-02-11,0
2011-02-14,-0.519754905804093
2011-02-15,-1.32075918822625
2011-02-16,-0.526275539097432
2011-02-17,-1.07051418606947
2011-02-18,0
2011-02-21,2.12343671043238
2011-02-22,0.26852359470193
2011-02-23,3.1007856450427
2011-02-24,-2.05544213097977
2011-02-25,0
2011-02-28,1.28768986569006
2011-03-01,-0.773692335122433
2011-03-02,1.7920372469842
2011-03-03,-0.504845462272585
2011-03-04,0
2011-03-07,-0.513499449589183
2011-03-08,0.767752265289712
2011-03-09,-1.79965204744816
2011-03-10,-0.775544989335697
2011-03-11,0.519754905804093
2011-03-14,0
2011-03-15,-1.84051409403034
2011-03-16,-1.5967897251669
2011-03-17,0.80475011658685
2011-03-18,-1.0765806618148
2011-03-21,0.810108404398879
2011-03-22,0
2011-03-23,0.79414461943268
2011-03-24,0
2011-03-25,0
2011-03-28,-2.14048177192157
2011-03-29,0
2011-03-30,1.34633715248889
2011-03-31,0.551192475066009
2011-04-01,0.774124326575443
2011-04-04,0.259842049619996
2011-04-05,0
2011-04-06,0.794112202960773
2011-04-07,0
2011-04-08,-1.32075918822625
2011-04-11,-1.86862027039485
2011-04-12,0.539739106312642
2011-04-13,1.59568609972769
2011-04-14,-0.531172182208772
2011-04-15,0.531172182208772
2011-04-18,0
2011-04-19,0
2011-04-20,1.05395425258077
2011-04-21,0
2011-04-26,0.257121313879982
2011-04-27,0.776631122491733
2011-04-28,0.263666339094981
2011-04-29,0.363697890168946
2011-05-02,-0.10988676665098
2011-05-04,0
2011-05-05,-1.81523390367304
2011-05-06,0.783758910492471
2011-05-09,-1.84051409403034
2011-05-10,3.1282039597204
2011-05-11,0
2011-05-12,4.99977896073185
2011-05-13,-1.22743855059302
2011-05-16,0.983734124533231
2011-05-17,1.21262601513994
2011-05-18,0.483818810676762
2011-05-19,1.43475297733486
2011-05-20,-0.239581833104374
2011-05-23,-0.475221532500525
2011-05-24,-0.477490675296077
2011-05-25,1.9020242099234
2011-05-26,2.32093083577689
2011-05-27,1.14327305364297
2011-05-30,-0.454656949468268
2011-05-31,-0.0651200674213204
2011-06-01,0.0651200674213204
2011-06-02,-0.459458430780812
2011-06-03,-0.456104246978173
2011-06-06,-1.39480733073942
2011-06-07,0.468021735242363
2011-06-08,-0.701465411831759
2011-06-09,-0.703618706311993
2011-06-10,0.237885451448205
2011-06-13,-1.66299387586486
2011-06-14,-0.239030334058543
2011-06-15,0.239030334058543
2011-06-16,1.99508565971487
2011-06-17,0.599985133656022
2011-06-20,-1.16996236895424
2011-06-21,-0.471844717574221
2011-06-22,1.40890710047561
2011-06-24,0.232899986052848
2011-06-27,-0.932076917506031
2011-06-28,-0.476338147436883
2011-06-29,0
2011-06-30,-0.405269045062329
2011-07-01,4.29719659384447
2011-07-04,0.468952993961302
2011-07-05,-0.468952993961302
2011-07-06,1.1602740752517
2011-07-07,4.29634154938552
2011-07-08,0
2011-07-11,-3.60446300771686
2011-07-12,-1.15222782773774
2011-07-13,-0.465173396315688
2011-07-14,0
2011-07-15,1.61740122405343
2011-07-18,-4.69355642313232
2011-07-19,-0.242093811283284
2011-07-20,2.61233508868026
2011-07-21,4.14178596249128
2011-07-22,-0.905101920191465
2011-07-25,-0.228878202594718
2011-07-26,-2.30189191802319
2011-07-27,-0.470055164870398
2011-07-28,1.39557784725517
2011-07-29,-2.09937553774562
2011-08-01,0.703797690490449
2011-08-02,-2.36736355793918
2011-08-03,-2.92028516251019
2011-08-04,-2.75250717425837
2011-08-05,-3.61839811582962
2011-08-08,3.1094312766845
2011-08-09,-2.8450697680986
2011-08-10,-5.67497155205419
2011-08-11,3.01183753595395
2011-08-12,1.33735702153515
2011-08-16,0
2011-08-17,2.62821634105257
2011-08-18,-2.36410464646664
2011-08-19,-0.528922786642161
2011-08-22,5.44809442229552
2011-08-23,-2.55506698918673
2011-08-24,-1.56680085507339
2011-08-25,1.56680085507339
2011-08-26,0.257269496932033
2011-08-29,3.3058676165113
2011-08-30,4.39942036647132
2011-08-31,-2.66861895049273
2011-09-01,-1.48252622276939
2011-09-02,-0.248275193209202
2011-09-05,0
2011-09-06,0.498811673626132
2011-09-07,-1.25318187322387
2011-09-08,0.250152839950113
2011-09-09,-2.03082457742303
2011-09-12,1.02350208438355
2011-09-13,-1.02350208438355
2011-09-14,0
2011-09-15,0.257598555402416
2011-09-16,2.27744338166824
2011-09-19,1.48618429027514
2011-09-20,-1.48618429027514
2011-09-21,3.44053365750052
2011-09-22,-2.19956633592926
2011-09-23,-0.742155647945131
2011-09-26,-0.498811673626132
2011-09-27,0.992285634435897
2011-09-28,0.248681687135366
2011-09-29,-1.24096732157126
2011-09-30,1.24096732157126
2011-10-03,-1.49275820779953
2011-10-04,-0.502579313369478
2011-10-05,0.502579313369478
2011-10-06,-0.502579313369478
2011-10-07,-0.508045123241896
2011-10-10,0.758197963192009
2011-10-11,-1.51628933218459
2011-10-12,-0.514535245238434
2011-10-13,0.76787146344659
2011-10-14,0.504755150784431
2011-10-17,-0.758091368992586
2011-10-18,0.253336218208156
2011-10-19,-1.79596663981927
2011-10-20,-3.6948024341716
2011-10-21,3.43386621545443
2011-10-24,2.81600320790389
2011-10-25,0.253699924658868
2011-10-26,0
2011-10-27,0.250152839950113
2011-10-28,0.50421735964763
2011-10-31,-0.754370199597743
2011-11-02,-1.26613649223448
2011-11-03,0.758091368992586
2011-11-04,-1.78684297460707
2011-11-07,1.78684297460707
2011-11-08,1.26241532283964
2011-11-09,1.24096732157126
2011-11-10,-0.248681687135366
2011-11-14,-0.493473960809765
2011-11-15,-1.25318187322387
2011-11-16,1.5002232490074
2011-11-17,0.740331240865477
2011-11-18,-0.493898655839242
2011-11-21,-3.78261906884336
2011-11-22,-2.07524302552335
2011-11-23,1.30243934648748
2011-11-24,0.772803679035872
2011-11-25,0.769826742575241
2011-11-28,-1.54263042161111
2011-11-29,0
2011-11-30,6.51654774723534
2011-12-01,-3.70778083338974
2011-12-02,1.25318187322387
2011-12-05,-2.51931836545836
2011-12-06,-0.514535245238434
2011-12-07,3.03385361069679
2011-12-08,0.24704137578353
2011-12-09,2.9345691471192
2011-12-12,-0.971465807175398
2011-12-13,2.16510474897817
2011-12-14,3.96981389165583
2011-12-15,0
2011-12-16,-4.44445466351615
2011-12-19,-0.238167882389861
2011-12-20,-1.45229609472799
2011-12-21,-1.96310333994381
2011-12-22,0.495114272161601
2011-12-23,1.22575589860838
2011-12-27,0.730545536223648
2011-12-28,-0.730545536223648
2011-12-29,0.730545536223648
2011-12-30,-1.21961318524912
2012-01-02,0
2012-01-03,-4.51269750822483
2012-01-04,2.28325105084239
2012-01-05,-1.5153795873958
2012-01-09,0.255630620936964
2012-01-10,2.01035152631324
2012-01-11,2.21014471572734
2012-01-12,-0.978154973374878
2012-01-13,-0.738515781542692
2012-01-16,1.22878924740215
2012-01-17,-4.24158157367027
2012-01-18,-0.256936689836018
2012-01-19,0
2012-01-20,1.0150280588286
2012-01-23,-1.27262661423102
2012-01-24,-1.02809517637268
2012-01-25,-5.32105833137422
2012-01-26,2.15942517014969
2012-01-27,1.06706220116632
2012-01-30,0.527770104984815
2012-01-31,2.33960453410926
2012-02-01,-1.55464497938045
2012-02-02,-1.31272965971363
2012-02-03,-1.33329150121873
2012-02-06,0.534835028168135
2012-02-07,-1.61316379905085
2012-02-08,0
2012-02-09,0
2012-02-10,0.811388797988055
2012-02-13,0.533169272947065
2012-02-14,0
2012-02-15,-1.61439601822984
2012-02-16,-0.27056804299217
2012-02-17,1.6187347611696
2012-02-20,-0.537710901310784
2012-02-21,0
2012-02-22,0.537710901310784
2012-02-23,-1.34816671817743
2012-02-24,0.269837947294715
2012-02-27,-1.9171129045644
2012-02-28,0.830197048419312
2012-02-29,-0.272790881591845
2012-03-01,2.43803550861965
2012-03-02,1.86106160620354
2012-03-05,-0.265062231508972
2012-03-06,-1.06116434652643
2012-03-07,0.528922786642161
2012-03-08,2.10316842774947
2012-03-09,-0.52090508162741
2012-03-12,0
2012-03-13,0.259286204115461
2012-03-14,1.29535877526499
2012-03-15,0.255291497336807
2012-03-16,1.52697181281405
2012-03-19,-0.503469728430495
2012-03-20,0.249124529847466
2012-03-21,-0.504755150784431
2012-03-22,-1.28208782382264
2012-03-23,0.514216360376052
2012-03-26,0.514535245238434
2012-03-27,1.26613649223448
2012-03-28,0.754370199597743
2012-03-29,-1.00807012425661
2012-03-30,2.00035575869251
2012-04-02,0.985369936718272
2012-04-03,1.7027666253747
2012-04-04,-0.727011562736868
2012-04-05,-0.24445424443853
2012-04-10,-0.48788150751542
2012-04-11,0.245648338341597
2012-04-12,0.486687413612352
2012-04-13,0.727011562736868
2012-04-16,1.19363894180278
2012-04-17,-0.234279285250416
2012-04-18,-2.17305863290158
2012-04-19,0
2012-04-20,0
2012-04-23,-0.735921804201056
2012-04-24,-0.24461712570345
2012-04-25,-1.48618429027514
2012-04-26,1.97765557115417
2012-04-27,-0.24685415517558
2012-04-30,0.24685415517558
2012-05-02,0.243419310683879
2012-05-04,-0.490273465859459
2012-05-07,0
2012-05-08,-0.984948366568927
2012-05-09,-0.24704137578353
2012-05-10,-0.498811673626132
2012-05-11,0.992285634435897
2012-05-14,-3.26972901610414
2012-05-15,0
2012-05-16,2.77625505529437
2012-05-17,-2.77625505529437
2012-05-18,-0.512890052739223
2012-05-21,0.512890052739223
2012-05-22,0.765903528981138
2012-05-23,-2.3125334794734
2012-05-24,-2.10316842774947
2012-05-25,-2.95695368490758
2012-05-28,0.814867099214567
2012-05-29,2.41162027210144
2012-05-30,-1.33329150121873
2012-05-31,3.16692624255976
2012-06-01,-1.30586463635622
2012-06-04,0
2012-06-05,-1.59483230615114
2012-06-06,2.90069694250736
2012-06-08,3.31985597251288
2012-06-11,-2.03082457742303
2012-06-12,1.27262661423102
2012-06-13,-0.758091368992586
2012-06-14,1.01243656757561
2012-06-15,2.00035575869251
2012-06-18,-0.992285634435897
2012-06-19,0.992285634435897
2012-06-20,1.71667075491757
2012-06-21,2.16510474897817
2012-06-22,-0.951545130519493
2012-06-25,-0.725247251408856
2012-06-26,1.67679238192835
2012-06-27,-1.67679238192835
2012-06-28,0
2012-06-29,0.483153440125572
2012-07-02,-2.68813656209297
2012-07-03,0.738515781542692
2012-07-04,0.978154973374878
2012-07-05,1.45229609472799
2012-07-06,0.238167882389861
2012-07-09,-2.17834548463327
2012-07-10,-0.734890591562909
2012-07-11,-0.245216968703876
2012-07-12,-0.248681687135366
2012-07-13,0.738515781542692
2012-07-16,-2.23501877562622
2012-07-17,-1.77322602202061
2012-07-18,0.765903528981138
2012-07-19,0.249124529847466
2012-07-20,-0.504755150784431
2012-07-23,-0.76787146344659
2012-07-24,0.76787146344659
2012-07-25,-1.53869714288724
2012-07-26,-2.35184045699024
2012-07-27,4.9033378739038
2012-07-30,0.250152839950113
2012-07-31,1.74518468121889
2012-08-01,1.4679890677822
2012-08-02,-1.4679890677822
2012-08-03,1.71244331222073
2012-08-06,0.727011562736868
2012-08-07,-0.239888539028343
2012-08-08,0.720718826580935
2012-08-09,2.83741872280958
2012-08-10,-0.234751392866928
2012-08-13,-1.88985867569247
2012-08-14,-0.474640771860324
2012-08-16,0.240361486609908
2012-08-17,-1.68637121928923
2012-08-20,-0.486687413612352
2012-08-21,0.730545536223648
2012-08-22,0.483153440125572
2012-08-23,-3.18161052290273
2012-08-24,-0.498811673626132
2012-08-27,-0.251790886228265
2012-08-28,-0.252426473419365
2012-08-29,1.25007040905729
2012-08-30,0.495114272161601
2012-08-31,0.489834094407327
2012-09-03,-0.489834094407327
2012-09-04,0
2012-09-05,-0.248681687135366
2012-09-06,0.248681687135366
2012-09-07,0.489834094407327
2012-09-10,0.490273465859459
2012-09-11,0
2012-09-12,-0.734890591562909
2012-09-13,-0.245216968703876
2012-09-14,0.736688249582906
2012-09-17,-1.23180252174451
2012-09-18,1.23180252174451
2012-09-19,-0.736688249582906
2012-09-20,0.245216968703876
2012-09-21,-0.740331240865477
2012-09-24,-1.25007040905729
2012-09-25,2.23501877562622
2012-09-26,-1.23198974235246
2012-09-27,1.23198974235246
2012-09-28,0
2012-10-01,-0.24461712570345
2012-10-02,-1.48618429027514
2012-10-03,0.992285634435897
2012-10-04,-0.992285634435897
2012-10-05,1.73080141597859
2012-10-08,-0.489834094407327
2012-10-09,-0.742155647945131
2012-10-10,0
2012-10-11,-2.77625505529437
2012-10-12,1.0150280588286
2012-10-15,1.26241532283964
2012-10-16,0.498811673626132
2012-10-17,-2.01035152631324
2012-10-18,1.5115398526871
2012-10-19,-1.76717047362407
2012-10-22,-0.76787146344659
2012-10-23,-1.02809517637268
2012-10-24,1.54263042161111
2012-10-25,2.26878188504143
2012-10-26,0.25053648041693
2012-10-29,-0.25053648041693
2012-10-30,0
2012-10-31,-1.51069051604884
2012-11-02,1.26241532283964
2012-11-05,-1.26241532283964
2012-11-06,9.18660921211545
2012-11-07,-2.57225427704002
2012-11-08,1.41198020178832
2012-11-09,-0.704858287347099
2012-11-12,0.233695758532115
2012-11-13,2.09233443744721
2012-11-14,0.230980708288131
2012-11-15,0.227802599043003
2012-11-16,-1.38003042678074
2012-11-19,0.921247119449609
2012-11-20,-1.85647568063569
2012-11-21,0.470055164870398
2012-11-22,-0.470055164870398
2012-11-23,-0.235858756811513
2012-11-26,0.705913921681911
2012-11-27,-0.234751392866928
2012-11-28,0.234751392866928
2012-11-29,0.695612940947798
2012-11-30,1.83515717967011
2012-12-03,2.02379188904636
2012-12-04,-0.669192622221382
2012-12-05,0.890408886938054
2012-12-06,5.19675447911558
2012-12-07,-1.27161964871993
2012-12-10,0.42403238842843
2012-12-11,4.77950919797583
2012-12-12,-2.4621084390348
2012-12-13,0.823483372326694
2012-12-14,0.413961050787148
2012-12-17,2.63358081647502
2012-12-18,-0.20138662608884
2012-12-19,3.93258692790344
2012-12-20,-0.386148265052633
2012-12-21,-0.58315742250421
2012-12-27,1.15848681251849
2012-12-28,0.191043242750477
2013-01-02,0.958572584173289
2013-01-03,-0.189218978348493
2013-01-04,0.568776032926954
2013-01-07,-0.190695438357058
2013-01-08,0
2013-01-09,-0.378080594569896
2013-01-10,3.36937794520242
2013-01-11,-1.85904925225113
2013-01-14,0.560274030643138
2013-01-15,0.743609702027159
2013-01-16,2.92034678715978
2013-01-17,-0.904529829939649
2013-01-18,2.68736541477823
2013-01-21,1.5788254950599
2013-01-22,-1.40329733487907
2013-01-23,1.22820295052271
2013-01-24,-0.525105217568012
2013-01-25,0.700199601924378
2013-01-28,-2.10931985197953
2013-01-29,-1.61275453042458
2013-01-30,-0.72474710310555
2013-01-31,0
2013-02-01,1.62232221281671
2013-02-04,0.181855805440079
2013-02-05,1.76611808318035
2013-02-06,-3.57029610143713
2013-02-07,0.180630575671525
2013-02-08,-0.910668631768541
2013-02-11,0.910668631768541
2013-02-12,1.08528844181448
2013-02-13,1.4241937360197
2013-02-14,0.353411397124881
2013-02-15,1.75056521033996
2013-02-18,-0.697763762433401
2013-02-19,-0.526029497100011
2013-02-20,0.876525384072524
2013-02-21,0.519450431464041
2013-02-22,0
2013-02-25,-0.519450431464041
2013-02-26,-3.54066370866253
2013-02-27,0.898020241409658
2013-02-28,2.11643788013074
2013-03-01,0.175709700149618
2013-03-04,-0.698602604319087
2013-03-05,0.698602604319087
2013-03-06,-0.175709700149618
2013-03-07,0.351111202765764
2013-03-08,3.25792694176814
2013-03-11,-0.849802455060789
2013-03-12,-0.85311943623918
2013-03-13,0.170415180447736
2013-03-14,2.53742330970437
2013-03-15,-1.17469095687479
2013-03-18,0.504574374886846
2013-03-19,-0.33480001686419
2013-03-20,-1.01905718441164
2013-03-21,-0.171514793300198
2013-03-22,-1.02733837591962
2013-03-25,-4.2265832836788
2013-03-26,-0.540062825452003
2013-03-27,1.25908043809762
2013-03-28,-1.25908043809762
2013-04-02,-0.545097580159171
2013-04-03,-4.27131821260029
2013-04-04,1.69252212902453
2013-04-05,0
2013-04-08,-1.12370482601769
2013-04-09,1.49620086967497
2013-04-10,0.926279177950717
2013-04-11,2.36518126757894
2013-04-12,1.78283558483858
2013-04-15,-2.14324888734421
2013-04-17,1.25683467890521
2013-04-18,-2.89602592277358
2013-04-19,-1.47900706216755
2013-04-22,-0.185344880645388
2013-04-23,-0.373888766135178
2013-04-24,-0.5602012261954
2013-04-25,3.33192863567977
2013-04-26,-1.65422894132203
2013-04-29,-1.86731452804485
2013-04-30,0.773630996290109
2013-05-02,2.74791247307677
2013-05-06,2.87107019373227
2013-05-07,-1.96536565040015
2013-05-08,2.84554899833158
2013-05-09,1.56985935740497
2013-05-10,-1.91733946278263
2013-05-13,0.523805887525808
2013-05-14,2.93322970427536
2013-05-15,1.01734257724155
2013-05-16,-0.167540122180765
2013-05-17,-0.337881047597888
2013-05-20,-0.681176136813755
2013-05-21,-0.341347765911659
2013-05-22,1.69520496718749
2013-05-23,2.48916581203238
2013-05-24,0.491615186438432
2013-05-27,2.73678771007111
2013-05-28,0.789708696075286
2013-05-29,-2.57100637400689
2013-05-31,-0.331228373006809
2013-06-03,-0.13692850908491
2013-06-04,3.03916325609861
2013-06-05,0.314508544632619
2013-06-06,-0.47122268279769
2013-06-07,1.87350224861536
2013-06-10,-1.24448932151331
2013-06-11,-0.629012927102046
2013-06-12,-2.88244911793354
2013-06-13,-0.325252451165503
2013-06-14,0.974465668824154
2013-06-17,-1.62816155414487
2013-06-18,0
2013-06-19,2.75193557311568
2013-06-20,-3.40802479627398
2013-06-21,-5.25070916315005
2013-06-24,1.20920457650289
2013-06-25,0.368835810469625
2013-06-26,-0.884706413640068
2013-06-27,-5.1401554588421
2013-06-28,5.31174368928997
2013-07-01,1.02733837591962
2013-07-02,4.79808550975149
2013-07-03,-1.50452861671668
2013-07-04,0.836538586863811
2013-07-05,2.31500050379108
2013-07-08,-3.32160228430733
2013-07-09,1.67459181036913
2013-07-10,1.15742249231283
2013-07-11,0.978631632195959
2013-07-12,-0.326378870438115
2013-07-15,-0.488790293856578
2013-07-16,0.326125513724107
2013-07-17,0.489043650570586
2013-07-18,-0.815169164294693
2013-07-19,-0.163462467901265
2013-07-22,-2.83201430268196
2013-07-23,1.34115455775567
2013-07-24,2.63320118752672
2013-07-25,0.646694140830983
2013-07-26,-1.46237741141364
2013-07-29,0.815683270582657
2013-07-30,-0.490088680842593
2013-07-31,1.13678282167358
2013-08-01,0.322695606412604
2013-08-02,3.4755467793927
2013-08-05,-0.780081963623513
2013-08-06,1.70577956114244
2013-08-07,0.768667299209569
2013-08-08,-0.922065624476875
2013-08-09,-1.3965848726575
2013-08-12,-2.37006761909959
2013-08-13,0.795681199959475
2013-08-14,2.35501400109839
2013-08-16,-1.09246341225766
2013-08-19,0.62622929271785
2013-08-20,-1.09759686209081
2013-08-21,-1.10797504781797
2013-08-22,-0.960082731496503
2013-08-23,-1.78507301782624
2013-08-26,1.1386371083574
2013-08-27,-2.4554763705962
2013-08-28,2.61839204744654
2013-08-29,-0.649579325029559
2013-08-30,0.48666364817922
2013-09-02,-1.79488917308479
2013-09-03,-0.330683807332655
2013-09-04,-2.50889521401625
2013-09-05,-5.75817917584778
2013-09-06,2.65762389511455
2013-09-09,0.698241460867455
2013-09-10,5.40589451799007
2013-09-11,4.34538118509271
2013-09-12,-1.90800827531332
2013-09-13,-1.29314906164921
2013-09-16,-1.63890933223823
2013-09-17,0.986935872060046
2013-09-18,0
2013-09-19,1.78507301782624
2013-09-20,-0.322695606412604
2013-09-23,-0.323740303056241
2013-09-24,0.162915676850339
2013-09-25,-1.13862297560015
2013-09-26,-0.326125513724107
2013-09-27,-0.493056360610877
2013-09-30,0.981846654467455
2013-10-01,1.13678282167358
2013-10-02,-2.11862947614103
2013-10-03,-0.660587197511409
2013-10-04,-2.1789918238375
2013-10-07,-2.92652525619093
2013-10-08,-0.174030024542304
2013-10-09,-0.174333417107597
2013-10-10,4.61864908973364
2013-10-11,0
2013-10-14,-2.02730321370705
2013-10-15,-1.3714700769959
2013-10-16,1.20130334992987
2013-10-17,-1.20130334992987
2013-10-18,-0.695812226305281
2013-10-21,1.55396895645747
2013-10-22,-1.03067534809405
2013-10-23,-0.87302376398124
2013-10-24,-0.350957561298526
2013-10-25,-0.879814950213098
2013-10-28,1.05643909440403
2013-10-29,1.56402271384994
2013-10-30,-0.516665532761107
2013-10-31,-1.75173958285328
2013-11-04,2.09647970450544
2013-11-05,-0.344740121652154
2013-11-06,0.344740121652154
2013-11-07,-2.62503062667467
2013-11-08,1.05630917974275
2013-11-12,-0.703631674079785
2013-11-13,-0.529483788159824
2013-11-14,2.97376232028048
2013-11-15,-0.864567174044217
2013-11-18,3.75244473348335
2013-11-19,-0.839852964071697
2013-11-20,0
2013-11-21,-0.848895010929107
2013-11-22,-1.02749924956074
2013-11-25,1.53923564911329
2013-11-26,-3.80171317208005
2013-11-27,-1.95646600376773
2013-11-28,1.25035715407327
2013-11-29,1.93238886373941
2013-12-02,-0.699455539805727
2013-12-03,0.699455539805727
2013-12-04,-0.52512212269813
2013-12-05,0.52512212269813
2013-12-06,-1.75589463420975
2013-12-09,-1.24610948047548
2013-12-10,-2.35681790611189
2013-12-11,-2.04197938977573
2013-12-12,-1.88773690596169
2013-12-13,-0.576382960811794
2013-12-16,1.71500486941933
2013-12-17,-0.378816705723017
2013-12-18,2.06280392715061
2013-12-19,-2.63265505042596
2013-12-20,0.760508950333527
2013-12-23,-0.379531509579634
2013-12-27,-2.49719331985281
2013-12-30,0.19144657997856
2014-01-02,2.4946204223957
2014-01-03,-2.1062533776619
2014-01-07,-4.75383201625268
2014-01-08,-0.813978091957113
2014-01-09,2.0237899215237
2014-01-10,-2.84444802786141
2014-01-13,3.04617752950349
2014-01-14,-0.802523261817845
2014-01-15,1.99324128592844
2014-01-16,-0.991654461644731
2014-01-17,0
2014-01-20,-2.01561281106071
2014-01-21,2.81016991450782
2014-01-22,1.57483569681391
2014-01-23,-5.40941951117815
2014-01-24,-2.71078177710082
2014-01-27,0.841392657583229
2014-01-28,0
2014-01-29,-3.41135566418118
2014-01-30,-0.870718227550649
2014-01-31,1.30447333399586
2014-02-03,3.60462119780711
2014-02-04,-2.3169454852382
2014-02-05,3.97080369431659
2014-02-06,1.42359356180475
2014-02-07,0.80415035537249
2014-02-10,-2.84444802786141
2014-02-11,1.02650753892755
2014-02-12,2.61792667666474
2014-02-13,1.3836487857277
2014-02-14,-1.78284190935063
2014-02-17,0
2014-02-18,-1.61060489367453
2014-02-19,1.41154133120867
2014-02-20,0.796134066719301
2014-02-21,0
2014-02-24,3.12480507273663
2014-02-25,-1.54909188628716
2014-02-26,-1.18112922905818
2014-02-27,-1.59003789675782
2014-02-28,2.38122534446372
2014-03-03,-10.1036134039665
2014-03-04,3.62237872976894
2014-03-05,-4.71134559929391
2014-03-06,1.52272197597019
2014-03-07,-0.433755106445211
2014-03-10,-2.41610480163925
2014-03-11,-3.39050219940484
2014-03-12,-1.38641770987562
2014-03-13,2.7564437914849
2014-03-14,-2.29041432808792
2014-03-17,4.09176058047709
2014-03-18,-0.224665305469585
2014-03-19,-2.25934779174271
2014-03-20,-0.916663347474689
2014-03-21,-2.8041940058775
2014-03-24,-1.19021714069119
2014-03-25,1.19021714069119
2014-03-26,2.57436288274453
2014-03-27,-0.692679808912589
2014-03-28,0
2014-03-31,3.20242915719406
2014-04-01,0
2014-04-02,2.22410700890707
2014-04-03,-2.90469504175777
2014-04-04,-0.682666844823121
2014-04-07,-2.07377694666178
2014-04-08,0
2014-04-09,1.15711359918709
2014-04-10,1.14645650574434
2014-04-11,-0.685776123578496
2014-04-14,-1.38319131421141
2014-04-15,-1.64318895663333
2014-04-16,-0.952003962928671
2014-04-17,1.18726044741453
2014-04-22,2.10061228106007
2014-04-23,1.37628762887732
2014-04-24,2.47334980434903
2014-04-25,-0.443795170875982
2014-04-28,5.00769876373033
2014-04-29,-1.28216189058517
2014-04-30,1.28216189058517
2014-05-02,-1.28216189058517
2014-05-05,0.855793918384196
2014-05-06,2.3169454852382
2014-05-07,0.623113576613776
2014-05-08,-0.830896046533969
2014-05-09,0.624405605470346
2014-05-12,1.23723507352824
2014-05-13,0.612924170224471
2014-05-14,-1.22962828090865
2014-05-15,-2.71642672562453
2014-05-16,2.71642672562453
2014-05-19,-0.82744866934461
2014-05-20,-0.625703003532996
2014-05-21,-0.629642709814182
2014-05-22,0
2014-05-23,1.46226341984772
2014-05-26,-1.46226341984772
2014-05-27,-1.0590984126813
2014-05-28,0.849129592251341
2014-05-29,1.04782663480734
2014-05-30,-2.9649569337022
2014-06-02,2.33662799428624
2014-06-03,0.836111409336149
2014-06-04,2.06366163732177
2014-06-05,2.81580405729525
2014-06-06,0.593526720803372
2014-06-09,-2.80120211873134
2014-06-10,1.20981182956659
2014-06-11,1.59139028916475
2014-06-12,0.394477829101625
2014-06-13,0.978338443707361
2014-06-16,-0.194020697604769
2014-06-17,1.16069891060118
2014-06-18,-1.5520888427148
2014-06-20,1.16522425443075
2014-06-23,1.91737969514045
2014-06-24,-1.33873124072854
2014-06-25,-1.93903366763943
2014-06-26,1.74724980151157
2014-06-27,-0.194338056425125
2014-06-30,1.34387572252763
2014-07-01,-2.11621587909891
2014-07-02,-0.585410629718397
2014-07-03,-1.18344576470029
2014-07-04,-0.197486599193675
2014-07-07,1.18577140509719
2014-07-08,1.36038521322752
2014-07-09,0.578648454411912
2014-07-10,-1.93903366763943
2014-07-11,0.972018168493727
2014-07-14,-0.385467277583329
2014-07-15,-0.586550890910398
2014-07-16,1.74724980151157
2014-07-17,0.76926799454422
2014-07-18,-0.386067368862686
2014-07-21,0.193219994332261
2014-07-22,1.70745820748295
2014-07-23,0.376688358414867
2014-07-24,-0.750520569475577
2014-07-25,-1.14077862189181
2014-07-28,-0.577484128416361
2014-07-29,-2.73022111534533
2014-07-30,-1.19071802411059
2014-07-31,-3.25181390612164
2014-08-01,1.02629448295586
2014-08-04,0.408970174570933
2014-08-05,-1.02441389985641
2014-08-06,-1.03266305039684
2014-08-07,-0.209705429049611
2014-08-08,-1.46841329765437
2014-08-11,3.53207493497614
2014-08-12,1.04580623335921
2014-08-13,1.85756841928648
2014-08-14,-0.204450806453527
2014-08-18,-0.615872455934596
2014-08-19,0
2014-08-20,1.02435692023772
2014-08-21,1.01618737802078
2014-08-22,-1.22022103587038
2014-08-25,-0.204450806453527
2014-08-26,4.40840306510806
2014-08-27,-1.18195985813971
2014-08-28,-3.43131287124887
2014-08-29,0.204869664280527
2014-09-01,1.42467184232391
2014-09-02,1.0037697753154
2014-09-03,2.17775142466414
2014-09-04,-0.58806592941838
2014-09-05,-0.3939740137894
2014-09-08,-1.39566101139501
2014-09-09,0.399500059398972
2014-09-10,-1.20332030477572
2014-09-11,0
2014-09-12,2.98373122278415
2014-09-15,-1.18195985813971
2014-09-16,-0.397111647519632
2014-09-17,0.794821539646962
2014-09-18,1.56453259584255
2014-09-19,0.389996977951013
2014-09-22,0.771239282698688
2014-09-23,0.574550938108764
2014-09-24,-1.34579022080745
2014-09-25,-1.17027960778118
2014-09-26,0.585782018140635
2014-09-29,-1.96610057809394
2014-09-30,0.596068593940924
2014-10-01,0
2014-10-02,-0.199743873267266
2014-10-03,0.593717887056666
2014-10-06,-0.3939740137894
2014-10-07,-2.80884598013229
2014-10-08,-1.22546702510111
2014-10-09,0
2014-10-10,-2.07872589443554
2014-10-13,1.25104738629693
2014-10-14,0.827678508138607
2014-10-15,-0.827678508138607
2014-10-16,-0.207424028417269
2014-10-17,1.44526244269361
2014-10-20,-1.23783841427634
2014-10-21,1.84994108660734
2014-10-22,-0.612102672331005
2014-10-23,0.408484464303127
2014-10-24,0
2014-10-27,0.203618208027878
2014-10-28,1.01413078649186
2014-10-29,1.79817576700554
2014-10-30,0.39692489944092
2014-10-31,-0.793249620114578
2014-11-03,0.793249620114578
2014-11-04,0.196792987615746
2014-11-05,-2.79542397859096
2014-11-06,0.807642656657337
2014-11-07,-2.03034579095145
2014-11-10,1.62623345882287
2014-11-12,1.79817576700554
2014-11-13,0.790124360381195
2014-11-14,-0.393199460940274
2014-11-17,0.196792987615746
2014-11-18,0.196406473324529
2014-11-19,-0.196406473324529
2014-11-20,-0.990042607730324
2014-11-21,-1.60341266283084
2014-11-24,1.4046597171248
2014-11-25,-0.400889941809401
2014-11-26,0
2014-11-27,1.39289250763002
2014-11-28,-4.23149403140706
2014-12-01,-1.24295770669522
2014-12-02,1.03724515689836
2014-12-03,0.615872455934596
2014-12-04,-1.86369701267461
2014-12-05,0.210579399841659
2014-12-08,-1.04580623335921
2014-12-09,-2.12972742236832
2014-12-10,-2.6136370508351
2014-12-11,1.53151922997268
2014-12-12,-2.19513361035353
2014-12-15,-2.02017118464153
2014-12-16,-3.22706537803428
2014-12-17,0.466703413975922
2014-12-18,2.53363557042161
2014-12-19,-2.06655372225562
2014-12-22,1.38076237752636
2014-12-23,1.58962884874947
2014-12-29,0.227154982740019
2014-12-30,0
2015-01-02,-0.904266093123485
2015-01-05,-3.46381278660648
2015-01-07,2.77957987613575
2015-01-08,4.46434895522003
2015-01-09,-0.656354911400392
2015-01-12,-0.439975568326534
2015-01-13,-3.82511046354279
2015-01-14,-0.92050012695184
2015-01-15,-0.931616380725386
2015-01-16,0.465616887054399
2015-01-19,-1.16813261067106
2015-01-20,1.40267701392194
2015-01-21,1.83681208043864
2015-01-22,1.58491356593906
2015-01-23,-2.26977042900576
2015-01-26,0.914598504883668
2015-01-27,0.226726393636745
2015-01-28,-2.99344140619764
2015-01-29,-0.233623971836638
2015-01-30,2.54283246756355
2015-02-02,-0.916282904660259
2015-02-03,0.916282904660259
2015-02-04,0
2015-02-05,-0.228284827895275
2015-02-06,2.71050187714985
2015-02-09,-1.34606769415242
2015-02-10,0.897751799775248
2015-02-11,-0.672557134023211
2015-02-12,0.895741402662176
2015-02-13,1.33116280907073
2015-02-16,-1.10603118333252
2015-02-17,0
2015-02-18,1.32577699456506
2015-02-19,-0.219745811232541
2015-02-20,1.31128947287869
2015-02-23,0.435678668370865
2015-02-24,-0.870867418616617
2015-02-25,1.9483061902392
2015-02-26,1.4859322379041
2015-02-27,5.93980391668012
2015-03-02,-2.0077588181453
2015-03-03,-0.611841222706322
2015-03-04,0
2015-03-05,3.01592476152528
2015-03-06,0
2015-03-09,-0.995967608189097
2015-03-10,-2.42844161763931
2015-03-11,1.82738962157152
2015-03-12,0.401102466129144
2015-03-13,-2.22849208770066
2015-03-16,-0.615872455934596
2015-03-17,0.411002791654069
2015-03-18,3.8290227633762
2015-03-19,3.6836185139026
2015-03-20,0.94876187620716
2015-03-23,0.937793490321215
2015-03-24,0.931113028314678
2015-03-25,-1.49479614358732
2015-03-26,0
2015-03-27,0.56368311527264
2015-03-30,2.21947316837834
2015-03-31,0.546258099016361
2015-04-01,2.69129272585644
2015-04-02,-3.05513303767113
2015-04-07,2.34555073952425
2015-04-08,2.46181736736715
2015-04-09,1.21232003004972
2015-04-10,1.1940720158321
2015-04-13,1.85171672930811
2015-04-14,-1.85171672930811
2015-04-15,-0.682456115706787
2015-04-16,1.19172249897053
2015-04-17,-1.70333839909584
2015-04-20,3.04578874514021
2015-04-21,2.46796743319637
2015-04-22,2.41200712641343
2015-04-23,-0.799311639171552
2015-04-24,0.799311639171552
2015-04-27,3.12302983726715
2015-04-28,0.767009075470826
2015-04-29,-0.767009075470826
2015-04-30,0
2015-05-04,-1.23855846412324
2015-05-05,1.08478637133371
2015-05-06,1.52884825850277
2015-05-07,-0.913492825666817
2015-05-08,1.51954019216403
2015-05-11,1.79478536476461
2015-05-12,-0.744189481038582
2015-05-13,0.148954481852059
2015-05-14,-8.71571086146912
2015-05-15,2.09269921179729
2015-05-18,1.73598025616812
2015-05-19,1.08814630108278
2015-05-20,1.07979453467881
2015-05-21,0.609921461816376
2015-05-22,-1.0715048018628
2015-05-25,-0.153772092789528
2015-05-26,2.88527227100233
2015-05-27,1.19225962752052
2015-05-28,-4.23154081409163
2015-05-29,-2.02573223009117
2015-06-01,2.33351323844948
2015-06-02,0.767009075470826
2015-06-03,-0.767009075470826
2015-06-05,2.58187462516986
2015-06-08,1.04596444041569
2015-06-09,-1.4961890759857
2015-06-10,0.900069426336625
2015-06-11,0.744189481038582
2015-06-12,-0.297990010693439
2015-06-15,-0.148512051058236
2015-06-16,-0.148732937434848
2015-06-17,-1.04902390818868
2015-06-18,3.11462441482344
2015-06-19,0.581508444193513
2015-06-22,0.865971058456583
2015-06-23,-3.81285171944215
2015-06-24,2.21946520260372
2015-06-25,1.01690650660009
2015-06-26,-4.89386821862507
2015-06-29,-2.30480929541421
2015-06-30,2.60792057938251
2015-07-01,-0.759507886707445
2015-07-02,2.41366482231771
2015-07-03,0.890718540474533
2015-07-06,-2.84798676005309
2015-07-07,2.70035412752334
2015-07-08,2.04887332328978
2015-07-09,-1.45964602929411
2015-07-10,-0.441594661465916
2015-07-13,-2.09026890605262
2015-07-14,2.30564837280842
2015-07-15,-0.15217499820277
2015-07-16,-0.917945314809665
2015-07-17,1.07012031301243
2015-07-20,-1.22229621186796
2015-07-21,0.613829370005625
2015-07-22,-3.58210658309963
2015-07-23,-0.954252616066342
2015-07-24,0
2015-07-27,1.90115625446308
2015-07-28,-1.74119706099229
2015-07-29,-1.44892839519832
2015-07-30,-0.324855137772406
2015-07-31,2.25213160299169
2015-08-03,1.57650146119159
2015-08-04,1.55367322085018
2015-08-05,4.66534488072483
2015-08-06,-2.53158011751866
2015-08-07,-2.75399065720228
2015-08-10,1.54097356282779
2015-08-11,1.51438630711211
2015-08-12,0.14874647870331
2015-08-13,-0.7523958843076
2015-08-14,1.05400709861363
2015-08-17,-1.05400709861363
2015-08-18,0
2015-08-19,1.50234566101906
2015-08-20,0.742792826525984
2015-08-21,-0.892015783748001
2015-08-24,-6.6334262935855
2015-08-25,3.60286690307579
2015-08-26,-0.619268222454261
2015-08-27,-0.931994794181024
2015-08-28,4.581822407145
2015-08-31,1.33348985918995
2015-09-01,-0.888068945704457
2015-09-02,-4.09524852644947
2015-09-03,1.99350821203943
2015-09-04,-3.39561356428244
2015-09-07,0
2015-09-08,1.24709979707434
2015-09-09,1.08002691188562
2015-09-10,2.72480625624703
2015-09-11,-2.87838349165419
2015-09-14,1.22206409072965
2015-09-15,1.05559258143511
2015-09-16,1.34462477523456
2015-09-17,0
2015-09-18,-0.149916784826432
2015-09-21,0.444361135834614
2015-09-22,-1.0383423067533
2015-09-23,-2.41673002050409
2015-09-24,0
2015-09-25,-0.767877253632454
2015-09-28,-1.08503142186911
2015-09-29,1.23907930549594
2015-09-30,0.305753134262687
2015-10-01,0.308076235742938
2015-10-02,2.41673002050409
2015-10-05,2.94141154473246
2015-10-06,0
2015-10-07,-1.46067393814417
2015-10-08,2.03748768893208
2015-10-09,-0.431912997848216
2015-10-12,-1.60557469108387
2015-10-13,-2.53158011751866
2015-10-14,1.79474046667549
2015-10-15,-0.447258329597022
2015-10-16,0.297341544770591
2015-10-19,0.8867564356696
2015-10-20,0.733003905805463
2015-10-21,-1.32172572864575
2015-10-22,0.588721822840288
2015-10-23,0.733003905805463
2015-10-26,-0.292557124991011
2015-10-27,0.292557124991011
2015-10-28,0.727670032338712
2015-10-29,-0.145111019937039
2015-10-30,-0.436600786433572
2015-11-02,0.869765487990737
2015-11-03,-1.01572371395884
2015-11-04,-1.17539920564045
2015-11-05,-0.889119349531287
2015-11-06,-6.78264925080752
2015-11-09,2.0516038864405
2015-11-10,-0.470110558061987
2015-11-12,0.938021413756807
2015-11-13,-6.92187384593608
2015-11-16,-1.34124721326223
2015-11-17,3.48594156226241
2015-11-18,-0.819448061265837
2015-11-19,-2.1625333967499
2015-11-20,1.33631486554928
2015-11-23,-1.84027496979595
2015-11-24,-1.36130410381656
2015-11-25,-2.95580731928544
2015-11-26,-0.884352450097481
2015-11-27,-4.36480070791945
2015-11-30,0.185803852549005
2015-12-01,-0.743306263712018
2015-12-02,-2.07863392016858
2015-12-03,-0.766709165608548
2015-12-04,-3.32361590853938
2015-12-07,5.04051821708784
2015-12-08,-4.64347440087833
2015-12-09,1.18175955201825
2015-12-10,-0.198079734492973
2015-12-11,-1.57983827513057
2015-12-14,-0.399422643714398
2015-12-15,-0.599999664766804
2015-12-16,1.79351307049957
2015-12-17,1.17943650777097
2015-12-18,1.16568780273931
2015-12-21,-1.55937679739808
2015-12-22,2.51847454721084
2015-12-23,2.26976081337089
2015-12-28,-1.5074352838933
2015-12-29,-0.38043634123166
2015-12-30,-2.11660038113992
2016-01-04,-3.56668781298091
2016-01-05,-0.808011204909165
2016-01-07,-4.1500097589046
2016-01-08,0.633923669480785
2016-01-11,-3.64655822425524
2016-01-12,3.01263455477445
2016-01-13,2.71624658305865
2016-01-14,-2.50674222060192
2016-01-15,-0.421708428813239
2016-01-18,-5.23048078763482
2016-01-19,3.51643964485786
2016-01-20,-3.06976637493803
2016-01-21,2.2016011437572
2016-01-22,5.09940983875867
2016-01-25,0
2016-01-26,-2.9429673111574
2016-01-27,-0.213563639048919
2016-01-28,6.41290486688728
2016-01-29,3.93191593443138
2016-02-01,-2.93434849809835
2016-02-02,-2.81648428922781
2016-02-03,1.6203409818621
2016-02-04,3.35431257956338
2016-02-05,-1.17045503238855
2016-02-08,-2.18385754717483
2016-02-09,2.77183697304393
2016-02-10,-2.77183697304393
2016-02-11,0.598797804325213
2016-02-12,-2.62835987923473
2016-02-15,4.40771005329468
2016-02-16,-0.983679817525274
2016-02-17,2.92657209232987
2016-02-18,0.957471460652171
2016-02-19,-1.34098693805869
2016-02-22,-2.14758300428421
2016-02-23,-1.59136590046636
2016-02-24,-1.41136355622073
2016-02-25,-1.43376317584596
2016-02-26,1.83750753049943
2016-02-29,1.00761920156727
2016-03-01,0.798848473617708
2016-03-02,0
2016-03-03,-0.199114641395792
2016-03-04,-5.52718347786647
2016-03-07,2.4940714529845
2016-03-08,1.02201463643932
2016-03-09,1.81158548951328
2016-03-10,-1.00357428460411
2016-03-11,2.19471825177793
2016-03-14,0
2016-03-15,-1.78994177149903
2016-03-16,-0.404776480278901
2016-03-17,0.60335235131157
2016-03-18,3.15573670853071
2016-03-21,0.776179225900675
2016-03-22,0.95725761333425
2016-03-23,-2.12068506853833
2016-03-24,1.35397590292978
2016-03-29,-0.772633043210735
2016-03-30,3.61797612898787
2016-03-31,-0.562628673824905
2016-04-01,-3.2494420855786
2016-04-04,0.966727673626377
2016-04-05,-2.92657209232987
2016-04-06,-1.19589228982722
2016-04-07,-2.43337819266005
2016-04-08,0.205240246717864
2016-04-11,1.22051874437492
2016-04-12,-1.01569887061854
2016-04-13,2.62305190440772
2016-04-14,1.97352726978934
2016-04-15,-1.57569366567822
2016-04-18,1.18200467101945
2016-04-19,-1.18200467101945
2016-04-20,-0.997567436333036
2016-04-21,2.96333546166934
2016-04-22,2.11660038113992
2016-04-25,-1.14801990837787
2016-04-26,0.190548447725702
2016-04-27,-1.15912892048775
2016-04-28,-0.390074359658077
2016-04-29,-0.784743351784511
2016-05-02,-1.18878391800483
2016-05-04,-2.8278717781641
2016-05-05,0.816774389721453
2016-05-06,-1.22767698521771
2016-05-09,4.6243222175806
2016-05-10,0
2016-05-11,1.94663425828923
2016-05-12,-1.35865483242013
2016-05-13,-2.17303916871872
2016-05-16,1.77935017405995
2016-05-17,5.90211683351871
2016-05-18,-1.67651014676189
2016-05-19,0.187894834203184
2016-05-20,-1.13270144427158
2016-05-23,2.99052377481588
2016-05-24,-0.552351842166776
2016-05-25,2.91953259225037
2016-05-27,-2.18308716290843
2016-05-30,-2.04191591771947
2016-05-31,-0.753706937606946
2016-06-01,-3.07087821147825
2016-06-02,0.387248229303405
2016-06-03,-0.387248229303405
2016-06-06,2.88156050408357
2016-06-07,1.5026142802147
2016-06-08,-0.372047183691726
2016-06-09,0.187191388100372
2016-06-10,0.743306263712018
2016-06-13,-2.25074154760532
2016-06-14,-2.11054084509457
2016-06-15,-1.36454966280419
2016-06-16,-5.24165559282312
2016-06-17,3.45668510518848
2016-06-20,3.34323878327223
2016-06-21,1.34562357598589
2016-06-22,1.70390008054686
2016-06-23,0.374733839621721
2016-06-24,-2.46125370109185
2016-06-27,-0.191860286636714
2016-06-28,-0.192229098048569
2016-06-29,3.77607973453293
2016-06-30,3.6348636919608
2016-07-01,0.356702778365858
2016-07-04,0.17787538278089
2016-07-05,-1.97425077262774
2016-07-06,-3.12592772923561
2016-07-07,2.0324061591577
2016-07-08,-1.66105347400582
2016-07-11,2.93759648941012
2016-07-12,1.96878887527352
2016-07-13,2.10463319651719
2016-07-14,-1.2215339998239
2016-07-15,-0.883099196693293
2016-07-18,0
2016-07-19,1.99554462982805
2016-07-20,1.42536806956801
2016-07-21,-0.532135002297252
2016-07-22,-1.79638348632647
2016-07-25,1.79638348632647
2016-07-26,-2.15919058686538
2016-07-27,0.181568086419448
2016-07-28,-1.46186010745915
2016-07-29,-0.368828722832348
2016-08-01,-1.49100404784615
2016-08-02,1.85983277067849
2016-08-03,-2.04753903654504
2016-08-04,2.04753903654504
2016-08-05,1.2802920210397
2016-08-08,0.724302668057253
2016-08-09,-1.08843085296042
2016-08-10,1.44862433559174
2016-08-11,1.78358036596618
2016-08-12,-1.96351493318832
2016-08-16,-0.904561583466434
2016-08-17,-1.0963865383091
2016-08-18,-0.368149800959672
2016-08-19,1.28263798339443
2016-08-22,-2.20898613163512
2016-08-23,0.185957398422776
2016-08-24,-1.49937682781196
2016-08-25,0.188413594319581
2016-08-26,-0.37718285569488
2016-08-29,-0.189126273751583
2016-08-30,1.50501112021122
2016-08-31,-0.562936459903884
2016-09-01,-0.752948386555752
2016-09-02,-0.37861091284741
2016-09-05,0
2016-09-06,0.37861091284741
2016-09-07,0.752948386555752
2016-09-08,-3.43383064281646
2016-09-09,-2.95650048658747
2016-09-12,-0.400611777678161
2016-09-13,0.200506500950448
2016-09-14,0.798029739100947
2016-09-15,0.988663990596272
2016-09-16,-2.38942336373327
2016-09-19,5.30005720064646
2016-09-20,1.32892971434078
2016-09-21,-0.188769261375299
2016-09-22,-2.68088225626071
2016-09-23,-1.96193671130227
2016-09-26,0.39507229881417
2016-09-27,-0.39507229881417
2016-09-28,1.1805650410623
2016-09-29,0.781371670239972
2016-09-30,-1.96193671130227
2016-10-03,1.57100971764972
2016-10-04,-0.586240183360864
2016-10-05,0.586240183360864
2016-10-06,2.31314851238256
2016-10-07,-1.92222151873001
2016-10-10,0.96572935771857
2016-10-11,0.765924230724835
2016-10-12,0.76010239406572
2016-10-13,-0.76010239406572
2016-10-14,-1.15109753833922
2016-10-17,0.192772101788674
2016-10-18,-2.53753361126332
2016-10-19,1.76420545937046
2016-10-20,0.580556050104186
2016-10-21,0.768868721093385
2016-10-24,-0.768868721093385
2016-10-25,-0.971483043756738
2016-10-26,-1.37327846571791
2016-10-27,0.982833789130488
2016-10-28,-0.588540363377987
2016-10-31,-1.18757517162023
2016-11-02,-2.82922851967398
2016-11-03,0.612588356680721
2016-11-04,1.41701510396581
2016-11-07,-2.23463634829302
2016-11-08,0.409646250459983
2016-11-09,-0.204613362813499
2016-11-10,-1.86060800464991
2016-11-14,-4.7016971152233
2016-11-15,0.654001050025066
2016-11-16,4.25614811613766
2016-11-17,-3.39074737676011
2016-11-18,-0.431764224560371
2016-11-21,-0.433636514817182
2016-11-22,4.67175316175303
2016-11-23,1.03151802044863
2016-11-24,-0.411331255892766
2016-11-25,0.411331255892766
2016-11-28,-2.91549566700695
2016-11-29,-0.635963461267397
2016-11-30,5.18215245766804
2016-12-01,2.78770848837835
2016-12-02,1.94667494667946
2016-12-05,0.19240120582571
2016-12-06,0.574992445576661
2016-12-07,-0.574992445576661
2016-12-08,0
2016-12-09,-1.74710102795854
2016-12-12,4.21520231305643
2016-12-13,4.40608231131281
2016-12-14,0.179286046157157
2016-12-15,-4.21100953965721
2016-12-16,0.560838884818748
2016-12-19,-1.49937682781196
2016-12-20,5.86349450376402
2016-12-21,-1.61547235384958
2016-12-22,-1.6401047713249
2016-12-23,0.54969584093052
2016-12-27,0.364792341504239
2016-12-28,1.62714192162612
2016-12-29,0.178965186464586
2016-12-30,0.712674985263173
2017-01-02,-1.07092621788492
2017-01-03,0.536896705796952
2017-01-04,1.06522229126318
2017-01-05,-2.1437738485975
2017-01-09,2.32021291831643
2017-01-10,1.74747736221315
2017-01-11,-1.92391643193208
2017-01-12,-1.42283295090297
2017-01-13,-2.35806221284178
2017-01-16,1.81738023055644
2017-01-17,-0.180258915409182
2017-01-18,-1.45388977829068
2017-01-19,-0.550704910806266
2017-01-20,-1.48547395286573
2017-01-23,1.85294732681542
2017-01-24,0.912818647090008
2017-01-25,1.26595751959462
2017-01-26,-0.361395936128184
2017-01-27,0
2017-01-30,-1.45125228084502
2017-01-31,0.364792341504239
2017-02-01,-0.182229829028824
2017-02-02,1.2686897683696
2017-02-03,-0.360843350450635
2017-02-06,0.540777917672774
2017-02-07,0.539712601527786
2017-02-08,-0.178965186464586
2017-02-09,-0.54068198228534
2017-02-10,3.0175097318617
2017-02-13,0.522860567156691
2017-02-14,-0.872959277122498
2017-02-15,-0.703896088707578
2017-02-16,6.33282511155999
2017-02-17,-4.23582879665316
2017-02-20,1.2050046572607
2017-02-21,2.53059182496884
2017-02-22,0.665853217096291
2017-02-23,1.64129502916137
2017-02-24,-0.326110998554108
2017-02-27,2.42194140221685
2017-02-28,-0.319336578592821
2017-03-01,1.58658196506889
2017-03-02,-0.315308987482865
2017-03-03,-1.27127297758602
2017-03-06,-3.0873676928111
2017-03-07,0.493593627081146
2017-03-08,3.70701894008227
2017-03-09,-0.158278227366426
2017-03-10,0.316306330600136
2017-03-13,-0.951936398993203
2017-03-14,-4.23481332784104
2017-03-15,0.166171331718057
2017-03-16,1.80988902860351
2017-03-17,0.650103658526069
2017-03-20,1.6086493089934
2017-03-21,-1.7707794330112
2017-03-22,-2.13196690248558
2017-03-23,0.16562090267267
2017-03-24,0.659754136014001
2017-03-27,-0.32933297459381
2017-03-28,-1.16300267586056
2017-03-29,-1.17494711296018
2017-03-30,0.840654243962802
2017-03-31,-0.840654243962802
2017-04-03,0.505240108380889
2017-04-04,1.33666761634699
2017-04-05,0
2017-04-06,0.825375038686671
2017-04-07,-1.15744203103092
2017-04-10,0.82810905643711
2017-04-11,-1.83270968043985
2017-04-12,2.16204265503366
2017-04-13,2.43767511335093
2017-04-18,-0.162222147442392
2017-04-19,1.43754839929464
2017-04-20,0.631615318083001
2017-04-21,-0.631615318083001
2017-04-24,1.88300235055474
2017-04-25,2.15450751692816
2017-04-26,0.303808802959749
2017-04-27,-1.0673936297986
2017-04-28,1.52138319243758
2017-05-02,-0.910049593791129
2017-05-04,3.15110872278253
2017-05-05,-5.30893467634306
2017-05-08,0.155569664824773
2017-05-09,2.76120491991196
2017-05-10,0.60303877126493
2017-05-11,-1.66718704153077
2017-05-12,1.66718704153077
2017-05-15,0.750258235345203
2017-05-16,-2.72357923643278
2017-05-17,-3.90955510903712
2017-05-18,-0.159540819537551
2017-05-19,1.74110412004576
2017-05-22,-1.26324323518205
2017-05-23,0
2017-05-24,-0.31832006532615
2017-05-25,6.1845821371515
2017-05-26,-0.151512838001144
2017-05-29,1.34320973219304
2017-05-30,-4.54563387877123
2017-05-31,-1.5633997660961
2017-06-01,1.5633997660961
2017-06-02,1.99451455947526
2017-06-05,-3.87322331305422
2017-06-06,2.80419956899152
2017-06-07,0.764752739698848
2017-06-08,0
2017-06-09,-2.31363801473559
2017-06-12,0
2017-06-13,0.623394459624182
2017-06-14,-0.93574880075098
2017-06-16,2.47350896979699
2017-06-19,0.760102394065765
2017-06-20,-0.607619008000371
2017-06-21,1.66369342946793
2017-06-22,0.448552208318409
2017-06-23,-3.03065325457654
2017-06-26,0.765924230724813
2017-06-27,-0.152716253024243
2017-06-28,0
2017-06-29,-0.306133959556809
2017-06-30,-3.11564681327763
2017-07-03,1.72472412318831
2017-07-04,0.621462352093172
2017-07-05,-0.309449618468816
2017-07-06,-1.5633997660961
2017-07-07,0.940005306471914
2017-07-10,1.24133905926016
2017-07-11,-0.617944599635978
2017-07-12,2.44965986100112
2017-07-13,1.05340116342114
2017-07-14,0.88062455073048
2017-07-17,0.457666702741188
2017-07-18,-0.304878284935861
2017-07-19,2.71100940094759
2017-07-20,-1.79914897930415
2017-07-21,-1.67814769620036
2017-07-24,0.30721990369702
2017-07-25,-0.769826742575241
2017-07-26,1.38144944431884
2017-07-27,-0.458365966765784
2017-07-28,0.914640522607613
2017-07-31,1.35646390341384
2017-08-01,1.04245173358843
2017-08-02,-0.743497848751806
2017-08-03,-0.298953884836628
2017-08-04,0.149588659158284
2017-08-07,-0.149588659158284
2017-08-08,0.149588659158284
2017-08-09,-1.05185041912201
2017-08-10,-1.06303203017564
2017-08-11,-0.612559342668262
2017-08-14,0.306748706786175
2017-08-16,-0.153256734977814
2017-08-17,-1.38998376890336
2017-08-18,1.69626272195793
2017-08-21,0.152788417805327
2017-08-22,-0.152788417805327
2017-08-23,-0.76746347531087
2017-08-24,3.18449956809219
2017-08-25,0
2017-08-28,3.66341331797804
2017-08-29,-0.432588994712257
2017-08-30,0.432588994712257
2017-08-31,-1.74169859940021
2017-09-01,1.0196738020515
2017-09-04,-1.1661939747843
2017-09-05,1.1661939747843
2017-09-06,-0.145032657764665
2017-09-07,-0.582243275143335
2017-09-08,-1.02715503218296
2017-09-11,-0.147601502812056
2017-09-12,-1.03935605272631
2017-09-13,2.79635586286466
2017-09-14,0.145032657764665
2017-09-15,0.144822617636486
2017-09-18,-1.16449641968799
2017-09-19,-1.03017835278261
2017-09-20,1.03017835278261
2017-09-21,-1.03017835278261
2017-09-22,1.03017835278261
2017-09-25,-1.47495299260623
2017-09-26,0.88757979139682
2017-09-27,-2.38461373728336
2017-09-28,0.301205046999176
2017-09-29,2.08340869028418
2017-10-02,-0.14738396183005
2017-10-03,-1.485911440375
2017-10-04,-0.600602406021178
2017-10-05,1.0486987495248
2017-10-06,0.446097394062517
2017-10-09,1.91041813100423
2017-10-10,-0.291545396012416
2017-10-11,1.30531222445793
2017-10-12,-0.868312257346093
2017-10-13,-0.583092031079313
2017-10-16,1.45140428842541
2017-10-17,-1.01376682844552
2017-10-18,-1.17131646636532
2017-10-19,-1.63329540220505
2017-10-20,-0.450113288079135
2017-10-23,1.49256502166757
2017-10-24,-1.79377006866674
2017-10-25,2.08962827264125
2017-10-26,-1.93891234358412
2017-10-27,0.600602406021178
2017-10-30,-0.299850299625648
2017-10-31,0.449438958783932
2017-11-02,-0.900906994236594
2017-11-03,-0.909097170125195
2017-11-06,-0.152322954052164
2017-11-07,3.15104839681861
2017-11-08,-0.741293238912544
2017-11-09,0.14869891215783
2017-11-10,-2.40613111601173
2017-11-13,-6.44370549510906
2017-11-14,0.647251450561748
2017-11-15,-1.1354542102926
2017-11-16,-2.31033378207619
2017-11-17,1.81973590519073
2017-11-20,3.38469053738564
2017-11-21,-1.11554941717855
2017-11-22,-0.481928643594887
2017-11-23,0.481928643594887
2017-11-24,-0.966191091173685
2017-11-27,-0.975617494536474
2017-11-28,-1.64748372035051
2017-11-29,0
2017-11-30,0.16597514183645
2017-12-01,-3.71664398752745
2017-12-04,0.856903272510157
2017-12-05,0.680274732275254
2017-12-06,0.338409798424055
2017-12-07,-0.169061747790744
2017-12-08,0.337838159162707
2017-12-11,0
2017-12-12,2.82645581696315
2017-12-13,-1.32015118585358
2017-12-14,-1.67508104248153
2017-12-15,0.168776411371963
2017-12-18,4.29108736868709
2017-12-19,-0.648300487807818
2017-12-20,-1.1447385840351
2017-12-21,-0.991743665734601
2017-12-22,1.48395138627744
2017-12-27,4.1672696400568
2017-12-28,-2.22231367847103
2017-12-29,0.958473791298742
2018-01-03,-1.28001747669617
2018-01-04,1.43887374520995
2018-01-05,-0.477327875265754
2018-01-08,-0.961545869944191
2018-01-09,0.801928916661976
2018-01-10,-0.641027836091923
2018-01-11,1.27797266463989
2018-01-12,0.790517950711322
2018-01-15,1.25197253449278
2018-01-16,3.66453216780043
2018-01-17,0.746829460752596
2018-01-18,0.593473551981449
2018-01-19,0
2018-01-22,-1.19049025063185
2018-01-23,1.33830993756294
2018-01-24,0.294985464642106
2018-01-25,0.587373201209407
2018-01-26,-2.37048136551665
2018-01-29,0.448766646938825
2018-01-30,-1.50378773645408
2018-01-31,-0.607904607638221
2018-02-01,0.304414238122841
2018-02-02,0.151860317718988
2018-02-05,-1.37511716128245
2018-02-06,-3.76219917895841
2018-02-07,0
2018-02-08,-2.26180885877725
2018-02-09,0.813674139306175
2018-02-12,2.87559749873036
2018-02-13,0.784317746102614
2018-02-14,0.778214044205483
2018-02-15,-2.19444542545593
2018-02-16,-0.158604315563493
2018-02-19,-1.76145467009821
2018-02-20,0.161420535454115
2018-02-21,1.91699161077201
2018-02-22,-2.24009366891667
2018-02-23,0.966191091173685
2018-02-26,-0.481928643594887
2018-02-27,-1.95128142235819
2018-02-28,-0.493828164058252
2018-03-01,0.65789710980424
2018-03-02,-1.9868203216725
2018-03-05,0
2018-03-06,-0.839635495290647
2018-03-07,0
2018-03-08,2.00340590331161
2018-03-09,1.63938097756766
2018-03-12,0.324675609886982
2018-03-13,-2.46115785965668
2018-03-14,-1.84414279027227
2018-03-15,1.01010959865038
2018-03-16,-0.841047850859633
2018-03-19,0.337268447863925
2018-03-20,-1.18544995345484
2018-03-21,-0.512383699986962
2018-03-22,0.171086440362944
2018-03-23,0.85106896679088
2018-03-26,-0.85106896679088
2018-03-27,-1.55041865359651
2018-03-28,0.346620797648622
2018-03-29,-2.27481375259364
2018-04-03,-0.888894741724622
2018-04-04,-3.63676441708747
2018-04-05,5.58200700976901
2018-04-06,2.59305799210023
2018-04-09,1.69208774883371
2018-04-10,0.835426746985779
2018-04-11,0.49792633996073
2018-04-12,-0.49792633996073
2018-04-13,0.663352349563384
2018-04-16,0.330033302865695
2018-04-17,0.820349145282773
2018-04-18,1.13729901722701
2018-04-19,-0.485830915107632
2018-04-20,-2.13297668063344
2018-04-23,0.331126130365589
2018-04-24,0
2018-04-25,-0.497101272202038
2018-04-26,2.78478273757752
2018-04-27,-0.974033674838481
2018-04-30,0.812352152147944
2018-05-02,-1.46701897477939
2018-05-04,-0.990107098271142
2018-05-07,0.825768523898152
2018-05-08,1.95445960729703
2018-05-09,0.803217169726422
2018-05-10,1.74469136037205
2018-05-11,0.313972000466767
2018-05-14,1.09120334509827
2018-05-15,-2.35304974101942
2018-05-16,0
2018-05-17,-2.89875368732522
