2004-11-12,0.804549096479334
2004-11-15,-0.404536255024457
2004-11-16,-0.400012841454878
2004-11-17,0
2004-11-18,0
2004-11-19,-0.817291404624765
2004-11-22,-0.811490096078282
2004-11-23,-0.414521382397703
2004-11-24,0
2004-11-25,2.84785197958008
2004-11-26,0
2004-11-29,0.402906350548937
2004-11-30,0.794931216605566
2004-12-01,0.83662349611231
2004-12-02,1.16793128331123
2004-12-03,0.39023286084614
2004-12-06,-0.78199450631673
2004-12-07,1.93197197635859
2004-12-08,-0.767139884924539
2004-12-09,-1.16483209143405
2004-12-10,0.39176164547059
2004-12-13,-1.16793128331123
2004-12-14,0
2004-12-15,-0.444525270949514
2004-12-16,1.22069490879015
2004-12-17,2.31625192523235
2004-12-20,3.41049247643124
2004-12-21,1.83093124941234
2004-12-22,0
2004-12-23,-3.31336192768168
2004-12-24,1.48243067826934
2004-12-27,-0.365733984830774
2004-12-28,-1.11669669343857
2004-12-29,2.58278528878457
2004-12-30,1.84925467928156
2004-12-31,0.359262266551319
2005-01-03,2.11292503412364
2005-01-04,-0.699359549090373
2005-01-05,-2.89150579196904
2005-01-06,1.47794030693578
2005-01-07,1.76118730205332
2005-01-10,-2.12044956860464
2005-01-11,0.359262266551319
2005-01-12,0
2005-01-13,0.352561860055234
2005-01-14,-2.19512331014169
2005-01-17,0.364621143150679
2005-01-18,-3.69028984396405
2005-01-19,2.22935565304363
2005-01-20,-1.47691523360192
2005-01-21,-1.54518354161053
2005-01-24,1.16967103845118
2005-01-25,1.85242773676126
2005-01-26,1.46093419092042
2005-01-27,-1.83093124941234
2005-01-28,-1.10691817510999
2005-01-31,-0.375512503159348
2005-02-01,1.11669669343857
2005-02-02,-1.90644556180311
2005-02-03,-0.379922170086644
2005-02-04,2.65210171672052
2005-02-07,1.10035461051523
2005-02-08,-0.361724426801624
2005-02-09,-1.47144067842406
2005-02-10,-1.12654809984125
2005-02-11,0.752440419441713
2005-02-14,0.374107680399538
2005-02-15,-1.12654809984125
2005-02-16,1.12654809984125
2005-02-17,1.83316510522569
2005-02-18,1.44490463926013
2005-02-21,1.46749739370051
2005-02-22,0
2005-02-23,0
2005-02-24,0
2005-02-25,1.05730221492557
2005-02-28,-1.05730221492557
2005-03-01,0.355469755465609
2005-03-02,-3.62959621522787
2005-03-03,1.45010289513929
2005-03-04,1.82402356462297
2005-03-07,1.05730221492557
2005-03-08,-0.701832459459961
2005-03-09,0.701832459459961
2005-03-10,-1.05730221492557
2005-03-11,-0.35132322707252
2005-03-14,-1.47270033755045
2005-03-15,0
2005-03-16,-3.29565125396289
2005-03-17,1.47691523360192
2005-03-18,-0.369997058491922
2005-03-21,-1.48243067826934
2005-03-22,1.85242773676126
2005-03-23,-0.369997058491922
2005-03-24,-1.10691817510999
2005-03-29,-1.16526137152388
2005-03-30,3.37253415714911
2005-03-31,2.20851694583288
2005-04-01,-2.93887449785619
2005-04-04,0.368633125221685
2005-04-05,0.361724426801624
2005-04-06,0.365955495746428
2005-04-07,-0.727679922548052
2005-04-11,0.727679922548052
2005-04-12,-0.365955495746428
2005-04-13,0
2005-04-14,-0.730357552023309
2005-04-15,-1.10280755320238
2005-04-18,-1.53936905192342
2005-04-19,0.412820952082171
2005-04-20,-1.93541383075329
2005-04-21,1.52259287867111
2005-04-22,0.789748868364537
2005-04-25,-1.9280617981619
2005-04-26,-0.384279948873756
2005-04-27,-2.32527443197941
2005-04-28,-0.82739245316934
2005-04-29,0.444525270949514
2005-05-02,0.77616963784064
2005-05-04,1.55206561919967
2005-05-05,1.90249923583004
2005-05-06,-0.379922170086644
2005-05-09,0.379922170086644
2005-05-10,-1.90249923583004
2005-05-11,0.764186306032677
2005-05-12,2.30357430132124
2005-05-13,-0.375512503159348
2005-05-16,0
2005-05-17,0.749620183558886
2005-05-18,1.10280755320238
2005-05-19,-1.10280755320238
2005-05-20,0.367076509879682
2005-05-23,0
2005-05-24,-0.367076509879682
2005-05-25,0
2005-05-27,0
2005-05-30,-0.749620183558886
2005-05-31,0
2005-06-01,-0.376927916282366
2005-06-02,0.752440419441713
2005-06-03,0
2005-06-06,0.374107680399538
2005-06-07,0.367076509879682
2005-06-08,0.735731043322696
2005-06-09,0.368633125221685
2005-06-10,-0.368633125221685
2005-06-13,2.17526219128343
2005-06-14,-1.44490463926013
2005-06-15,0.365955495746428
2005-06-16,0.364621143150679
2005-06-17,0.714328000363018
2005-06-20,-0.714328000363018
2005-06-21,-0.364621143150679
2005-06-22,1.0789491435137
2005-06-23,-0.356526170922455
2005-06-24,-2.55446706368367
2005-06-27,-1.11669669343857
2005-06-28,1.85242773676126
2005-06-29,0
2005-06-30,0.368633125221685
2005-07-01,0.361724426801624
2005-07-04,1.08837846833767
2005-07-05,-0.722422972591241
2005-07-06,0
2005-07-07,-0.727679922548052
2005-07-08,0.361724426801624
2005-07-11,0
2005-07-12,0
2005-07-13,2.20851694583288
2005-07-14,0.703885087127754
2005-07-15,0
2005-07-18,-1.82402356462297
2005-07-19,-0.357801829440563
2005-07-20,0
2005-07-21,-1.09230106569873
2005-07-22,0
2005-07-25,0.727679922548052
2005-07-26,-0.365955495746428
2005-07-27,0
2005-07-28,0.365955495746428
2005-07-29,2.19512331014169
2005-08-01,1.7603631740684
2005-08-02,0
2005-08-03,-0.699359549090373
2005-08-04,-1.06100362497803
2005-08-05,2.44958231630075
2005-08-08,2.44258268351487
2005-08-09,0.334577586592832
2005-08-10,-1.36070599324261
2005-08-11,-1.75516854618456
2005-08-12,0.686815886651182
2005-08-16,1.41156672499219
2005-08-17,0.34204013445942
2005-08-18,-2.51997513554389
2005-08-19,0.386560888044762
2005-08-22,0.689966658898999
2005-08-23,0
2005-08-24,-0.347021747900689
2005-08-25,0.347021747900689
2005-08-26,0.382429677398566
2005-08-29,0.339293030700905
2005-08-30,2.13953257246864
2005-08-31,0.706501197868237
2005-09-01,-0.370417777338528
2005-09-02,0.704139076086729
2005-09-05,0.327579982993642
2005-09-06,0.366622714348042
2005-09-07,-0.366622714348042
2005-09-08,-1.73573176175612
2005-09-09,1.73573176175612
2005-09-12,2.39130481861904
2005-09-13,0
2005-09-14,-0.319827074109913
2005-09-15,2.6600805004505
2005-09-16,3.53593617664041
2005-09-19,4.68294831322233
2005-09-20,-1.23197537634732
2005-09-21,-1.87461730997782
2005-09-22,-1.5763556268972
2005-09-23,0
2005-09-26,0.641812199670788
2005-09-27,-1.25047942901602
2005-09-28,-2.92726894729518
2005-09-29,1.3158084577511
2005-09-30,2.22012771888931
2005-10-03,0
2005-10-04,-0.608667229345228
2005-10-05,0
2005-10-06,-4.27034918759794
2005-10-07,1.65452487526809
2005-10-10,1.00436382278577
2005-10-11,2.55770809913378
2005-10-12,-2.55770809913378
2005-10-13,-4.33630308356374
2005-10-14,-1.34444090479895
2005-10-17,0.3303140984388
2005-10-18,-1.35823809452869
2005-10-19,-3.18532680103778
2005-10-20,1.06101791120157
2005-10-21,-0.34204013445942
2005-10-24,-0.379684746041242
2005-10-25,1.7716032903226
2005-10-26,0
2005-10-27,-1.7716032903226
2005-10-28,-1.79825025504323
2005-10-31,1.07652754694376
2005-11-02,3.90147777718455
2005-11-03,3.08175481190713
2005-11-04,-0.362870010294447
2005-11-07,-1.33526537554389
2005-11-08,-2.79177120483127
2005-11-09,1.07443048001428
2005-11-10,-0.706501197868237
2005-11-14,0.336083420529709
2005-11-15,2.08775850215552
2005-11-16,-2.79177120483127
2005-11-17,1.07443048001428
2005-11-18,-0.706501197868237
2005-11-21,0
2005-11-22,-1.7598478264274
2005-11-23,0.34204013445942
2005-11-24,-1.79046933650082
2005-11-25,-1.46437251736087
2005-11-28,0.734866718317795
2005-11-29,0.386560888044762
2005-11-30,1.41168936699847
2005-12-01,1.09353011129567
2005-12-02,1.7525036590412
2005-12-05,-2.12430888983621
2005-12-06,-0.721724880500663
2005-12-07,1.09353011129567
2005-12-08,-1.43282314199658
2005-12-09,0
2005-12-12,-0.729451425299255
2005-12-13,0.347021747900689
2005-12-14,0.72172270809947
2005-12-15,-1.06874445600016
2005-12-16,0.347021747900689
2005-12-19,0.72172270809947
2005-12-20,2.47561599299835
2005-12-21,2.74278267822736
2005-12-22,0
2005-12-23,0.360414125362141
2005-12-27,0.68269708440436
2005-12-28,-1.37008697792216
2005-12-29,0
2005-12-30,-1.38408785099133
2006-01-02,0.366622714348042
2006-01-03,1.01746513664329
2006-01-04,3.03023869317633
2006-01-05,-0.352053605641878
2006-01-06,1.32935370956901
2006-01-09,-0.348623768169842
2006-01-10,-0.31144463496533
2006-01-11,2.92726894729518
2006-01-12,0.608667229345228
2006-01-13,-0.608667229345228
2006-01-16,2.18502285624242
2006-01-17,-0.301397616048416
2006-01-18,-1.88362524019401
2006-01-19,2.8122976403079
2006-01-20,-0.928672400113895
2006-01-23,0.301397616048416
2006-01-24,-1.87790302433259
2006-01-25,4.36818143577864
2006-01-26,-1.2396390647706
2006-01-27,2.14285958575942
2006-01-30,-0.286906246109719
2006-01-31,-4.34536793297786
2006-02-01,2.82208887964281
2006-02-02,-0.332674286314649
2006-02-03,-3.43566220291787
2006-02-06,4.96841334857434
2006-02-07,-0.61385362456492
2006-02-08,0.320741543679048
2006-02-09,0.293112080885871
2006-02-10,-0.61385362456492
2006-02-13,-0.294919557789175
2006-02-14,0
2006-02-15,0.908773182354095
2006-02-16,-1.82588085114124
2006-02-17,3.33112471095807
2006-02-20,1.80091447339721
2006-02-21,1.15174245891079
2006-02-22,-1.46112737396495
2006-02-23,0.874116457852603
2006-02-24,2.03127695198386
2006-02-27,-0.276289526058049
2006-02-28,-0.584391312294885
2006-03-01,1.70987213799281
2006-03-02,1.70557920577159
2006-03-03,-0.29791684450089
2006-03-06,0.562440348018534
2006-03-07,-2.51875531796575
2006-03-08,-2.02511920216679
2006-03-09,0
2006-03-10,-1.18081289863303
2006-03-13,-0.604335776965215
2006-03-14,-3.59251450053648
2006-03-15,2.70532071915865
2006-03-16,3.26178927952703
2006-03-17,1.98432498829235
2006-03-20,-2.57377181084331
2006-03-21,-0.871427983578865
2006-03-22,-1.47817879268302
2006-03-23,2.34960677626188
2006-03-24,1.44829098514538
2006-03-27,0.276289526058049
2006-03-28,-2.31324407176854
2006-03-29,-0.592149338067927
2006-03-30,0.592149338067927
2006-03-31,1.73046985044216
2006-04-03,2.00235642014559
2006-04-04,-0.84434092938328
2006-04-05,-2.6065182214198
2006-04-06,1.17059611363093
2006-04-07,1.43592210778887
2006-04-10,0.84434092938328
2006-04-11,-0.84434092938328
2006-04-12,0.84434092938328
2006-04-13,-0.84434092938328
2006-04-18,2.54030115533319
2006-04-19,2.19630501886594
2006-04-20,5.28480195292795
2006-04-21,3.05129755447267
2006-04-24,1.47705686472421
2006-04-25,-2.22752256175829
2006-04-26,-0.508382012230557
2006-04-27,-3.33846222250389
2006-04-28,1.02576691528311
2006-05-02,-1.83477387736084
2006-05-04,1.58500081381021
2006-05-05,0.770018525563376
2006-05-08,-0.520245462012747
2006-05-09,-0.522966175979711
2006-05-10,0.273193112429082
2006-05-11,2.56246837077141
2006-05-12,-0.269975570330327
2006-05-15,-2.29249280044108
2006-05-16,-0.524277471684353
2006-05-17,-4.54703466193207
2006-05-18,0.294551022975709
2006-05-19,1.35014486291101
2006-05-22,-3.58072061434083
2006-05-23,0
2006-05-24,-3.40206823025548
2006-05-25,0.883312912289735
2006-05-26,-0.883312912289735
2006-05-29,-0.552359467326102
2006-05-30,-0.896143263331384
2006-05-31,1.75498742592581
2006-06-01,3.39183195082717
2006-06-02,3.7968425381425
2006-06-05,0.284384383017322
2006-06-06,-4.08122692115982
2006-06-07,0
2006-06-08,-1.3955422959405
2006-06-09,-0.572807698098154
2006-06-12,-1.72996665205685
2006-06-13,-3.49141306613894
2006-06-14,-1.5047773465378
2006-06-16,-4.34536793297786
2006-06-19,5.24744441156209
2006-06-20,-0.615170232474505
2006-06-21,3.26078143590953
2006-06-22,-1.15856262645271
2006-06-23,0.876595506668032
2006-06-26,0.281967119784676
2006-06-27,7.88868811289731
2006-06-28,-0.545563717278386
2006-06-29,-1.1081550001125
2006-06-30,1.65371871739088
2006-07-03,0
2006-07-04,0.255940918954511
2006-07-05,0.286662543401972
2006-07-06,3.48343765956591
2006-07-07,0.795885233901217
2006-07-10,1.30637868633507
2006-07-11,-1.55088218416988
2006-07-12,-0.279087490220808
2006-07-13,-2.67539925162694
2006-07-14,-0.821863741533146
2006-07-17,-1.66824999599364
2006-07-18,1.40978108374221
2006-07-19,0.79675472265901
2006-07-20,6.07481834109027
2006-07-21,-1.01553599240796
2006-07-24,1.01553599240796
2006-07-25,0
2006-07-26,0.536703309157227
2006-07-27,2.02216417047705
2006-07-28,1.47001566776432
2006-07-31,0.487574847394967
2006-08-01,-1.95759051515929
2006-08-02,-1.02219206849581
2006-08-03,-4.12892558142062
2006-08-04,1.84632082651186
2006-08-07,-0.78498570231198
2006-08-08,0
2006-08-09,2.0676183552395
2006-08-10,-2.5819307590659
2006-08-11,-3.21212125548991
2006-08-14,1.61895722702781
2006-08-16,2.3525199944237
2006-08-17,-2.3525199944237
2006-08-18,-0.273722798640907
2006-08-21,-0.810340035479351
2006-08-22,1.08406283412026
2006-08-23,0.250256074187405
2006-08-24,-2.6866829369069
2006-08-25,-0.538285810407579
2006-08-28,-1.08929683630477
2006-08-29,3.53871425106624
2006-08-30,-0.27899351188041
2006-08-31,-0.529548436241889
2006-09-01,-0.819011725106034
2006-09-04,3.39041377566178
2006-09-05,0.355599184394251
2006-09-06,-0.54702272037348
2006-09-07,-0.244503497834803
2006-09-08,-0.0301340969584452
2006-09-11,-0.521247639107969
2006-09-12,1.3429079542747
2006-09-13,2.8183331895423
2006-09-14,-2.0589772235807
2006-09-15,1.26024219318892
2006-09-18,0
2006-09-19,-2.01959815915052
2006-09-20,-1.3429079542747
2006-09-21,-1.33431890830766
2006-09-22,-1.15416331470577
2006-09-25,2.73811357924361
2006-09-26,-0.249631356230173
2006-09-27,-0.523978872828312
2006-09-28,0
2006-09-29,-2.67361564910358
2006-10-02,-0.970480869903412
2006-10-03,-1.10366756077824
2006-10-04,2.98106938519793
2006-10-05,2.75539528788546
2006-10-06,0.331163513431365
2006-10-09,0
2006-10-10,2.566620879524
2006-10-11,0.638769897756841
2006-10-12,0.923534804139781
2006-10-13,0.212471045233897
2006-10-16,0.337583369619798
2006-10-17,-4.13195727590083
2006-10-18,3.84832006931988
2006-10-19,0.548594932570401
2006-10-20,-1.07491193699785
2006-10-23,-0.740072305826533
2006-10-24,-1.8225747931043
2006-10-25,1.28587148394708
2006-10-26,-0.212555509352175
2006-10-27,-2.34964319757318
2006-10-30,-0.030051463356795
2006-10-31,0.655322609588227
2006-11-02,-0.108299889214747
2006-11-03,4.60409492954295
2006-11-06,-0.518756865187342
2006-11-07,5.2678682441555
2006-11-08,-0.125985341076174
2006-11-09,-0.221710673235975
2006-11-10,-1.45495885278599
2006-11-13,1.9012892985085
2006-11-14,-0.248472702250524
2006-11-15,-2.26099585014916
2006-11-16,1.34002455291591
2006-11-17,-0.379062447755896
2006-11-20,-0.835548397727237
2006-11-21,0.635099047734844
2006-11-22,3.44111199256192
2006-11-23,0.150298119507264
2006-11-24,-1.42180100441083
2006-11-27,1.68844116505467
2006-11-28,-0.436995107896765
2006-11-29,0.702926189059605
2006-11-30,-0.362506009161079
2006-12-01,-1.27078442339963
2006-12-04,7.709225874197
2006-12-05,3.42701185481906
2006-12-06,-2.81346523013175
2006-12-07,2.81346523013175
2006-12-08,2.53947838297606
2006-12-11,-0.990824568307813
2006-12-12,-2.16638833717515
2006-12-13,3.15721290548296
2006-12-14,-1.05623846217222
2006-12-15,-1.00139835734661
2006-12-18,0
2006-12-19,-3.22702198120197
2006-12-20,1.25799457545406
2006-12-21,1.0879112646677
2006-12-22,-0.21845994488392
2006-12-27,3.15721290548296
2006-12-28,-1.05623846217222
2006-12-29,-2.10097444331074
2007-01-02,2.10097444331074
2007-01-03,0.433312246811468
2007-01-04,-1.2576158121846
2007-01-05,-3.40411677317545
2007-01-08,-0.292088952926539
2007-01-09,-0.205594739418258
2007-01-10,-2.74076361040092
2007-01-11,0.880669380435162
2007-01-12,0.484876324324013
2007-01-15,0.806075084690505
2007-01-16,1.17846481682484
2007-01-17,0.519337159094091
2007-01-18,4.20237510781081
2007-01-19,1.04990156694615
2007-01-22,-2.70130430391275
2007-01-23,1.13566266440102
2007-01-24,0.344122087491927
2007-01-25,-2.49177097385118
2007-01-26,0.0667739120934652
2007-01-29,0.945212309864774
2007-01-30,0.503673677595229
2007-01-31,3.6382596659343
2007-02-01,-0.825242482178945
2007-02-02,-2.09488659265658
2007-02-05,0.774899621494773
2007-02-06,-1.31674500327952
2007-02-07,1.42275208034444
2007-02-08,-1.88054202754535
2007-02-09,1.2576158121846
2007-02-12,-1.08682157766897
2007-02-13,0.0448974101737054
2007-02-14,1.19284525850745
2007-02-15,-0.584233337823648
2007-02-16,-2.10097444331074
2007-02-19,1.49236252262694
2007-02-20,-0.853498794952268
2007-02-21,2.60660264748491
2007-02-22,1.34065534828482
2007-02-23,-0.722129917907788
2007-02-26,-1.95653603762116
2007-02-27,-6.02168047586296
2007-02-28,-1.34786242441036
2007-03-01,-1.5518221665896
2007-03-02,2.89968459099996
2007-03-05,-3.44856207980317
2007-03-06,0.971546128579925
2007-03-07,-3.1206710461511
2007-03-08,3.64166567174986
2007-03-09,0.164471069211869
2007-03-12,0
2007-03-13,-1.53914133629725
2007-03-14,2.89295695985676
2007-03-15,-0.676217051584205
2007-03-16,-0.233910739973053
2007-03-19,3.28808846871729
2007-03-20,-1.38786923870629
2007-03-21,4.61636984057612
2007-03-22,1.50051290227586
2007-03-23,-0.454040397194388
2007-03-26,-2.10097444331074
2007-03-27,0.747457747576918
2007-03-28,-1.68127392637101
2007-03-29,3.25168144470602
2007-03-30,0.257873429304345
2007-04-02,-2.55447857759812
2007-04-03,1.64451630961615
2007-04-04,0
2007-04-05,0.241679340681156
2007-04-10,-0.110324275073737
2007-04-11,0.283020462106398
2007-04-12,-1.35380047751936
2007-04-13,-0.28688358621114
2007-04-16,1.05289463140932
2007-04-17,0
2007-04-18,-0.215691644689331
2007-04-19,0.413001125741808
2007-04-20,1.96076015073543
2007-04-23,0.534502915464552
2007-04-24,-0.192442326710784
2007-04-25,1.20394253859017
2007-04-26,2.38778190475992
2007-04-27,0.595139592772176
2007-04-30,-0.308356704398838
2007-05-02,-0.984673691548243
2007-05-04,3.23058667794416
2007-05-07,-0.782696568420738
2007-05-08,-1.15485971357634
2007-05-09,-1.29303039594708
2007-05-10,1.08569513913386
2007-05-11,-0.777118450835435
2007-05-14,0
2007-05-15,1.3699613504917
2007-05-16,-0.980647235615217
2007-05-17,1.08097050787981
2007-05-18,1.55324682544498
2007-05-21,-0.101521458555531
2007-05-22,5.33720064447505
2007-05-23,-3.43377966368346
2007-05-24,0
2007-05-25,-2.48434575920315
2007-05-28,1.3384730813303
2007-05-29,2.27876372631832
2007-05-30,-1.22990256269637
2007-05-31,0.567259193207548
2007-06-01,4.6742986373649
2007-06-04,-1.25376544181193
2007-06-05,-0.19189384308187
2007-06-06,-4.64606882589993
2007-06-08,-2.12426063861284
2007-06-11,0.202549978379274
2007-06-12,0.282329682665905
2007-06-13,2.68348026515572
2007-06-14,-0.0969174931158889
2007-06-15,3.60539995699658
2007-06-18,-1.27859921260494
2007-06-19,0.462076487055985
2007-06-20,-1.09564160626876
2007-06-21,0.367428811090331
2007-06-22,2.46797416664317
2007-06-25,-1.18859429994314
2007-06-26,0.643957356166824
2007-06-27,-1.55988242575802
2007-06-28,3.07541321798501
2007-06-29,-1.97210520786859
2007-07-02,-0.738550012046835
2007-07-03,1.8143853601059
2007-07-04,0.730425995653228
2007-07-05,-1.72828863021017
2007-07-06,3.66292734548073
2007-07-09,-2.2902151102755
2007-07-10,-0.542187804383243
2007-07-11,1.87608396947634
2007-07-12,0
2007-07-13,0.353392936442232
2007-07-16,0.530265243607575
2007-07-17,-0.0927818314487183
2007-07-18,0.438075673994831
2007-07-19,1.49987317456293
2007-07-20,-0.431540032256095
2007-07-23,3.29612027707604
2007-07-24,-0.26097485272798
2007-07-25,-0.95148196413386
2007-07-26,-3.31698839036227
2007-07-27,-1.89428303983519
2007-07-30,0.721529514232477
2007-07-31,6.29345090224658
2007-08-01,-3.4558324142397
2007-08-02,-3.02258553806904
2007-08-03,-2.75638368768911
2007-08-06,-2.63624976520029
2007-08-07,2.92261134895937
2007-08-08,-2.33813431178485
2007-08-09,0.0984108065326783
2007-08-10,-2.98980771430828
2007-08-13,3.45131027067667
2007-08-14,-1.90746573478116
2007-08-16,-7.12861607182305
2007-08-17,3.60965822998609
2007-08-20,0.100524972164573
2007-08-21,-2.20099178362632
2007-08-22,6.57770548365399
2007-08-23,0
2007-08-24,0.758476577303435
2007-08-27,0.190708327122424
2007-08-28,-0.190708327122424
2007-08-29,1.68256769224713
2007-08-30,-3.39932509990586
2007-08-31,3.13566900512527
2007-09-03,-0.745116919769817
2007-09-04,1.0087730145504
2007-09-05,-2.44104426955056
2007-09-06,-1.43140173668606
2007-09-07,-1.47143776531977
2007-09-10,-2.57960207472951
2007-09-11,1.50960002236458
2007-09-12,3.50424340940854
2007-09-13,1.61076950770864
2007-09-14,-1.14217136274641
2007-09-17,1.88944493619081
2007-09-18,0.551599333359754
2007-09-19,4.8246266796161
2007-09-20,0.253070473732731
2007-09-21,-1.76743554642811
2007-09-24,-1.09044038340191
2007-09-25,-1.93345963975973
2007-09-26,1.01901825785995
2007-09-27,0.354473670081124
2007-09-28,0.911220363735676
2007-10-01,-0.0915122461484952
2007-10-02,2.07142623185481
2007-10-03,-0.893276385573483
2007-10-04,-1.62419796879991
2007-10-05,0.278057856988667
2007-10-08,-0.0917501402386112
2007-10-09,1.52833115759909
2007-10-10,0.530943670077333
2007-10-11,0.634922767865875
2007-10-12,-1.07299844186071
2007-10-15,0.182973494834293
2007-10-16,-3.26304018130505
2007-10-17,1.45886753278917
2007-10-18,-2.67447435442376
2007-10-19,1.85262557173185
2007-10-22,0.354146185830118
2007-10-23,3.1619001924041
2007-10-24,-1.78804252778484
2007-10-25,1.24300067376706
2007-10-26,-0.985600274249787
2007-10-29,0.640617181241154
2007-10-30,0.437276592868718
2007-10-31,-1.33529417362714
2007-11-02,-1.82059644965724
2007-11-05,0.185099543825107
2007-11-06,0.729341838074671
2007-11-07,-2.12080357465423
2007-11-08,-2.15079037689034
2007-11-09,1.69135550797397
2007-11-12,-2.44996694050004
2007-11-13,2.81038416055184
2007-11-14,-3.39932509990586
2007-11-15,0
2007-11-16,-0.967552774759284
2007-11-19,0.19589177805508
2007-11-20,1.16467342752276
2007-11-21,-1.54047039502676
2007-11-22,1.14745796420821
2007-11-23,-0.372902855986634
2007-11-26,-0.594649918772649
2007-11-27,-2.25013280171149
2007-11-28,1.67384104057526
2007-11-29,0
2007-11-30,-2.1820658646333
2007-12-03,1.78135172887828
2007-12-04,0.698834014670613
2007-12-05,2.7873460241187
2007-12-06,-0.289913096203342
2007-12-07,2.52751892778678
2007-12-10,1.01807034201054
2007-12-11,0.448885595545923
2007-12-12,0.0946497391050016
2007-12-13,-3.04776594443732
2007-12-14,-2.29306693094635
2007-12-17,-3.72591040052881
2007-12-18,0.814146023793239
2007-12-19,0
2007-12-20,1.36791984084006
2007-12-21,1.93685696671406
2007-12-27,3.48226253958104
2007-12-28,-2.72216895398518
2008-01-02,-3.27933778160676
2008-01-03,-0.785532611543216
2008-01-04,-1.22090722703145
2008-01-07,-2.51052064797839
2008-01-08,0.71229872924925
2008-01-09,-2.06461185062827
2008-01-10,-2.32919228192037
2008-01-11,-1.47012739614869
2008-01-14,-1.38122898701112
2008-01-15,-1.83525575826571
2008-01-16,-3.98326591606204
2008-01-17,3.2061536662757
2008-01-18,2.43374153616442
2008-01-21,-10.1357837307555
2008-01-22,2.84513255346464
2008-01-23,0
2008-01-24,5.52113382624326
2008-01-25,1.7695173510476
2008-01-28,-1.42498103754134
2008-01-29,3.8851446924375
2008-01-30,-1.36571535403718
2008-01-31,-2.86396565190659
2008-02-01,0.933754422729516
2008-02-04,-0.270796212480473
2008-02-05,-4.29553931457054
2008-02-06,-1.67326738581166
2008-02-07,-1.16473862491815
2008-02-08,0.244053411676415
2008-02-11,2.38224337577213
2008-02-12,3.41036831857378
2008-02-13,0
2008-02-14,2.91603874497612
2008-02-15,-1.81915852569809
2008-02-18,3.28360713161526
2008-02-19,0.742224360859467
2008-02-20,0.110710503371259
2008-02-21,-2.60549744374021
2008-02-22,-2.97199619780519
2008-02-25,-1.51015996007717
2008-02-26,-1.7258276137023
2008-02-27,-0.428770806633638
2008-02-28,0.572373964470962
2008-02-29,-2.35615585198237
2008-03-03,-1.1992283326284
2008-03-04,-0.967798782632157
2008-03-05,4.52318296724292
2008-03-06,-1.77351033228539
2008-03-07,-2.6473568796384
2008-03-10,2.6473568796384
2008-03-11,3.16615518025642
2008-03-12,-0.257632501126048
2008-03-13,-4.91368642732866
2008-03-14,-0.942616681168662
2008-03-17,-4.84756622080393
2008-03-18,7.2127011304739
2008-03-19,1.18501710348093
2008-03-20,-2.01320001277474
2008-03-25,5.11586097178296
2008-03-26,0.370394446066014
2008-03-27,2.31865225999917
2008-03-28,-0.180781148259879
2008-03-31,0.0935482933294818
2008-04-01,3.08434373617343
2008-04-02,-0.661009077504682
2008-04-03,-2.86064403304458
2008-04-04,1.61166094967014
2008-04-07,2.04287853240186
2008-04-08,-2.56173450972037
2008-04-09,2.05339730808269
2008-04-10,-2.48473340995488
2008-04-11,-2.45557890117238
2008-04-14,-0.440796701846002
2008-04-15,1.36714048736568
2008-04-16,1.30507561954909
2008-04-17,-1.39985337282904
2008-04-18,2.95238185043751
2008-04-21,-1.12332992119684
2008-04-22,-1.16120670506223
2008-04-23,-1.49941125641817
2008-04-24,3.20225564647418
2008-04-25,1.1844262428359
2008-04-28,0.820224538936021
2008-04-29,-2.07258137167501
2008-04-30,1.29810179015521
2008-05-05,2.58832313696278
2008-05-06,0.323322491523381
2008-05-07,2.76590695925747
2008-05-08,-1.41282575163482
2008-05-09,0.317956016594589
2008-05-12,0.296623941570662
2008-05-13,0.798245793469565
2008-05-14,2.26431216783904
2008-05-15,-1.01046698348259
2008-05-16,0.41164588498015
2008-05-19,-1.78943718306419
2008-05-20,-0.546615390775473
2008-05-21,2.33605257383966
2008-05-23,-0.642339634672506
2008-05-26,-0.371365335670637
2008-05-27,0.0200317647223613
2008-05-28,3.88376532041188
2008-05-29,-0.884667939373651
2008-05-30,-0.305921199735204
2008-06-02,1.19058913910886
2008-06-03,-0.399895732794153
2008-06-04,-4.47017580181988
2008-06-05,0.35768924973687
2008-06-06,-1.45602665088536
2008-06-09,-2.30527098287978
2008-06-10,-1.29698040032635
2008-06-11,-2.68287063234021
2008-06-12,1.9075197422636
2008-06-13,-0.113002989806255
2008-06-16,0.667004163223384
2008-06-17,3.80022500765738
2008-06-18,-1.02809036195257
2008-06-19,2.04571849592536
2008-06-20,-4.06484436694208
2008-06-23,-3.17098245648522
2008-06-24,0.789881288622896
2008-06-25,0.961088229950846
2008-06-26,-0.893233067270804
2008-06-27,-1.08189594740655
2008-06-30,1.91093533096529
2008-07-01,-0.804376190166733
2008-07-02,-2.89594319475905
2008-07-03,-1.70249559958999
2008-07-04,-1.65976213189976
2008-07-07,3.59045978925563
2008-07-08,4.42466489075484
2008-07-09,1.07548973809197
2008-07-10,-2.83241349185364
2008-07-11,-1.9988212161866
2008-07-14,0.914077424130566
2008-07-15,-3.39756970296223
2008-07-16,-0.874244656395495
2008-07-17,4.2499990106152
2008-07-18,1.70891506023771
2008-07-21,2.25402617366175
2008-07-22,-1.29652663420217
2008-07-23,3.5828820387362
2008-07-24,1.86232684078003
2008-07-25,2.03124871802669
2008-07-28,-1.01046698348259
2008-07-29,1.31696124115592
2008-07-30,4.20857248472575
2008-07-31,0.761581541606793
2008-08-01,-0.958280830355296
2008-08-04,-3.62517727879799
2008-08-05,2.47771931458978
2008-08-06,-1.27953420594786
2008-08-07,-1.68600462994419
2008-08-08,-1.77497642472857
2008-08-11,0.86874095509919
2008-08-12,1.70122342099428
2008-08-13,-2.9281976679048
2008-08-14,0.646751338638518
2008-08-18,2.46529551333903
2008-08-19,-0.611349520804261
2008-08-20,-0.429335751321336
2008-08-21,-2.63566791711356
2008-08-22,1.93581180398121
2008-08-25,0.904932526780478
2008-08-26,-1.83813606715657
2008-08-27,-2.53002176800652
2008-08-28,3.7742499603886
2008-08-29,0.818167212447696
2008-09-01,-1.21135066219082
2008-09-02,3.62917245181253
2008-09-03,-2.41782178962171
2008-09-04,-2.89768306627853
2008-09-05,-3.52910506900188
2008-09-08,3.92609080410713
2008-09-09,-2.19731647238341
2008-09-10,-1.96793737546854
2008-09-11,-1.8274313571824
2008-09-12,-0.467483320773132
2008-09-15,-3.98628401351191
2008-09-16,-3.64148623139831
2008-09-17,1.81459893726004
2008-09-18,-0.618632520271856
2008-09-19,6.58787455044418
2008-09-22,2.33320747629051
2008-09-23,-5.29691603486073
2008-09-24,-0.946254509008382
2008-09-25,4.20003517827086
2008-09-26,-0.225878426980186
2008-09-29,-7.87117476463424
2008-09-30,4.47406463675399
2008-10-01,0
2008-10-02,1.35026858382199
2008-10-03,1.15360847678745
2008-10-06,-8.14182820641012
2008-10-07,-3.77647711765445
2008-10-08,-3.16534603793337
2008-10-09,-1.84540461472
2008-10-10,-7.08545321397991
2008-10-13,0.430293262880932
2008-10-14,1.82944902332749
2008-10-15,-8.44920106483875
2008-10-16,-5.9452358980725
2008-10-17,-8.05702729719768
2008-10-20,-2.0844186561221
2008-10-21,1.80578665418145
2008-10-22,-6.59667145554947
2008-10-23,-1.58495056584314
2008-10-24,-6.03636138020072
2008-10-27,-0.567266968037883
2008-10-28,8.18857891408173
2008-10-29,9.97383689220328
2008-10-30,3.98448184810274
2008-10-31,0.974012014381787
2008-11-03,0.964616460600087
2008-11-04,7.53752427948249
2008-11-05,-2.61530874838845
2008-11-06,-6.21044969627031
2008-11-07,-0.324668389886984
2008-11-10,2.78948925017559
2008-11-12,-5.42092309969773
2008-11-13,-2.66966774712825
2008-11-14,3.00297855955409
2008-11-17,-2.01208473092507
2008-11-18,-3.76759323359703
2008-11-19,3.42282956746671
2008-11-20,-4.877382977164
2008-11-21,1.77279467351239
2008-11-24,9.81857919790148
2008-11-25,2.97515602598688
2008-11-26,-0.433011374486236
2008-11-27,1.96733181198452
2008-11-28,-2.7446484447732
2008-12-01,-3.17556138434698
2008-12-02,1.92001690051375
2008-12-03,-1.76080936644287
2008-12-04,6.09416935318765
2008-12-05,-1.99040793073868
2008-12-08,7.58514195352258
2008-12-09,3.10432482536771
2008-12-10,0.3614163832109
2008-12-11,0.193486032629586
2008-12-12,-3.91509763490485
2008-12-15,3.63803132235465
2008-12-16,5.00002235448709
2008-12-17,-6.67487227409023
2008-12-18,-0.286411156813804
2008-12-19,-1.13431608558066
2008-12-22,-1.43722614478374
2008-12-23,-0.318661890846128
2008-12-29,1.75588803562987
2008-12-30,1.42072724239446
2008-12-31,0
2009-01-05,2.91377039343899
2009-01-06,2.3520894377731
2009-01-07,-1.12833055484587
2009-01-08,-3.10324280073204
2009-01-09,-4.39059632132865
2009-01-12,-3.94573518614427
2009-01-13,-3.07781550291155
2009-01-14,-6.4873010893725
2009-01-15,-1.68396865293432
2009-01-16,3.37154272509665
2009-01-19,-2.99538420228678
2009-01-20,-2.7395111521368
2009-01-21,4.01071471097296
2009-01-22,-0.938024166864437
2009-01-23,-4.65244154457012
2009-01-26,5.2925395142152
2009-01-27,-4.65571760136272
2009-01-28,3.17592181207456
2009-01-29,-1.5777197245141
2009-01-30,-4.18992937998972
2009-02-02,-5.54528197754625
2009-02-03,-7.09548046571227
2009-02-04,-0.409664143737709
2009-02-05,0.823234285551822
2009-02-06,3.58795161321739
2009-02-09,5.71972735757371
2009-02-10,-0.929146974463091
2009-02-11,-2.42439262722636
2009-02-12,-4.54196028691061
2009-02-13,0.597605879522067
2009-02-16,-8.2222480435802
2009-02-17,-12.2184398855135
2009-02-18,-3.17486983145803
2009-02-19,5.78273487590741
2009-02-20,-4.77714750557534
2009-02-23,-3.40858926218726
2009-02-24,-2.14291354743463
2009-02-25,-0.21030501967787
2009-02-26,3.89414615457699
2009-02-27,-2.3739987303073
2009-03-02,-0.991601140776677
2009-03-03,2.07961187357952
2009-03-04,6.25074975605222
2009-03-05,-2.10830959390997
2009-03-06,3.35622120273742
2009-03-09,-1.49404511076896
2009-03-10,5.19757576068014
2009-03-11,0.918938994280927
2009-03-12,1.5911828036816
2009-03-13,0.669885429192707
2009-03-16,2.24701335376558
2009-03-17,-2.96007268192353
2009-03-18,-2.83436247676763
2009-03-19,2.46972562764673
2009-03-20,1.47504364508468
2009-03-23,4.39821475801589
2009-03-24,-0.64429438600162
2009-03-25,4.68351402853222
2009-03-26,-1.30942157610678
2009-03-27,-4.92561288668316
2009-03-30,-7.7271425896341
2009-03-31,0.655487212992112
2009-04-01,0.04482725572168
2009-04-02,7.72265893406154
2009-04-03,0.213131334009153
2009-04-06,4.59445781924566
2009-04-07,-0.373493728275953
2009-04-08,7.17482660624462
2009-04-09,1.7160617833341
2009-04-14,2.53528213769161
2009-04-15,0.625159585841839
2009-04-16,-0.438210588665155
2009-04-17,-6.18968846108339
2009-04-20,-5.29877809238117
2009-04-21,-0.0396454568667881
2009-04-22,2.36240274376827
2009-04-23,0.524211436325128
2009-04-24,1.82690834300394
2009-04-27,0.0378204613201483
2009-04-28,-2.18996819689217
2009-04-29,4.48621903215107
2009-04-30,3.33312275260056
2009-05-04,5.18395095639619
2009-05-05,0.353297403177644
2009-05-06,-0.561989754879022
2009-05-07,0.74058277930007
2009-05-08,-1.59933409229156
2009-05-11,-0.639074046062182
2009-05-12,2.58502893600236
2009-05-13,-2.122520731093
2009-05-14,-3.08575687925421
2009-05-15,-1.29941444625565
2009-05-18,0.812202763855607
2009-05-19,1.58485122088461
2009-05-20,-1.09763953848456
2009-05-21,-2.32014709459052
2009-05-22,-1.36688271733214
2009-05-25,-0.268258846404468
2009-05-26,0.347021747900689
2009-05-27,0.303967531356797
2009-05-28,-2.38831548370699
2009-05-29,-2.37538283473704
2009-06-01,7.50953556678411
2009-06-02,-0.188549499128765
2009-06-03,-2.63581150668153
2009-06-04,2.08340869028421
2009-06-05,-0.189953082246275
2009-06-08,-5.57930444646368
2009-06-09,-2.97805177553654
2009-06-10,4.35410888772552
2009-06-12,2.35167873664031
2009-06-15,0.719802815736426
2009-06-16,0.420092415643847
2009-06-17,-1.94404115668823
2009-06-18,0
2009-06-19,2.32113693634952
2009-06-22,-3.28620089808109
2009-06-23,0
2009-06-24,-1.17374126665784
2009-06-25,-1.82802544281349
2009-06-26,1.04324074768156
2009-06-29,4.26026295046458
2009-06-30,-3.28158580486524
2009-07-01,2.67050616063447
2009-07-02,-2.47698892559347
2009-07-03,-1.695185330823
2009-07-06,-0.0764985557222708
2009-07-07,-0.120330376057298
2009-07-08,0.475008400446875
2009-07-09,0.163274228064747
2009-07-10,0.0815372534506142
2009-07-13,-0.201245614682399
2009-07-14,7.67412185864913
2009-07-15,2.64718413072003
2009-07-16,1.41887848086384
2009-07-17,0.915669048403212
2009-07-20,5.77392530890379
2009-07-21,1.63481589383072
2009-07-22,-3.33364202675921
2009-07-23,1.19948331861761
2009-07-24,4.31529428093356
2009-07-27,1.64271190601819
2009-07-28,-4.76824299509118
2009-07-29,0.618669596362409
2009-07-30,7.22738890164032
2009-07-31,0.935243729828938
2009-08-03,-0.18139846662808
2009-08-04,-1.97531113148868
2009-08-05,-3.11189411845696
2009-08-06,1.25554448383323
2009-08-07,3.08613047402182
2009-08-10,0.236686501026595
2009-08-11,-4.9001708255386
2009-08-12,-1.53184025491258
2009-08-13,4.31952211267768
2009-08-14,-0.3097094179219
2009-08-17,-5.30974641644231
2009-08-18,2.16310902863497
2009-08-19,1.6180597456759
2009-08-20,3.39763356650393
2009-08-21,6.1620137175888
2009-08-24,2.818503697589
2009-08-25,0.304518525450126
2009-08-26,-3.08381729839846
2009-08-27,1.40896737879532
2009-08-28,0
2009-08-31,-0.561984309529739
2009-09-01,0.832160860460407
2009-09-02,-6.72351334819323
2009-09-03,-2.99191755327954
2009-09-04,-0.314826892667552
2009-09-07,1.08072506166144
2009-09-08,-0.765898168993884
2009-09-09,0.765898168993884
2009-09-10,-3.29092639790423
2009-09-11,-1.41709437019193
2009-09-14,-1.94076893877426
2009-09-15,0.771892716445155
2009-09-16,2.58597059252104
2009-09-17,2.20167873002466
2009-09-18,0.63718834166302
2009-09-21,1.67541866987255
2009-09-22,5.63067314844812
2009-09-23,2.82900455636161
2009-09-24,0.659766327421973
2009-09-25,-1.05081114408585
2009-09-28,-0.659025412458636
2009-09-29,-3.52598106448005
2009-09-30,1.00827794512108
2009-10-01,-0.421203833404116
2009-10-02,2.43497132027248
2009-10-05,-0.925299904163479
2009-10-06,4.10369155297676
2009-10-07,-2.98814835186452
2009-10-08,0.941982798279106
2009-10-09,0.126720827970717
2009-10-12,0.340963839568742
2009-10-13,-0.686945040419173
2009-10-14,4.05631809939551
2009-10-15,-0.910093389977451
2009-10-16,0.910093389977451
2009-10-19,4.56102757224328
2009-10-20,0.718135940866471
2009-10-21,0.315192528226271
2009-10-22,1.10579052903903
2009-10-23,1.39766358913991
2009-10-26,-2.67493572593209
2009-10-27,-1.58161879178706
2009-10-28,-1.81336770210185
2009-10-29,4.1069816837271
2009-10-30,-1.71525978731468
2009-11-02,0.575028483739448
2009-11-03,-4.09275298483038
2009-11-04,3.94842487740412
2009-11-05,3.24749994709541
2009-11-06,-1.34234811668366
2009-11-09,3.81127667507322
2009-11-10,0.136314541929128
2009-11-12,1.12659565781659
2009-11-13,0.403272624037276
2009-11-16,4.63534253217341
2009-11-17,-1.53616720133964
2009-11-18,-2.35591985549943
2009-11-19,-3.77278364926745
2009-11-20,1.66232902911969
2009-11-23,3.97347283695
2009-11-24,-1.36087089131065
2009-11-25,-2.34427880328512
2009-11-26,-1.52002926608095
2009-11-27,1.35779637669016
2009-11-30,1.47356545904223
2009-12-01,1.03294623363368
2009-12-02,0.0258489774937587
2009-12-03,0.23556376758771
2009-12-04,2.3633931186811
2009-12-07,0
2009-12-08,-2.73150357988432
2009-12-09,-3.86851423112371
2009-12-10,1.06362632263655
2009-12-11,0.676417579557231
2009-12-14,1.84014098039973
2009-12-15,-0.906015844307495
2009-12-16,-0.584451361576521
2009-12-17,-0.485253564137178
2009-12-18,2.1604768311982
2009-12-21,1.05016588624149
2009-12-22,0.495469870991538
2009-12-23,-0.524314638270029
2009-12-28,1.42582218810632
2009-12-29,-1.8949144247224
2009-12-30,-1.64300078783142
2009-12-31,1.32689188645321
2010-01-04,1.77398183998467
2010-01-05,-0.337000382525288
2010-01-06,0.492400569198681
2010-01-07,-0.492400569198681
2010-01-08,0.257621439177358
2010-01-11,0.645898902022113
2010-01-12,-0.773036418352868
2010-01-13,0.2604581722081
2010-01-14,0
2010-01-15,-0.314540601509217
2010-01-18,0.827118847653985
2010-01-19,2.78850456911264
2010-01-20,0.749135885861607
2010-01-21,0.367921357640899
2010-01-22,-1.74513812596886
2010-01-25,1.24919138962687
2010-01-26,-2.13019969384143
2010-01-27,0
2010-01-28,0.0747523862131061
2010-01-29,-0.45561008755266
2010-02-01,-0.640102593482217
2010-02-02,0
2010-02-03,0.992913737352819
2010-02-04,-5.45383034170079
2010-02-05,-6.1878204932694
2010-02-08,0.311150984335473
2010-02-09,1.63759307020674
2010-02-10,0.970516451372028
2010-02-11,-2.46509538764039
2010-02-12,3.01789214237584
2010-02-15,4.9710941937501
2010-02-16,-1.5338271097153
2010-02-17,1.63996545330751
2010-02-18,-3.00536527040736
2010-02-19,-0.43157891833876
2010-02-22,0.540837789935766
2010-02-23,-2.09661099684038
2010-02-24,-0.610109339218923
2010-02-25,-1.78720132954
2010-02-26,3.57308341839588
2010-03-01,1.18851408984972
2010-03-02,1.44490825316841
2010-03-03,-0.110659083708864
2010-03-04,0.794671800061053
2010-03-05,0
2010-03-08,0.785201137994296
2010-03-09,-0.391829894943063
2010-03-10,0
2010-03-11,-0.921367546036578
2010-03-12,0.818337819288439
2010-03-15,0.231667789188794
2010-03-16,2.25621264222888
2010-03-17,1.34519280054333
2010-03-18,0.127027420919612
2010-03-19,0.377032401639843
2010-03-22,-2.41645124472294
2010-03-23,1.40889385498997
2010-03-24,-1.27941538243173
2010-03-25,3.1377803309125
2010-03-26,-0.122414019448724
2010-03-29,-1.23245336185853
2010-03-30,0.956472689312493
2010-03-31,-0.0767966615838223
2010-04-01,4.76759301924257
2010-04-06,1.41970150855912
2010-04-07,0
2010-04-08,-1.66024842850279
2010-04-09,0.334262149668962
2010-04-12,1.09172979111385
2010-04-13,0.447789969520196
2010-04-14,2.15859310133424
2010-04-15,0.845522530446496
2010-04-16,-0.662328420337355
2010-04-19,-2.52932603644331
2010-04-20,1.83990196757509
2010-04-21,-2.81206534314511
2010-04-22,-2.89043448020094
2010-04-23,-0.0030016959584156
2010-04-26,2.0618062001573
2010-04-27,-1.69028132410349
2010-04-28,-1.94474059877776
2010-04-29,4.68221316968767
2010-04-30,1.20035571446602
2010-05-04,-4.84509560159849
2010-05-05,-1.38876348848105
2010-05-06,0.250611378109644
2010-05-07,-4.36737008206087
2010-05-10,7.42742248969903
2010-05-11,-1.38315616113958
2010-05-12,0.245832957478287
2010-05-13,-0.489262731026141
2010-05-14,-1.95679554295514
2010-05-17,2.44605827398128
2010-05-18,1.21130630929529
2010-05-19,-3.3081744100997
2010-05-20,-3.93528158119167
2010-05-21,1.03149150596282
2010-05-24,-0.542896352677769
2010-05-25,-3.38295242004425
2010-05-26,6.43134180496387
2010-05-27,0.0245564492608263
2010-05-28,2.47060869453057
2010-05-31,0.489860294362021
2010-06-01,-2.08955636560235
2010-06-02,-0.870912623290243
2010-06-04,-5.10316407024742
2010-06-07,-1.35273418397728
2010-06-08,0.532220086392154
2010-06-09,0.768822822567294
2010-06-10,2.62480586376257
2010-06-11,-1.55125479723326
2010-06-14,-0.262500951041256
2010-06-15,0.524314638270029
2010-06-16,0.12746568119506
2010-06-17,-2.89491349370405
2010-06-18,-1.479502565858
2010-06-21,2.27618944532906
2010-06-22,0.842001153181959
2010-06-23,-0.815987430796783
2010-06-24,-0.0260137223851764
2010-06-25,1.31814656905043
2010-06-28,-0.656901412276811
2010-06-29,-2.80112006017355
2010-06-30,-1.37494848167599
2010-07-01,-0.815116210455047
2010-07-02,1.50997139204061
2010-07-05,-0.0836638102446496
2010-07-06,2.903632013735
2010-07-07,-0.796686879471054
2010-07-08,-0.160758552361973
2010-07-09,0.0262639528758601
2010-07-12,1.06443033274544
2010-07-13,1.83751207924967
2010-07-14,1.51582782472763
2010-07-15,0.0282623374834312
2010-07-16,-1.23526615325655
2010-07-19,-0.36304616162659
2010-07-20,-1.30699826200376
2010-07-21,1.09940672744706
2010-07-22,1.55125479723326
2010-07-23,1.77835154886723
2010-07-26,3.0994656907116
2010-07-27,0
2010-07-28,-1.97402716434998
2010-07-29,-0.850598547906367
2010-07-30,-1.54454023754846
2010-08-02,4.5399039085789
2010-08-03,-0.0478970223196651
2010-08-04,0.218343963395196
2010-08-05,-0.464176920873483
2010-08-06,-0.342775006374207
2010-08-09,-0.343953995863844
2010-08-10,-2.38874845005537
2010-08-11,-1.16756467460508
2010-08-12,0.253350775928451
2010-08-13,-2.31638866481818
2010-08-16,1.55125479723326
2010-08-17,1.77835154886723
2010-08-18,1.27515516217698
2010-08-19,-2.28837284345929
2010-08-20,-0.818661159909739
2010-08-23,0.565310383981288
2010-08-24,-3.11073997792528
2010-08-25,-1.32689188645321
2010-08-26,0.561524115905909
2010-08-27,1.81306985958285
2010-08-30,-0.9153308491475
2010-08-31,0.141862288429007
2010-09-01,-0.116054171633051
2010-09-02,1.79655121256861
2010-09-03,0.0253421187367486
2010-09-06,0.914342530454704
2010-09-07,1.43030966176005
2010-09-08,2.28488736221255
2010-09-09,0.00907180332951896
2010-09-10,-0.224011718063499
2010-09-13,1.93289129358862
2010-09-14,-0.973781516447536
2010-09-15,0.245832957478287
2010-09-16,-0.83589397647641
2010-09-17,2.02353164660791
2010-09-20,0.983431062801765
2010-09-21,3.00735485981396
2010-09-22,0.623549438311422
2010-09-23,-0.0226065333844172
2010-09-24,4.63324453757914
2010-09-27,-2.06367131096066
2010-09-28,-2.20284878955672
2010-09-29,0.196911369147434
2010-09-30,0.806094826163184
2010-10-01,1.27143244255943
2010-10-04,0.863291054263993
2010-10-05,1.90554031241454
2010-10-06,-1.88098403065791
2010-10-07,0.641777418287015
2010-10-08,-1.31790881440792
2010-10-11,-0.217221032111414
2010-10-12,0.332513806144075
2010-10-13,2.32395181480705
2010-10-14,1.06647770080723
2010-10-15,-0.948606862868129
2010-10-18,1.62259744106734
2010-10-19,-1.30717349604179
2010-10-20,0.229260070559079
2010-10-21,3.97019426527208
2010-10-22,-0.634107766228498
2010-10-25,-1.54422180215845
2010-10-26,-1.3428675425188
2010-10-27,1.78651241537389
2010-10-28,-1.22610915123276
2010-10-29,0.785079717313852
2010-11-02,1.97846782790805
2010-11-03,-0.436861464685778
2010-11-04,2.39957569894163
2010-11-05,-1.09721742901261
2010-11-08,-0.106824030302377
2010-11-09,-1.06427529324389
2010-11-10,-1.0341353794733
2010-11-12,1.33973789777633
2010-11-15,-1.0750158309571
2010-11-16,-1.24140964168049
2010-11-17,-0.782458052542845
2010-11-18,-0.698032162129403
2010-11-19,-2.93785063453975
2010-11-22,-1.433746020136
2010-11-23,-0.0473122477968158
2010-11-24,2.82149517500123
2010-11-25,0.367379326732786
2010-11-26,-1.03535183320402
2010-11-29,-1.8699843677159
2010-11-30,1.40301919689065
2010-12-01,1.98112144791649
2010-12-02,1.35929598251461
2010-12-03,0.762144540179888
2010-12-06,1.08696722369035
2010-12-07,-1.73534460384777
2010-12-08,0.311534956402193
2010-12-09,-0.0870264694490697
2010-12-10,-0.023747641838856
2010-12-13,0
2010-12-14,0.110774111287926
2010-12-15,0.78246427837767
2010-12-16,-1.36407645033954
2010-12-17,0.89480741159238
2010-12-20,-3.14986670593709
2010-12-21,1.14595119897856
2010-12-22,-0.118032096969367
2010-12-23,-0.225721598498296
2010-12-27,-1.26428041323483
2010-12-28,-0.908624440056816
2010-12-29,2.49252695099638
2010-12-30,0.928873621071435
2010-12-31,-2.16194152094404
2011-01-03,0.111248298656985
2011-01-04,-2.07424586298326
2011-01-05,-1.92042128827192
2011-01-07,-3.54199803210311
2011-01-10,0.3473695385245
2011-01-11,0.3229328575582
2011-01-12,1.10057872462899
2011-01-13,0.684257647807929
2011-01-14,0.119763908352644
2011-01-17,0
2011-01-18,3.80252688595437
2011-01-19,0
2011-01-20,-0.608155536388288
2011-01-21,0.115862081926643
2011-01-24,-0.730515991136738
2011-01-25,-1.375822154891
2011-01-26,1.16731209171865
2011-01-27,-0.0946679731010036
2011-01-28,-1.57793093417249
2011-01-31,-1.05833135759839
2011-02-01,1.61428814383533
2011-02-02,1.25847625452664
2011-02-03,0.349553704425309
2011-02-04,-0.705911441157614
2011-02-07,0.236785402087492
2011-02-08,-0.02226179884528
2011-02-09,0.491387837915402
2011-02-10,-1.30174239952066
2011-02-11,0.500959585657634
2011-02-14,-1.21897925522241
2011-02-15,1.07650322156667
2011-02-16,-0.476391541294152
2011-02-17,-2.17230093759029
2011-02-18,2.41078039409488
2011-02-21,-1.19528951067411
2011-02-22,-1.45691887411208
2011-02-23,0.585317138877928
2011-02-24,-0.562298868023881
2011-02-25,0.708094408493443
2011-02-28,1.89867480906942
2011-03-01,-1.97297538688823
2011-03-02,1.03804700324615
2011-03-03,4.12372428520755
2011-03-04,0.319852815246424
2011-03-07,-0.319852815246424
2011-03-08,1.41528962621185
2011-03-09,-0.0883735311857148
2011-03-10,-0.572297597581128
2011-03-11,-3.208948609403
2011-03-14,-0.474132808448635
2011-03-15,0.943258847518758
2011-03-16,-0.825910897420457
2011-03-17,-0.212444872209216
2011-03-18,2.20847498046748
2011-03-21,-0.161623944564271
2011-03-22,-0.654639811759816
2011-03-23,-0.586755440566566
2011-03-24,1.40301919689065
2011-03-25,2.05086768176481
2011-03-28,0.705451446583494
2011-03-29,-1.82727104779912
2011-03-30,0.435659792581689
2011-03-31,0.253485560318767
2011-04-01,2.28187277428842
2011-04-04,0.425554913525428
2011-04-05,0.444631166162246
2011-04-06,1.9741733108511
2011-04-07,0
2011-04-08,-0.806663162609667
2011-04-11,-0.284135129423513
2011-04-12,0.875639785834004
2011-04-13,0.865496805243238
2011-04-14,-0.323365315063828
2011-04-15,0.216541284761451
2011-04-18,-3.58814250800239
2011-04-19,2.04173976776127
2011-04-20,0.787729965300255
2011-04-21,-1.20728926717648
2011-04-26,0.352341098724818
2011-04-27,0
2011-04-28,0.96258528801858
2011-04-29,-0.547074012095816
2011-05-02,-0.436202893305104
2011-05-04,-0.331649481342478
2011-05-05,0.442816618345176
2011-05-06,0.216807848709344
2011-05-09,-2.30290921454901
2011-05-10,-1.40014774227972
2011-05-11,-1.99974236650204
2011-05-12,0.536281893425139
2011-05-13,-0.348119691224813
2011-05-16,3.32247572931315
2011-05-17,-1.83247371758002
2011-05-18,-0.317230150167225
2011-05-19,0.454027242433419
2011-05-20,-0.937178647233816
2011-05-23,0
2011-05-24,-1.03895625592814
2011-05-25,0.117491167524619
2011-05-26,-0.235120539187239
2011-05-27,0.537775130753282
2011-05-30,0.851230470659514
2011-05-31,0.83333815591442
2011-06-01,0.510007647440602
2011-06-02,-0.432404250404517
2011-06-03,-0.455777083267561
2011-06-06,-1.10241592024467
2011-06-07,1.44578231801411
2011-06-08,0.0428380193967293
2011-06-09,-1.30132640771272
2011-06-10,-0.929048080549189
2011-06-13,1.08892021691886
2011-06-14,0.849256280395316
2011-06-15,-1.35685091539757
2011-06-16,-1.21286616361722
2011-06-17,0.401353041718133
2011-06-20,-2.12110260316365
2011-06-21,1.13685082964663
2011-06-22,-1.58904163232396
2011-06-24,-1.32332161626878
2011-06-27,-0.171296470354987
2011-06-28,0.194113845885369
2011-06-29,1.15683617371523
2011-06-30,0.593056532551106
2011-07-01,0.0728352554820066
2011-07-04,-1.02738219834397
2011-07-05,0.0480857632980225
2011-07-06,-0.0565738870033528
2011-07-07,1.4410968948674
2011-07-08,-2.15668377394143
2011-07-11,-1.218565720067
2011-07-12,1.218565720067
2011-07-13,0.508820154320766
2011-07-14,-0.748491576968746
2011-07-15,-0.564350133512592
2011-07-18,-2.51933268549895
2011-07-19,1.80142967573267
2011-07-20,1.76386590645974
2011-07-21,1.39183252721806
2011-07-22,0.212849461415709
2011-07-25,-0.16519904637593
2011-07-26,-1.19245355644626
2011-07-27,-1.09496389113
2011-07-28,-0.603918667516989
2011-07-29,0.775799081093931
2011-08-01,-0.295243360095565
2011-08-02,-2.47033776834806
2011-08-03,-4.47099311670613
2011-08-04,-3.5867468985201
2011-08-05,-0.405874544489793
2011-08-08,-2.06753300194626
2011-08-09,-3.24956330684785
2011-08-10,-5.1524395228542
2011-08-11,5.58379423900734
2011-08-12,2.64806261678969
2011-08-16,4.46396912837623
2011-08-17,-0.511799161026349
2011-08-18,-5.76307134756116
2011-08-19,0.445850014884108
2011-08-22,0.658473997097841
2011-08-23,0.879992544612707
2011-08-24,-0.524436614479384
2011-08-25,0.233058255139751
2011-08-26,1.66475427433466
2011-08-29,0.809304950365952
2011-08-30,1.73763012345169
2011-08-31,2.34559286478913
2011-09-01,-2.4871490626353
2011-09-02,-2.34735366561383
2011-09-05,-4.86677095338877
2011-09-06,-2.15113538982132
2011-09-07,3.63219616336341
2011-09-08,-0.300480995314567
2011-09-09,-7.44964310700729
2011-09-12,-5.58920520884807
2011-09-13,2.36784321048256
2011-09-14,1.45880160641858
2011-09-15,3.36705442439151
2011-09-16,1.58264539929314
2011-09-19,-2.2192164779284
2011-09-20,2.68569368668592
2011-09-21,0.312088470245486
2011-09-22,-8.60329849035666
2011-09-23,1.34552186415311
2011-09-26,0.671579245259091
2011-09-27,7.57838521518224
2011-09-28,-0.681070326647992
2011-09-29,3.26305962850464
2011-09-30,-1.27081891805538
2011-10-03,-2.92851220069408
2011-10-04,-2.40474178537107
2011-10-05,3.46518976013157
2011-10-06,1.96275479777035
2011-10-07,0.814682169582159
2011-10-10,2.52599708661716
2011-10-11,-0.97238044836967
2011-10-12,1.85117792799159
2011-10-13,-0.849379465779432
2011-10-14,3.49087354302933
2011-10-17,-0.909918615735483
2011-10-18,0.429041989120149
2011-10-19,0
2011-10-20,-4.21998077179602
2011-10-21,5.60569878509756
2011-10-24,1.20003927218826
2011-10-25,-2.8715806508075
2011-10-26,1.98069924840558
2011-10-27,3.30593412916658
2011-10-28,-1.63623978312071
2011-10-31,0
2011-11-02,-1.38946873688317
2011-11-03,0.499341969556477
2011-11-04,-3.3055922636744
2011-11-07,2.01963117994985
2011-11-08,-0.339025939994686
2011-11-09,-4.47576792009321
2011-11-10,-0.74263894408837
2011-11-14,-0.654781060757381
2011-11-15,-1.14363617546158
2011-11-16,1.53303310302113
2011-11-17,-1.44537294905978
2011-11-18,-1.55552654194131
2011-11-21,-1.33004510485435
2011-11-22,0.031213692659815
2011-11-23,-1.60092901525584
2011-11-24,-0.254022151835853
2011-11-25,0.380791659622126
2011-11-28,2.9269028782219
2011-11-29,-3.02196493977731
2011-11-30,5.59287000437791
2011-12-01,-1.25695063517846
2011-12-02,-0.334488021970847
2011-12-05,4.92284186347187
2011-12-06,-2.76012491556661
2011-12-07,1.74334263065545
2011-12-08,-3.23819862816923
2011-12-09,0.117593710528796
2011-12-12,-2.84385810602812
2011-12-13,1.17117063430223
2011-12-14,-0.922740446494208
2011-12-15,2.17144181971967
2011-12-16,-2.48553302625019
2011-12-19,-1.11938873076962
2011-12-20,2.20245042747544
2011-12-21,-0.459298151040644
2011-12-22,0.120169625283273
2011-12-23,0.922200674632778
2011-12-27,1.18292578518746
2011-12-28,-1.15233175078551
2011-12-29,0.335918066924901
2011-12-30,-2.28532429736883
2012-01-02,3.2259761987778
2012-01-03,0.38850608180625
2012-01-04,-0.903251444322128
2012-01-05,-2.67311513733031
2012-01-09,-3.57968221396039
2012-01-10,1.28081095897565
2012-01-11,-2.90615668846357
2012-01-12,2.13749698415806
2012-01-13,1.97374828383214
2012-01-16,0.687623784788016
2012-01-17,1.46068654821927
2012-01-18,1.28409945781027
2012-01-19,1.50813169953308
2012-01-20,-0.270392233240102
2012-01-23,2.55108298678048
2012-01-24,-1.20637424365908
2012-01-25,-0.148522231371429
2012-01-26,3.63888771712046
2012-01-27,-0.60056403354376
2012-01-30,0.60056403354376
2012-01-31,-0.274278596440514
2012-02-01,1.83537839865284
2012-02-02,1.50930995331668
2012-02-03,0.360716273414274
2012-02-06,-0.274272502787909
2012-02-07,-1.03293565394735
2012-02-08,0
2012-02-09,0.559668148256964
2012-02-10,-1.26368707636662
2012-02-13,0.647879451227418
2012-02-14,-1.63873640620564
2012-02-15,1.83508684562712
2012-02-16,-1.26587935109628
2012-02-17,1.26587935109628
2012-02-20,-0.703029032534941
2012-02-21,0.0282162621595194
2012-02-22,-1.4460974405694
2012-02-23,-1.72907574921699
2012-02-24,-1.16846192622497
2012-02-27,1.02274359012511
2012-02-28,-1.02274359012511
2012-02-29,0
2012-03-01,1.45926312634126
2012-03-02,-0.0290420951072345
2012-03-05,-3.51097620846494
2012-03-06,0.180342699915048
2012-03-07,0.479329857228006
2012-03-08,2.29789522587316
2012-03-09,0.0292032385222019
2012-03-12,-0.175347492648514
2012-03-13,1.3653962061976
2012-03-14,2.50428599561516
2012-03-15,0.249820571485726
2012-03-16,-2.40846198051976
2012-03-19,-1.85414420940089
2012-03-20,-0.587564935036822
2012-03-21,0
2012-03-22,-0.858148586067031
2012-03-23,-0.26451542998811
2012-03-26,1.18157610782901
2012-03-27,0.963831498351242
2012-03-28,0.145718336099865
2012-03-29,-2.14555587753482
2012-03-30,-0.191932286988461
2012-04-02,0.076155161537006
2012-04-03,-0.987884100469616
2012-04-04,-0.903251444322128
2012-04-05,-0.307417095979856
2012-04-10,1.3609767002706
2012-04-11,1.28011299032549
2012-04-12,0.355251845608562
2012-04-13,-0.58948648415269
2012-04-16,-0.509951765726413
2012-04-17,1.08958716543093
2012-04-18,-1.59547921153944
2012-04-19,-1.39101124021703
2012-04-20,-1.52737184415614
2012-04-23,-3.10529782938738
2012-04-24,1.86081274152299
2012-04-25,0.0313016262011523
2012-04-26,2.13308393848126
2012-04-27,2.26838830447167
2012-04-30,1.04934841297806
2012-05-02,-2.03922373307019
2012-05-04,-1.18664655849741
2012-05-07,-0.398698795340602
2012-05-08,-2.67485368266662
2012-05-09,2.37392673806971
2012-05-10,-0.157663865947555
2012-05-11,-0.46414963594974
2012-05-14,-2.5125196319733
2012-05-15,-0.890945639647178
2012-05-16,1.52852991904826
2012-05-17,-3.30555509752912
2012-05-18,1.08292579076252
2012-05-21,1.42943599893672
2012-05-22,2.07709609225213
2012-05-23,-4.78199967394679
2012-05-24,-0.360649559411197
2012-05-25,2.13749698415806
2012-05-28,0.768659704305508
2012-05-29,1.89271236431465
2012-05-30,-1.56357260760163
2012-05-31,1.57400757169746
2012-06-01,-1.2424259070015
2012-06-04,0.165379442679248
2012-06-05,-1.42700224375423
2012-06-06,4.65799930866306
2012-06-08,1.48331069239371
2012-06-11,-1.16723654273541
2012-06-12,3.03458654662241
2012-06-13,0.0888406356245763
2012-06-14,-0.61362029434191
2012-06-15,1.98876240958743
2012-06-18,0.272126641949688
2012-06-19,2.59622137040409
2012-06-20,0.236142487845115
2012-06-21,-1.00509711773147
2012-06-22,0.0285854946442843
2012-06-25,-1.91733991529222
2012-06-26,2.53785034327572
2012-06-27,2.62271308932305
2012-06-28,-2.62271308932305
2012-06-29,2.04614713734803
2012-07-02,-2.48897563261878
2012-07-03,-0.145929852684734
2012-07-04,-1.04676239010471
2012-07-05,1.34157485894697
2012-07-06,-0.654199036781922
2012-07-09,-0.835057883165735
2012-07-10,0.147682061000687
2012-07-11,-2.89016764360377
2012-07-12,0.894183938803783
2012-07-13,1.03212858884389
2012-07-16,0.213557757915561
2012-07-17,0.663640849368141
2012-07-18,-1.87987645228342
2012-07-19,0.303817551286123
2012-07-20,-3.09398644164229
2012-07-23,-2.22488426274605
2012-07-24,1.08800854305691
2012-07-25,-1.08800854305691
2012-07-26,1.27838765886166
2012-07-27,2.16369939312662
2012-07-30,1.41907206114738
2012-07-31,-0.456524316982732
2012-08-01,0.456524316982732
2012-08-02,-2.60599985226078
2012-08-03,2.30078637629116
2012-08-06,1.82714457881121
2012-08-07,1.4355080047133
2012-08-08,0.504562752314452
2012-08-09,2.34009301646125
2012-08-10,-0.579909522148148
2012-08-13,0
2012-08-14,1.671640208576
2012-08-16,1.72836321806118
2012-08-17,-1.72836321806118
2012-08-20,-0.515164734452833
2012-08-21,0.573260716762292
2012-08-22,-0.287752364346616
2012-08-23,-0.430108189939071
2012-08-24,0.690345611969923
2012-08-27,0.709903503884046
2012-08-28,-1.83221523030559
2012-08-29,0
2012-08-30,0
2012-08-31,2.85015101322146
2012-09-03,-1.41644570265944
2012-09-04,-0.798743401615853
2012-09-05,0.798743401615853
2012-09-06,2.72416123953154
2012-09-07,2.27859072988532
2012-09-10,0.808551907102073
2012-09-11,0.804919772430779
2012-09-12,-2.29424118967509
2012-09-13,1.46055685498641
2012-09-14,2.15723098352121
2012-09-17,-1.6178367796555
2012-09-18,-1.99995105885211
2012-09-19,0.271117431575263
2012-09-20,0.247154219120072
2012-09-21,-0.136586237650871
2012-09-24,-1.09357814986923
2012-09-25,0.0293962022223759
2012-09-26,-1.66561849576556
2012-09-27,0.420500746356289
2012-09-28,-0.97792247260351
2012-10-01,2.76824030621556
2012-10-02,-0.298612552825173
2012-10-03,-1.57506839148569
2012-10-04,-0.894559361904701
2012-10-05,2.76824030621556
2012-10-08,-0.272228488646808
2012-10-09,-1.74153980961185
2012-10-10,2.42218218023353
2012-10-11,0.950373681716021
2012-10-12,-2.18065370616878
2012-10-15,-0.523043109651455
2012-10-16,1.70090612649756
2012-10-17,0.462069086173633
2012-10-18,1.07566679600968
2012-10-19,-1.34858163601961
2012-10-22,-0.13673723855705
2012-10-23,-3.17665418819044
2012-10-24,0.55742172624722
2012-10-25,-0.278322464900338
2012-10-26,-0.700723135445402
2012-10-29,-0.141944665422633
2012-10-30,0.422221509086151
2012-10-31,0.390472967815603
2012-11-02,2.79351902490501
2012-11-05,0
2012-11-06,-0.710913866948903
2012-11-07,-2.61462522886702
2012-11-08,1.40059150212646
2012-11-09,-0.697843700410328
2012-11-12,-0.841477542284341
2012-11-13,0.391566765366091
2012-11-14,-0.618170080097302
2012-11-15,0.226603314731211
2012-11-16,-1.56645283473225
2012-11-19,1.42450816930961
2012-11-20,-0.284495213223135
2012-11-21,-1.19520905696344
2012-11-22,-1.93880147750756
2012-11-23,1.36048068269052
2012-11-26,0.633516895693997
2012-11-27,0.287752364346616
2012-11-28,0.283878641824709
2012-11-29,-0.283878641824709
2012-11-30,-0.573260716762292
2012-12-03,-0.403555528196753
2012-12-04,0.976816244959045
2012-12-05,0.143566271318063
2012-12-06,0.851043098907178
2012-12-07,0.142146434737755
2012-12-10,0.842667800868035
2012-12-11,0.782116885753403
2012-12-12,0.581121179967203
2012-12-13,-0.63763432077617
2012-12-14,-0.447281280044098
2012-12-17,0.945872608224851
2012-12-18,-0.859242081978273
2012-12-19,1.74051279869341
2012-12-20,1.47102170489823
2012-12-21,-1.63254653407265
2012-12-27,1.06418194764686
2012-12-28,0.299084097097779
2013-01-02,1.21325388453002
2013-01-03,0
2013-01-04,-1.75691518900183
2013-01-07,-1.56599795065548
2013-01-08,-1.47664701163013
2013-01-09,1.0879743865678
2013-01-10,0.0297229820283462
2013-01-11,-0.223138006691448
2013-01-14,1.29908465788571
2013-01-15,-0.770312965704179
2013-01-16,0.523043109651455
2013-01-17,0.523253589652706
2013-01-18,-0.579268567753211
2013-01-21,-1.41366098571081
2013-01-22,-1.32476195267066
2013-01-23,-1.54241562475361
2013-01-24,0.258215384318383
2013-01-25,-0.430730137063629
2013-01-28,0.289409068996704
2013-01-29,0.285508352415675
2013-01-30,-1.44198382653884
2013-01-31,0.666452149791041
2013-02-01,-0.374526476635362
2013-02-04,0.287983848992468
2013-02-05,-0.0278331866156112
2013-02-06,-0.117603380724463
2013-02-07,1.78011636698523
2013-02-08,1.15835498049242
2013-02-11,-0.648598741175022
2013-02-12,0.142146434737755
2013-02-13,-0.284495213223135
2013-02-14,0.565169619213979
2013-02-15,-0.395585664817721
2013-02-18,0
2013-02-19,-1.22379681941904
2013-02-20,-0.80264903892493
2013-02-21,-0.464224651462475
2013-02-22,0.405541922575914
2013-02-25,1.26177860186187
2013-02-26,-0.486246925114076
2013-02-27,0.513699759791653
2013-02-28,1.47437694903911
2013-03-01,-0.848063752744288
2013-03-04,-2.43592742033698
2013-03-05,1.72723309991518
2013-03-06,-0.861426825603751
2013-03-07,-0.401049434656731
2013-03-08,-1.19411830004479
2013-03-11,1.68441361300351
2013-03-12,-0.2340551097753
2013-03-13,1.11911149425099
2013-03-14,1.16098850246185
2013-03-15,-1.38686692944203
2013-03-18,-0.545428041302953
2013-03-19,-1.21487143109431
2013-03-20,0.20195436482946
2013-03-21,-0.785246462931211
2013-03-22,-1.32577401236889
2013-03-25,0.974786500681635
2013-03-26,1.30989896895715
2013-03-27,0.55001220136579
2013-03-28,-0.491158605725861
2013-04-02,0.290661923869528
2013-04-03,-0.579065516389266
2013-04-04,-0.40766211212957
2013-04-05,1.38731980726559
2013-04-08,-0.40059217874675
2013-04-09,0.431340595445562
2013-04-10,-0.431340595445562
2013-04-11,0.946505329898395
2013-04-12,-1.20620558406737
2013-04-15,-0.758214999353202
2013-04-17,-0.290511723257181
2013-04-18,-2.63723683328041
2013-04-19,1.87415002344085
2013-04-22,-1.45107246929337
2013-04-23,-0.754454033690255
2013-04-24,-0.601204215662809
2013-04-25,-0.578750477452683
2013-04-26,-0.274285886246295
2013-04-29,0.241672227356959
2013-04-30,0.306149275077416
2013-05-02,-0.306149275077416
2013-05-06,2.11403893555389
2013-05-07,1.48042836287483
2013-05-08,-0.590177029812056
2013-05-09,-2.39292613227464
2013-05-10,0.539956369511074
2013-05-13,1.40883477725571
2013-05-14,2.0580354427953
2013-05-15,1.73224654748112
2013-05-16,-1.29403783729978
2013-05-17,-1.3141449871044
2013-05-20,-1.03277664920665
2013-05-21,0
2013-05-22,-0.298868338958158
2013-05-23,0.298868338958158
2013-05-24,0
2013-05-27,2.25695032798483
2013-05-28,-0.173967114394102
2013-05-29,0.697147628242245
2013-05-31,0.455932523269187
2013-06-03,-2.05571765349521
2013-06-04,2.00037730897278
2013-06-05,-1.53398629218602
2013-06-06,0.641247333508677
2013-06-07,4.03502436952534
2013-06-10,2.36781094734861
2013-06-11,-0.982722658238577
2013-06-12,0.0528913975658796
2013-06-13,2.38604144318844
2013-06-14,-1.21493450261387
2013-06-17,-2.05333976989244
2013-06-18,-0.27600142166464
2013-06-19,0.0534791147097646
2013-06-20,-5.53551662846452
2013-06-21,-0.0565237885986392
2013-06-24,1.57071292053579
2013-06-25,1.43370531056202
2013-06-26,0.852877163138288
2013-06-27,-1.280528485393
2013-06-28,1.84409702491415
2013-07-01,-2.73580701077596
2013-07-02,0.462221949529518
2013-07-03,-2.62271308932305
2013-07-04,2.85302534086176
2013-07-05,-1.0948620525062
2013-07-08,0.346717370518901
2013-07-09,-1.22193514177633
2013-07-10,2.31302828898721
2013-07-11,0.709708892617789
2013-07-12,1.96853792446987
2013-07-15,0.691018067697824
2013-07-16,0.554099681711451
2013-07-17,0
2013-07-18,0.545200084202779
2013-07-19,0.518981863444079
2013-07-22,0.542336852282332
2013-07-23,0
2013-07-24,-2.29666487669258
2013-07-25,1.69905931527303
2013-07-26,-1.5630129202211
2013-07-29,0.277433623436352
2013-07-30,0.79555381500076
2013-07-31,1.65293019512105
2013-08-01,2.57512774395678
2013-08-02,2.15175361352462
2013-08-05,-0.773842071635089
2013-08-06,-3.68592439693871
2013-08-07,1.30799043653331
2013-08-08,1.83460501942267
2013-08-09,1.31717101261781
2013-08-12,0
2013-08-13,0
2013-08-14,1.14558163063689
2013-08-16,-1.14558163063689
2013-08-19,0.202795355881102
2013-08-20,-1.39218502385297
2013-08-21,-1.62040906477374
2013-08-22,1.02176327521426
2013-08-23,0.936755470637651
2013-08-26,-1.1688227904008
2013-08-27,-0.578312158923611
2013-08-28,0.261496866242927
2013-08-29,-0.393911766769373
2013-08-30,0.942794379213208
2013-09-02,0.0530481773639568
2013-09-03,-1.58396311963038
2013-09-04,-1.90961871523414
2013-09-05,-5.21212349935838
2013-09-06,0.240278717119491
2013-09-09,1.77049066494641
2013-09-10,2.8886910173493
2013-09-11,0.53786891188623
2013-09-12,2.0721693576033
2013-09-13,-0.056513140808967
2013-09-16,0.389292150076415
2013-09-17,0.303609813789008
2013-09-18,0.958174800555378
2013-09-19,0.924292610817812
2013-09-20,-2.46237501293378
2013-09-23,-0.415883360091307
2013-09-24,0.497724508177733
2013-09-25,1.15553101768269
2013-09-26,2.38073680475623
2013-09-27,-0.376473600480631
2013-09-30,-0.509673926233001
2013-10-01,0.268861616005545
2013-10-02,0.641789375348312
2013-10-03,0.694484913801974
2013-10-04,-0.667265882087031
2013-10-07,-0.480140599404955
2013-10-08,0.480140599404955
2013-10-09,0.133266266646581
2013-10-10,2.63134255836959
2013-10-11,1.31759062700931
2013-10-14,-0.463515422724115
2013-10-15,-0.463036870449418
2013-10-16,0.129129186640897
2013-10-17,-1.56334053344351
2013-10-18,2.07819627685151
2013-10-21,1.45399411687057
2013-10-22,-0.814129830548049
2013-10-23,-0.127645735338699
2013-10-24,1.54933587366735
2013-10-25,1.10013233859649
2013-10-28,2.09502764206371
2013-10-29,0.730662453834485
2013-10-30,-1.34156836704085
2013-10-31,0.244810394305839
2013-11-04,0.196911789843801
2013-11-05,-0.564352494205567
2013-11-06,1.05122530433439
2013-11-07,-0.806114881982811
2013-11-08,-0.860527895775975
2013-11-12,-0.247231388070857
2013-11-13,-2.12909785952817
2013-11-14,2.40152260676285
2013-11-15,2.02974179313249
2013-11-18,1.70584525797266
2013-11-19,-1.19864239789522
2013-11-20,-1.21318431568707
2013-11-21,0.196192927968264
2013-11-22,1.0169913877188
2013-11-25,0.958114578730163
2013-11-26,-1.44063644058274
2013-11-27,1.44063644058274
2013-11-28,-0.958114578730163
2013-11-29,-0.845947357966459
2013-12-02,-1.83972994426309
2013-12-03,-1.49706058144949
2013-12-04,-0.933924999547875
2013-12-05,-1.17261460887002
2013-12-06,1.85526386788837
2013-12-09,0
2013-12-10,-0.504453635764213
2013-12-11,1.63025530222201
2013-12-12,-0.373860733784692
2013-12-13,-1.86719412772058
2013-12-16,0.61079955928327
2013-12-17,-2.20178978574705
2013-12-18,1.46370260423292
2013-12-19,0.228482508848815
2013-12-20,2.26417025917729
2013-12-23,-1.35028533612314
2013-12-27,-0.404280250388833
2013-12-30,-0.204047440780908
2014-01-02,0.330399619115385
2014-01-03,-1.55565329646423
2014-01-07,-1.52706935389784
2014-01-08,0.130140915808896
2014-01-09,-1.07272543020973
2014-01-10,0.838881786234547
2014-01-13,0.884656809119333
2014-01-14,2.55399498613529
2014-01-15,2.85827854831426
2014-01-16,-0.0724701092529312
2014-01-17,-1.50874973267756
2014-01-20,2.0472701066673
2014-01-21,0.969968509433095
2014-01-22,1.22370592115804
2014-01-23,0.240527819165059
2014-01-24,-3.6373935516814
2014-01-27,-0.993925811078666
2014-01-28,1.36317554927099
2014-01-29,-1.23871054215692
2014-01-30,0.622534655521223
2014-01-31,0.984067185631776
2014-02-03,-0.490823112417793
2014-02-04,-0.123083121754419
2014-02-05,1.10233203508292
2014-02-06,2.33900057063452
2014-02-07,0.0728261429477683
2014-02-10,-0.884778180647139
2014-02-11,1.71367576254267
2014-02-12,2.07921561998972
2014-02-13,0.138972333900345
2014-02-14,-0.0235410439186179
2014-02-17,-0.230995977788151
2014-02-18,-0.651067086686608
2014-02-19,0.211173276088772
2014-02-20,-0.911943651125391
2014-02-21,1.25976185879257
2014-02-24,1.35833085615804
2014-02-25,0.137383449441364
2014-02-26,0.455042226460822
2014-02-27,-0.662354118648256
2014-02-28,1.00228206682655
2014-03-03,-4.75362758849593
2014-03-04,2.11512490059023
2014-03-05,-0.58478308660157
2014-03-06,0.58478308660157
2014-03-07,-1.17060784343836
2014-03-10,-1.18204686004262
2014-03-11,-0.958251770198171
2014-03-12,-0.505981970124925
2014-03-13,-2.42008595980168
2014-03-14,-0.49822437123126
2014-03-17,1.48229155686304
2014-03-18,-0.737141037188405
2014-03-19,0.441934178150527
2014-03-20,0.8084884962269
2014-03-21,0.0968787724970888
2014-03-24,-0.707632394209945
2014-03-25,0.707632394209945
2014-03-26,1.09144970691166
2014-03-27,0.120267548398489
2014-03-28,0.815952149997035
2014-03-31,1.3964952728394
2014-04-01,-0.77798911103879
2014-04-02,1.4117881545785
2014-04-03,-0.821118983039471
2014-04-04,0.235294226202676
2014-04-07,-0.707550121620004
2014-04-08,1.52912575859836
2014-04-09,0.0927191745473177
2014-04-10,-0.349929538074534
2014-04-11,-0.56436527345114
2014-04-14,-0.471143392131967
2014-04-15,-2.12590037809086
2014-04-16,-0.0246153847396791
2014-04-17,1.43961229491989
2014-04-22,1.18204686004262
2014-04-23,0.117439825594134
2014-04-24,-1.11038655170721
2014-04-25,-1.99125953159434
2014-04-28,-0.121141713518202
2014-04-29,1.44410388182372
2014-04-30,-0.719445168535948
2014-05-02,-0.724658713287774
2014-05-05,-1.12444589900647
2014-05-06,-1.08411007321658
2014-05-07,0.0480398487134437
2014-05-08,0.446423683011199
2014-05-09,-0.123386858587571
2014-05-12,0.123386858587571
2014-05-13,-0.54505673813634
2014-05-14,-0.0734056454056997
2014-05-15,-0.874878418562997
2014-05-16,-2.79490329163155
2014-05-19,0.513533761462659
2014-05-20,0.484906315391243
2014-05-21,2.04648247913339
2014-05-22,3.19955082968288
2014-05-23,-0.608927845059082
2014-05-26,0.608927845059082
2014-05-27,0.386695227002676
2014-05-28,-0.411376225227533
2014-05-29,0.507202860077438
2014-05-30,-2.19243322901557
2014-06-02,-0.518474935738755
2014-06-03,-2.22755909521846
2014-06-04,2.35112953978227
2014-06-05,-0.545869437331126
2014-06-06,1.43159704092386
2014-06-09,-1.25689797252826
2014-06-10,0.889006673532178
2014-06-11,-0.369249738192323
2014-06-12,0.221211221148865
2014-06-13,-1.21513703222753
2014-06-16,0
2014-06-17,-0.198448099727955
2014-06-18,-1.05479728599684
2014-06-20,-1.32129697592585
2014-06-23,1.32129697592585
2014-06-24,-0.505729223202822
2014-06-25,-1.66414023242774
2014-06-26,-1.43048796900618
2014-06-27,-1.26463310615952
2014-06-30,-0.0513520464263451
2014-07-01,1.18516322526312
2014-07-02,-1.42605871467154
2014-07-03,1.03256292486322
2014-07-04,-1.00546705952649
2014-07-07,2.54647723409573
2014-07-08,-1.67252027819944
2014-07-09,-1.59448973046254
2014-07-10,0.880249109055686
2014-07-11,1.37006844216812
2014-07-14,0.781357790343273
2014-07-15,-0.0768018682065996
2014-07-16,-0.129902856246655
2014-07-17,0.984631461813601
2014-07-18,-0.128796558697442
2014-07-21,-1.19597128546522
2014-07-22,0.417038044828155
2014-07-23,-0.940124372320339
2014-07-24,-0.104410691501267
2014-07-25,0.654111875563457
2014-07-28,-2.35057872085864
2014-07-29,0.106196146074788
2014-07-30,-1.96785331019962
2014-07-31,-3.09789841985078
2014-08-01,1.94775453701457
2014-08-04,0.274779368179878
2014-08-05,2.11939837747726
2014-08-06,0.268287502141273
2014-08-07,-1.78470264456911
2014-08-08,0.463715826712985
2014-08-11,0.83864874002475
2014-08-12,-0.35225839325852
2014-08-13,2.08977487131383
2014-08-14,2.07079928523797
2014-08-18,1.95101313703669
2014-08-19,0.256420358845633
2014-08-20,-0.792098777296868
2014-08-21,-0.61461400991405
2014-08-22,-0.128630886519376
2014-08-25,0.513533761462659
2014-08-26,0.765389553422002
2014-08-27,-0.381962502037814
2014-08-28,-1.67488755020719
2014-08-29,-0.650706783210486
2014-09-01,0.650706783210486
2014-09-02,0.261742188110281
2014-09-03,1.84696298210039
2014-09-04,1.73962118118416
2014-09-05,0.622168925471378
2014-09-08,0.32351854326258
2014-09-09,-0.971164526781143
2014-09-10,-0.25001926435575
2014-09-11,-1.33719334589015
2014-09-12,-0.152855710682376
2014-09-15,1.2394031287847
2014-09-16,1.6256390509279
2014-09-17,0.125897032869693
2014-09-18,-1.3681490327254
2014-09-19,1.8951925415867
2014-09-22,-1.33553704877096
2014-09-23,-2.80404223321105
2014-09-24,-0.601859725980836
2014-09-25,0.104931803961783
2014-09-26,1.87018437770208
2014-09-29,1.83584962251255
2014-09-30,0.201918291723047
2014-10-01,-1.29427006548379
2014-10-02,-1.67421811430732
2014-10-03,0.129785871559962
2014-10-06,-1.1741817876683
2014-10-07,-0.0262501642142698
2014-10-08,-1.53442163967168
2014-10-09,-2.56528175078463
2014-10-10,-0.851536528526564
2014-10-13,-0.692044284457394
2014-10-14,0.415801014866357
2014-10-15,-0.443582651383423
2014-10-16,0.71982592097446
2014-10-17,0.933559773043147
2014-10-20,-1.54230542711136
2014-10-21,2.65659878842226
2014-10-22,-0.406229400887881
2014-10-23,-0.680737822802513
2014-10-24,0
2014-10-27,1.08696722369039
2014-10-28,1.28895447259971
2014-10-29,-1.0190487756832
2014-10-30,0.591240636575341
2014-10-31,0.347733398408545
2014-11-03,0.585731174072146
2014-11-04,-0.772821967653314
2014-11-05,0.64000218454674
2014-11-06,-1.36493488003779
2014-11-07,-2.12426288393956
2014-11-10,-0.0826104962305507
2014-11-12,-0.552487593196993
2014-11-13,0.552487593196993
2014-11-14,2.98529631496813
2014-11-17,-0.428725201162017
2014-11-18,1.09495018370365
2014-11-19,-0.80000426670761
2014-11-20,-1.91923717728968
2014-11-21,0.707101124055187
2014-11-24,0.48661896511728
2014-11-25,-1.05735023304638
2014-11-26,1.11127312461989
2014-11-27,0.751883241402718
2014-11-28,0.453757618272688
2014-12-01,0.265957603575906
2014-12-02,1.31928034845634
2014-12-03,-0.131147559781075
2014-12-04,-1.26784582597712
2014-12-05,0.212427058108089
2014-12-08,-0.265604405811626
2014-12-09,0.0797554209497342
2014-12-10,-1.8235957211135
2014-12-11,-0.27100287588655
2014-12-12,-1.20121564480034
2014-12-15,-0.993659845638417
2014-12-16,-1.84775693735859
2014-12-17,0.844124314469674
2014-12-18,0.307735590458558
2014-12-19,-1.34985176708953
2014-12-22,0.226244440396961
2014-12-23,-0.056513140808967
2014-12-29,-0.510060612758778
2014-12-30,1.57838677012618
2015-01-02,-0.0839278269994637
2015-01-05,-1.86446078832319
2015-01-07,0.370001845196466
2015-01-08,3.84555603586683
2015-01-09,-1.18246943579461
2015-01-12,0.0829531362375402
2015-01-13,1.97050710793327
2015-01-14,-1.47422817372034
2015-01-15,-6.74029056012535
2015-01-16,-2.95588022415445
2015-01-19,0.332779009267448
2015-01-20,-2.91119072483892
2015-01-21,3.09224086481956
2015-01-22,0.541191940267183
2015-01-23,-1.05502108951527
2015-01-26,-1.83491386681967
2015-01-27,0.123380644892856
2015-01-28,5.01983671833424
2015-01-29,0.555475774133951
2015-01-30,0.116550129743542
2015-02-02,-0.0291247999729016
2015-02-03,-2.00065513788639
2015-02-04,0.769690004681056
2015-02-05,-0.472953881900828
2015-02-06,-1.01251609498738
2015-02-09,-0.329785938226701
2015-02-10,-0.904983551991778
2015-02-11,-1.83491386681967
2015-02-12,0.40043176869764
2015-02-13,0.674022159600085
2015-02-16,1.66544349051372
2015-02-17,-0.723330459352001
2015-02-18,-1.24792366704378
2015-02-19,-0.0306325626533877
2015-02-20,-0.738010729762273
2015-02-23,1.25749241747268
2015-02-24,1.57245453466377
2015-02-25,-1.48106077354204
2015-02-26,-0.733499621156586
2015-02-27,0
2015-03-02,-0.184218658176993
2015-03-03,-1.05036492405293
2015-03-04,3.38911996552258
2015-03-05,3.07443664627698
2015-03-06,-1.05356549603335
2015-03-09,0.0294160908136831
2015-03-10,-0.530818114572718
2015-03-11,1.11733005981254
2015-03-12,0.873367996875452
2015-03-13,-0.727275932908
2015-03-16,1.56434244556163
2015-03-17,0.172314804268225
2015-03-18,-0.143575042610422
2015-03-19,2.13227694688212
2015-03-20,0.561011289076685
2015-03-23,-0.89913502626362
2015-03-24,-1.65057816708476
2015-03-25,-2.32231046110116
2015-03-26,-1.41972216035775
2015-03-27,0.148831698852581
2015-03-30,-0.208426456277877
2015-03-31,1.33236611984708
2015-04-01,-0.383085778648118
2015-04-02,0.353669687834435
2015-04-07,0.586683994318493
2015-04-08,-0.0292525963764945
2015-04-09,0.0584966381115049
2015-04-10,-0.615928036053504
2015-04-13,0.849573002155424
2015-04-14,-0.438533081096315
2015-04-15,3.79464900595208
2015-04-16,1.90002921814125
2015-04-17,-0.360460670343921
2015-04-20,1.4341117270658
2015-04-21,-0.659343047983185
2015-04-22,-0.0827243946252221
2015-04-23,-0.664270363989994
2015-04-24,-0.222407653535672
2015-04-27,-0.502233198541058
2015-04-28,1.2508849691709
2015-04-29,-0.221239028294118
2015-04-30,-0.0553863209949323
2015-05-04,1.34821136922803
2015-05-05,-0.328497421052631
2015-05-06,2.11619400049794
2015-05-07,0.0536768665598597
2015-05-08,1.1471380962798
2015-05-11,-1.20081496283966
2015-05-12,0.935210557028032
2015-05-13,-5.29744379608545
2015-05-14,-0.449691595362411
2015-05-15,-0.848661387731875
2015-05-18,0.566573753567745
2015-05-19,-0.993620665912953
2015-05-20,0.540618758737965
2015-05-21,1.43684680720377
2015-05-22,-0.280112227971152
2015-05-25,-4.73886222441435
2015-05-26,-2.80364322232836
2015-05-27,-0.181653092639777
2015-05-28,-0.516482995297896
2015-05-29,-0.457946152169919
2015-06-01,1.27700123912153
2015-06-02,-0.302572091653719
2015-06-03,-1.066270574404
2015-06-05,-0.830390747295118
2015-06-08,0.339140143152017
2015-06-09,-0.0923787594564018
2015-06-10,3.1835339662774
2015-06-11,-1.0198048790258
2015-06-12,-1.30482810159722
2015-06-15,-1.04391491447053
2015-06-16,-1.55524130074847
2015-06-17,-2.50766988812532
2015-06-18,-0.354210642439945
2015-06-19,-0.129115576361993
2015-06-22,2.73989741881144
2015-06-23,-0.662149668211454
2015-06-24,1.22623765722003
2015-06-25,0.747201483870086
2015-06-26,-2.32203718068402
2015-06-29,-2.40975515790605
2015-06-30,1.1960705057664
2015-07-01,-1.2285961199741
2015-07-02,-1.60685536335992
2015-07-03,-0.829880281469508
2015-07-06,0.664454271866832
2015-07-07,-1.905456279535
2015-07-08,0.907111881116673
2015-07-09,1.4938037108867
2015-07-10,2.18356402428852
2015-07-13,-0.581960905326406
2015-07-14,-0.683262785044469
2015-07-15,1.23298122676738
2015-07-16,0.994713801024449
2015-07-17,-1.35006872189027
2015-07-20,-3.2897703507059
2015-07-21,0.467134649929335
2015-07-22,-4.18072777994967
2015-07-23,2.23108619380472
2015-07-24,-2.7182131139206
2015-07-27,-0.700037860533209
2015-07-28,1.84449286965278
2015-07-29,-0.103501820521501
2015-07-30,-0.276529730311514
2015-07-31,1.13578918444093
2015-08-03,1.62936394861006
2015-08-04,-1.66359294090044
2015-08-05,1.96616503255416
2015-08-06,-7.59947407831278
2015-08-07,-2.23411599377341
2015-08-10,4.34851119397388
2015-08-11,-0.39083368279158
2015-08-12,-0.392367187881693
2015-08-13,2.71477980060242
2015-08-14,-2.82205676422511
2015-08-17,-0.179051077378833
2015-08-18,-0.68333299524328
2015-08-19,3.33600842858615
2015-08-20,0.348432408261079
2015-08-21,-0.45319931150547
2015-08-24,-5.08888008263533
2015-08-25,1.74931574475172
2015-08-26,1.64819209367746
2015-08-27,2.49179412678653
2015-08-28,2.29580067781634
2015-08-31,0.742494129973714
2015-09-01,-3.21175538901088
2015-09-02,-0.173761989854082
2015-09-03,3.95551053984975
2015-09-04,-1.68581200759532
2015-09-07,-0.819396868627376
2015-09-08,-0.412230058170948
2015-09-09,-1.38650401371718
2015-09-10,3.05918339424851
2015-09-11,1.74501072215949
2015-09-14,-1.74501072215949
2015-09-15,0.54017687054202
2015-09-16,1.17156151725628
2015-09-17,1.48640226321493
2015-09-18,-1.12101404736107
2015-09-21,-0.66533844907366
2015-09-22,-2.2958469555908
2015-09-23,-0.342114599847099
2015-09-24,-1.31081559527395
2015-09-25,0.864309615602021
2015-09-28,-1.70113458265369
2015-09-29,0.279720462106114
2015-09-30,2.72102201529365
2015-10-01,-0.579316665340279
2015-10-02,-0.617074292665976
2015-10-05,2.78078277313218
2015-10-06,0.467134649929335
2015-10-07,1.84701820624014
2015-10-08,2.26180885877723
2015-10-09,0
2015-10-12,-0.641027836091901
2015-10-13,-0.386598419646589
2015-10-14,0.225697339076536
2015-10-15,-1.00340702690382
2015-10-16,-1.90481949706944
2015-10-19,-0.865806274311476
2015-10-20,0.832644277655392
2015-10-21,2.13297668063346
2015-10-22,-1.63669774642057
2015-10-23,-0.66225407604934
2015-10-26,-2.11523750052267
2015-10-27,1.44856836470373
2015-10-28,-0.873367996875452
2015-10-29,-2.01063171299656
2015-10-30,-1.42141412054757
2015-11-02,1.21466008411195
2015-11-03,-1.63453473874688
2015-11-04,-0.280899061105533
2015-11-05,-0.634922767865875
2015-11-06,0.317965291737998
2015-11-09,-2.68112574506567
2015-11-10,0.180995524523908
2015-11-12,0.935931957988734
2015-11-13,-1.77123734140627
2015-11-16,-0.805570083221685
2015-11-17,1.35112517337541
2015-11-18,2.18842814348288
2015-11-19,-1.32168382246607
2015-11-20,0.251391764644948
2015-11-23,-1.19070502933996
2015-11-24,-3.28382208483609
2015-11-25,1.00765920729446
2015-11-26,0.259595918082178
2015-11-27,-1.60541062326072
2015-11-30,1.42005375832843
2015-12-01,0.923367594694513
2015-12-02,-3.70759559666363
2015-12-03,-2.66785588587259
2015-12-04,1.16869269419073
2015-12-07,1.46100253485546
2015-12-08,-0.99732318787531
2015-12-09,-3.25200057188044
2015-12-10,2.594485149478
2015-12-11,-1.36747589029653
2015-12-14,-0.118087004472134
2015-12-15,1.67939897019096
2015-12-16,1.76588081979134
2015-12-17,2.70286723879192
2015-12-18,1.14160694812844
2015-12-21,0.474886737207081
2015-12-22,0
2015-12-23,-1.0256500167189
2015-12-28,0.843268058449143
2015-12-29,0.908601562448252
2015-12-30,-1.12789989594928
2016-01-04,-3.00858346223145
2016-01-05,-1.32854487756076
2016-01-07,-1.8511905420262
2016-01-08,-2.52279835909186
2016-01-11,-4.69953685934086
2016-01-12,3.69651942334714
2016-01-13,0.683145112074524
2016-01-14,0.120072057651877
2016-01-15,-4.24900516209519
2016-01-18,-5.71093136018028
2016-01-19,-0.531680472680485
2016-01-20,1.36776895152884
2016-01-21,1.21952730938184
2016-01-22,3.36273438099703
2016-01-25,-2.15790052937956
2016-01-26,-1.20483385161747
2016-01-27,1.71678036223657
2016-01-28,3.10037400510002
2016-01-29,1.67727392875854
2016-02-01,0.767835657657878
2016-02-02,-6.14300991052517
2016-02-03,0.0427990590740279
2016-02-04,3.73757549651379
2016-02-05,-0.413053044929024
2016-02-08,-1.5012792389185
2016-02-09,-0.421053253634351
2016-02-10,0.0843525988439175
2016-02-11,1.13185027220783
2016-02-12,2.67340618137157
2016-02-15,1.73007735048833
2016-02-16,-1.16350359692059
2016-02-17,3.52861186820528
2016-02-18,-0.351219873235253
2016-02-19,-1.8544622981203
2016-02-22,0.753822256398085
2016-02-23,-1.31292914417926
2016-02-24,-2.678731596365
2016-02-25,2.0359009375678
2016-02-26,0.201328837885528
2016-02-29,-1.7448200812916
2016-03-01,1.70458672729885
2016-03-02,1.12045990128631
2016-03-03,1.81392986161968
2016-03-04,0.778516972155607
2016-03-07,0.810971812822858
2016-03-08,-1.2773543138433
2016-03-09,1.5845742175403
2016-03-10,1.21952730938184
2016-03-11,3.46209897877059
2016-03-14,-0.366569325430799
2016-03-15,-0.257400399517316
2016-03-16,-0.702016553885665
2016-03-17,0.849183615031279
2016-03-18,0.769093701274315
2016-03-21,-1.06364472424998
2016-03-22,-0.0368799561620836
2016-03-23,-2.91936900023559
2016-03-24,-0.304298447058526
2016-03-29,0.304298447058526
2016-03-30,3.91038463520847
2016-03-31,1.52232008362887
2016-04-01,-1.37633465624232
2016-04-04,0.109349382137136
2016-04-05,-3.71100096512311
2016-04-06,-0.34084486700019
2016-04-07,-0.342010593685815
2016-04-08,2.33268665833251
2016-04-11,-2.21855310970547
2016-04-12,-1.72583382292806
2016-04-13,1.61170027430102
2016-04-14,0.228136981076954
2016-04-15,-1.06912053088419
2016-04-18,0.0383803497323143
2016-04-19,0.840662191971076
2016-04-20,-2.03735665066649
2016-04-21,-1.76302313762706
2016-04-22,0.944145487091896
2016-04-25,-1.34018560870159
2016-04-26,-1.64036484702783
2016-04-27,-1.66772219939739
2016-04-28,-0.287533572509346
2016-04-29,0.615134193099465
2016-05-02,-0.122724498937732
2016-05-04,-0.739526788615708
2016-05-05,-1.20308441362433
2016-05-06,3.00125301098393
2016-05-09,-1.6333560343007
2016-05-10,-3.51942481217926
2016-05-11,-0.513040885894966
2016-05-12,-0.774530550109542
2016-05-13,1.84041145769815
2016-05-16,3.2132954419374
2016-05-17,-0.576607857863154
2016-05-18,-0.746272120158986
2016-05-19,-2.95629637150387
2016-05-20,0.768577651863955
2016-05-23,2.93399083979891
2016-05-24,1.19073466007142
2016-05-25,0.934396398264337
2016-05-27,0.282657163761169
2016-05-30,0.5629287080954
2016-05-31,-0.724349243549494
2016-06-01,-3.11756174684499
2016-06-02,0.0416579885216262
2016-06-03,-0.166736178686921
2016-06-06,-0.0417275199044109
2016-06-07,1.61460762813501
2016-06-08,0.24610348762697
2016-06-09,-1.48578878530983
2016-06-10,-2.39860015918745
2016-06-13,0.0851426190217719
2016-06-14,1.05821093305369
2016-06-15,1.04712998672953
2016-06-16,-1.25787822068602
2016-06-17,0.463061235768558
2016-06-20,1.62469726638697
2016-06-21,3.17228715347908
2016-06-22,1.11466122249135
2016-06-23,3.07956512770309
2016-06-24,-5.4024569162189
2016-06-27,-6.96297957434506
2016-06-28,2.86896148769578
2016-06-29,-0.762715561871596
2016-06-30,-0.9831239688741
2016-07-01,0.085873770841749
2016-07-04,-2.65290617799043
2016-07-05,0.439754446584262
2016-07-06,-1.94955221980151
2016-07-07,1.33335308694651
2016-07-08,0.44052934679164
2016-07-11,3.24352757531541
2016-07-12,-1.37105832385078
2016-07-13,-0.519032307069267
2016-07-14,2.10263056215139
2016-07-15,0.887767403201734
2016-07-18,1.66948785721699
2016-07-19,0.824406977508207
2016-07-20,0.491401480242937
2016-07-21,-0.122624172324448
2016-07-22,-0.73891961823711
2016-07-25,1.51301189268089
2016-07-26,-2.2574322038539
2016-07-27,0.455581653586101
2016-07-28,1.35442251077573
2016-07-29,-3.0211277592969
2016-08-01,0
2016-08-02,9.98833585062897
2016-08-03,2.10692519113729
2016-08-04,1.99048222989329
2016-08-05,0.545952220489898
2016-08-08,-1.20505383756035
2016-08-09,0.11015238859331
2016-08-10,0.146681361099388
2016-08-11,1.12954380028576
2016-08-12,-0.472127261592226
2016-08-16,-1.54074948146916
2016-08-17,-1.00316650294641
2016-08-18,-2.18959294959755
2016-08-19,-1.30620374233397
2016-08-22,0.539916467777068
2016-08-23,-0.772204609391025
2016-08-24,0.502610762300115
2016-08-25,0.0771010061324517
2016-08-26,0.192492840958458
2016-08-29,0.192123017789392
2016-08-30,2.35215699945468
2016-08-31,-0.37565784222009
2016-09-01,-0.717661248255341
2016-09-02,-0.303720810544972
2016-09-05,0.114003432449916
2016-09-06,1.3579989908215
2016-09-07,4.4337725410887
2016-09-08,-2.46746916039999
2016-09-09,-2.07876824727573
2016-09-12,-1.70232974152476
2016-09-13,-0.343971292708467
2016-09-14,2.75645165466432
2016-09-15,0.557104504945549
2016-09-16,-0.296736122780183
2016-09-19,0.296736122780183
2016-09-20,0
2016-09-21,-0.445435034938058
2016-09-22,3.25737856637596
2016-09-23,-1.92698200373966
2016-09-26,-1.33039656263629
2016-09-27,-0.821820090438585
2016-09-28,-0.56422944496286
2016-09-29,-0.491587301176555
2016-09-30,-1.0287764578131
2016-10-03,-0.962100936732613
2016-10-04,1.83913229714237
2016-10-05,1.20756184354276
2016-10-06,-0.639701146658433
2016-10-07,-1.67495350846023
2016-10-10,0.306631133314506
2016-10-11,0.191168094923277
2016-10-12,-0.229445607352341
2016-10-13,-3.54605632084022
2016-10-14,0.435385607614736
2016-10-17,0.157853229304949
2016-10-18,0.824665973407024
2016-10-19,0.54602319747028
2016-10-20,-0.624270462808463
2016-10-21,1.5534292962184
2016-10-24,2.47396061757561
2016-10-25,1.86225120980015
2016-10-26,-2.42775695813466
2016-10-27,1.68701283034847
2016-10-28,2.56894861153114
2016-10-31,-0.435730536895607
2016-11-02,-3.48054384500869
2016-11-03,0.300978406290398
2016-11-04,0.300075243923814
2016-11-07,-0.676440008854184
2016-11-08,1.60841320373444
2016-11-09,0.813012608325003
2016-11-10,-1.37115359214453
2016-11-14,-1.0879867215877
2016-11-15,0.338919548671957
2016-11-16,-0.830506849848511
2016-11-17,-2.18441335586461
2016-11-18,-1.79832836933302
2016-11-21,0.746712056720122
2016-11-22,0.3127445864195
2016-11-23,0.506133064115666
2016-11-24,0.542216665370132
2016-11-25,-0.542216665370132
2016-11-28,-1.25050476757167
2016-11-29,-0.0786782101955819
2016-11-30,0.588583217726146
2016-12-01,-1.41846349919565
2016-12-02,2.46926125903717
2016-12-05,3.76112707457832
2016-12-06,1.40690954484191
2016-12-07,2.68423805268645
2016-12-08,0.926262411525203
2016-12-09,-3.24352757531536
2016-12-12,-1.2903404835908
2016-12-13,3.46433914723137
2016-12-14,0.927584246252167
2016-12-15,-1.21473447945446
2016-12-16,-0.0719165798705568
2016-12-19,0.538117890451684
2016-12-20,0.107276963622693
2016-12-21,-1.3311943295272
2016-12-22,2.46837787071286
2016-12-23,-0.531445006349252
2016-12-27,-0.570005105833715
2016-12-28,-0.32206147000422
2016-12-29,0.286328041001527
2016-12-30,0.570208244890802
2017-01-02,0.39014059062068
2017-01-03,5.4421140934207
2017-01-04,1.89280098855189
2017-01-05,-0.329489589685261
2017-01-09,0.657897109804262
2017-01-10,-0.657897109804262
2017-01-11,1.63669774642057
2017-01-12,-2.33217993375754
2017-01-13,-0.733825841393498
2017-01-16,0.300852642100002
2017-01-17,-1.7169248551423
2017-01-18,0.203527885725263
2017-01-19,1.64681927073071
2017-01-20,-0.400802139753909
2017-01-23,-2.13097865867509
2017-01-24,1.9299735658727
2017-01-25,5.44907257763407
2017-01-26,0.411979666839279
2017-01-27,-1.62605208717803
2017-01-30,-1.52229660371552
2017-01-31,0.0978633253769789
2017-02-01,1.5529267107302
2017-02-02,-1.7814236275127
2017-02-03,1.62078102268532
2017-02-06,1.91088616980464
2017-02-07,-1.26985833371274
2017-02-08,-0.480385231264524
2017-02-09,3.50138274636005
2017-02-10,3.17293242893353
2017-02-13,0.598804184462276
2017-02-14,0
2017-02-15,3.17300414241237
2017-02-16,1.03568244507661
2017-02-17,-2.37485820824324
2017-02-20,-0.676373700451816
2017-02-21,3.47962039761636
2017-02-22,1.02070633830129
2017-02-23,-1.39187021908018
2017-02-24,-3.01997398636322
2017-02-27,-0.799175483296599
2017-02-28,-1.10564401377289
2017-03-01,6.17552041867211
2017-03-02,-0.0282525782356657
2017-03-03,-2.25756122936933
2017-03-06,-1.01671173554445
2017-03-07,-2.66287923466013
2017-03-08,-1.72391990459495
2017-03-09,0.21331716149362
2017-03-10,-0.5494519317641
2017-03-13,2.35945609612589
2017-03-14,-1.05185041912201
2017-03-15,-1.76779977034074
2017-03-16,3.08834717154527
2017-03-17,0.446230102339884
2017-03-20,-1.40489532333126
2017-03-21,0.600241898209886
2017-03-22,-3.03790068597176
2017-03-23,0.706933941490995
2017-03-24,1.91117602305675
2017-03-27,-1.14839581816817
2017-03-28,0.696655854047856
2017-03-29,-0.393165484532432
2017-03-30,-1.68071183163812
2017-03-31,-1.20912959686921
2017-04-03,2.88984142850732
2017-04-04,1.65293019512105
2017-04-05,0.742393907128225
2017-04-06,0.560556121905176
2017-04-07,-1.75104637253702
2017-04-10,-0.630727425077149
2017-04-11,-0.877596796055702
2017-04-12,-2.77367549715994
2017-04-13,-0.125078190165251
2017-04-18,0.748133165228859
2017-04-19,3.08845828382927
2017-04-20,-0.0602409656772274
2017-04-21,-1.64037700094428
2017-04-24,1.61024290398584
2017-04-25,2.9400781364902
2017-04-26,2.48567710821948
2017-04-27,2.28597508973345
2017-04-28,-1.54649504195512
2017-05-02,0.762177295852551
2017-05-04,2.60908499427419
2017-05-05,0.109529036141476
2017-05-08,-2.32568621642675
2017-05-09,4.3574505405136
2017-05-10,-3.35409764155581
2017-05-11,-1.81899516513591
2017-05-12,1.06742586541224
2017-05-15,0.0279368628719912
2017-05-16,-1.12360732669257
2017-05-17,-1.59456681554264
2017-05-18,-0.835860177062342
2017-05-19,0
2017-05-22,2.57157027644577
2017-05-23,-2.48477727229921
2017-05-24,4.49545657088621
2017-05-25,-0.332318223304862
2017-05-26,0.138600160787705
2017-05-29,-1.05821093305369
2017-05-30,-1.38127636551522
2017-05-31,3.56882033143995
2017-06-01,-3.48370186978215
2017-06-02,1.43603763012026
2017-06-05,-0.336040641062141
2017-06-06,0.810173449510776
2017-06-07,0.0278202811642814
2017-06-08,1.76458948640597
2017-06-09,-2.0431411985486
2017-06-12,-3.17397002896467
2017-06-13,1.93903993678295
2017-06-14,-2.19851824295776
2017-06-16,1.31920467775855
2017-06-19,2.05844008450424
2017-06-20,-3.63779811031835
2017-06-21,-0.0289477495146517
2017-06-22,-0.464307276382891
2017-06-23,-1.11144753385419
2017-06-26,2.49795154757133
2017-06-27,-0.316046808107373
2017-06-28,-0.345921359647061
2017-06-29,0.604579356997181
2017-06-30,-1.09669208845187
2017-07-03,2.88880376857468
2017-07-04,-2.77279447482162
2017-07-05,0.0579542177912895
2017-07-06,1.40948687513469
2017-07-07,-0.687878894680383
2017-07-10,-0.345722038385787
2017-07-11,0.1441961316901
2017-07-12,1.14614435190066
2017-07-13,-0.858374369139137
2017-07-14,0.143575042610422
2017-07-17,2.35371705052758
2017-07-18,-0.224466985382366
2017-07-19,1.14510398027989
2017-07-20,-0.445311061515463
2017-07-21,-0.139567363897486
2017-07-24,0.834497193218064
2017-07-25,0
2017-07-26,0.552487593196993
2017-07-27,0.275103337189009
2017-07-28,0.902508518888068
2017-07-31,0.271887062539822
2017-08-01,1.21442593604164
2017-08-02,-3.52158677264511
2017-08-03,-1.34267751359429
2017-08-04,0.952922009063295
2017-08-07,0.750316150315511
2017-08-08,2.21775003156872
2017-08-09,-0.543036903289584
2017-08-10,-2.28565643373426
2017-08-11,-0.083600395004213
2017-08-14,0.333983054674825
2017-08-16,-1.23009658416895
2017-08-17,-0.932605318118984
2017-08-18,-0.312811288771897
2017-08-21,0.794330417703115
2017-08-22,-1.10812328679586
2017-08-23,0.256812810571017
2017-08-24,1.97523351828108
2017-08-25,0.557259731300475
2017-08-28,2.25284252999907
2017-08-29,-2.03080524754822
2017-08-30,2.27500561310339
2017-08-31,-0.597990365821754
2017-09-01,0.597990365821754
2017-09-04,-1.06253553789362
2017-09-05,0
2017-09-06,-0.576845439674045
2017-09-07,-1.38698478641506
2017-09-08,-0.167738367537229
2017-09-11,-0.64561627762858
2017-09-12,-1.70410258380516
2017-09-13,-0.172018391041195
2017-09-14,1.25465004806458
2017-09-15,-1.54200656763774
2017-09-18,1.42859572474765
2017-09-19,1.4084739881739
2017-09-20,-0.729930248161148
2017-09-21,0.53393410534035
2017-09-22,-0.056069527681446
2017-09-25,-0.873122009241234
2017-09-26,-0.995033085316832
2017-09-27,-1.14943794257347
2017-09-28,0.115540163055572
2017-09-29,1.97233776768191
2017-10-02,0.22618047527585
2017-10-03,-0.311130218456102
2017-10-04,-0.283688133519977
2017-10-05,0.198666164390948
2017-10-06,-1.68695923356199
2017-10-09,0.861331767811491
2017-10-10,2.65177738435431
2017-10-11,1.90271836981459
2017-10-12,0.626278425496141
2017-10-13,-0.680923235599096
2017-10-16,-0.355920978059832
2017-10-17,0.928207592436836
2017-10-18,-0.818558458643937
2017-10-19,2.40910284005764
2017-10-20,-0.643951782525409
2017-10-23,-1.30047890805338
2017-10-24,-1.5389146793868
2017-10-25,1.32051437417489
2017-10-26,-1.18214435071398
2017-10-27,1.91734167177016
2017-10-30,4.09305073520039
2017-10-31,0.907329620567499
2017-11-02,-2.48216531738139
2017-11-03,0.554018037561521
2017-11-06,2.69935932845375
2017-11-07,2.1533447610123
2017-11-08,-0.250941160542606
2017-11-09,-2.41588354767353
2017-11-10,-0.206132513081858
2017-11-13,2.54661075367615
2017-11-14,0.726547101807284
2017-11-15,-1.15492119772376
2017-11-16,1.00503358535016
2017-11-17,1.90670627172258
2017-11-20,1.17045959495279
2017-11-21,0.459548517053765
2017-11-22,0.960622180544002
2017-11-23,0.856740128529854
2017-11-24,-0.475060275859773
2017-11-27,1.18344576470029
2017-11-28,0.93677500035998
2017-11-29,-2.12022076506027
2017-11-30,0.711746776886368
2017-12-01,-0.783200870673273
2017-12-04,-0.861455435064951
2017-12-05,0
2017-12-06,-2.45724563871628
2017-12-07,1.63677771568036
2017-12-08,1.68192335810087
2017-12-11,0.119061807135523
2017-12-12,0.593191916184388
2017-12-13,0.165465112802066
2017-12-14,1.54678499868433
2017-12-15,0.579711768432611
2017-12-18,0.484374145039501
2017-12-19,-0.60004795782187
2017-12-20,1.69845717063994
2017-12-21,-0.31912495740638
2017-12-22,-1.2636584004512
2017-12-27,2.39874436732013
2017-12-28,0.96597403936669
2017-12-29,-0.943403223335837
2018-01-03,-2.21343891031851
2018-01-04,1.62493562739754
2018-01-05,0.498189436186092
2018-01-08,1.83532456889433
2018-01-09,-0.0887508378645929
2018-01-10,-0.668153933348226
2018-01-11,1.66208812360402
2018-01-12,-0.0219804374991917
2018-01-15,0.0219804374991917
2018-01-16,2.08794013853582
2018-01-17,-0.237043533039882
2018-01-18,0.323102058144631
2018-01-19,-0.517465579001719
2018-01-22,0.323729644979132
2018-01-23,1.11421765532418
2018-01-24,1.39655253266926
2018-01-25,-2.46768531011887
2018-01-26,-1.14806849653308
2018-01-29,0.108873173519664
2018-01-30,0.260813014612982
2018-01-31,-0.893933784617662
2018-02-01,-1.36716572702142
2018-02-02,-0.0888494061115352
2018-02-05,-0.668898815079633
2018-02-06,-3.48276920521373
2018-02-07,2.33527095752626
2018-02-08,-3.0326238532763
2018-02-09,-0.561404983276681
2018-02-12,1.76707690331406
2018-02-13,-0.230733835637009
2018-02-14,0.18462963933854
2018-02-15,-0.740572697353503
2018-02-16,-2.56454473456431
2018-02-19,1.91201387107207
2018-02-20,0.536319345474512
2018-02-21,-0.232828975959132
2018-02-22,2.57722501643447
2018-02-23,-0.54669840035988
2018-02-26,0.501254182354405
2018-02-27,0.249688019858718
2018-02-28,-2.38598150508289
2018-03-01,-1.5678336828107
2018-03-02,-0.472814119594611
2018-03-05,2.50393331948273
2018-03-06,-1.58400703016714
2018-03-07,0.678603282742474
2018-03-08,-5.3406680768727
2018-03-09,1.36821093569064
2018-03-12,2.58697061336712
2018-03-13,-1.28512001875327
2018-03-14,0.454057417690912
2018-03-15,-2.75579440636577
2018-03-16,-1.38205556186324
2018-03-19,-0.598207167754738
2018-03-20,3.3918218203461
2018-03-21,2.67064036129741
2018-03-22,-3.86185415538205
2018-03-23,-0.51489631961914
2018-03-26,-0.443459706786609
2018-03-27,0.246609249519381
2018-03-28,-1.86456613714632
2018-03-29,1.46969889160466
2018-04-03,-0.123716457694911
2018-04-04,-2.71032901415524
2018-04-05,1.08792976899017
2018-04-06,-0.960816493961802
2018-04-09,0.860111550909215
2018-04-10,0.276694931908095
2018-04-11,0.451128584650107
2018-04-12,3.10216899219631
2018-04-13,0
2018-04-16,-0.974429147467815
2018-04-17,1.98746241283505
2018-04-18,-0.0480076821510522
2018-04-19,-0.072054764736329
2018-04-20,-1.89188276690238
2018-04-23,1.02315143466409
2018-04-24,-0.242659667725675
2018-04-25,-0.658137658929814
2018-04-26,2.46389275604293
2018-04-27,-1.20020643795042
2018-04-30,1.03304221991918
2018-05-02,0.571974867278691
2018-05-04,-3.50658584298191
2018-05-07,-1.76292585563722
2018-05-08,3.5678529030057
2018-05-09,1.63034059456368
2018-05-10,-0.023784041020658
2018-05-11,0.899840312778588
2018-05-14,0.0471364609246017
2018-05-15,-2.14344952978163
2018-05-16,-0.894698266615279
2018-05-17,-1.640786166932
