2010-05-13,-0.839980121365924
2010-05-14,-0.55750612992016
2010-05-17,-1.13417268501648
2010-05-18,0.563847311165944
2010-05-19,-2.03204289199155
2010-05-20,-4.39886903255382
2010-05-21,1.64564244861616
2010-05-24,1.76398082620524
2010-05-25,-3.71506186809096
2010-05-26,7.02675292896044
2010-05-27,-1.07872766158676
2010-05-28,-0.0635308512510591
2010-05-31,0
2010-06-01,-0.401665982101118
2010-06-02,0.259797700106468
2010-06-04,-2.16754329204294
2010-06-07,-0.592073982483043
2010-06-08,-0.29230945115577
2010-06-09,2.32968908108608
2010-06-10,0.864105926590319
2010-06-11,-0.283938116055937
2010-06-14,0.76673635215152
2010-06-15,0.223539795680727
2010-06-16,-0.0242736122753939
2010-06-17,0.339295560826836
2010-06-18,1.09721986231528
2010-06-21,2.02304660975519
2010-06-22,-1.32195872556928
2010-06-23,-0.285564898261104
2010-06-24,-1.11192135302498
2010-06-25,0.0240946438772482
2010-06-28,-0.880807127041683
2010-06-29,-0.565468992378415
2010-06-30,0
2010-07-01,1.70132305635589
2010-07-02,-0.559064543518062
2010-07-05,-0.547627916364535
2010-07-06,1.82978910991314
2010-07-07,-0.167140269563593
2010-07-08,0.257756705953849
2010-07-09,0.579904657733854
2010-07-12,3.00202277878174
2010-07-13,1.59696782571328
2010-07-14,-2.13654992209982
2010-07-15,0
2010-07-16,-0.54250938705116
2010-07-19,1.54097628281051
2010-07-20,-0.975348181056912
2010-07-21,1.18573014751724
2010-07-22,1.98133771524005
2010-07-23,-1.31652036746672
2010-07-26,2.92935106241288
2010-07-27,-1.05896113537387
2010-07-28,-1.30920090897821
2010-07-29,2.82987383350624
2010-07-30,1.01700970419389
2010-08-02,0.757104137773279
2010-08-03,0.502999706297702
2010-08-04,-0.748970443295827
2010-08-05,0.379490730991705
2010-08-06,-0.634730860043042
2010-08-09,-3.34744546001802
2010-08-10,-0.129977832430672
2010-08-11,-1.18654253503605
2010-08-12,1.58490485492027
2010-08-13,1.26949194812487
2010-08-16,0.562985301207064
2010-08-17,-1.32007832932013
2010-08-18,0.36376581679729
2010-08-19,-0.381544384780463
2010-08-20,1.2588783490358
2010-08-23,3.01356541374003
2010-08-24,-1.23421322420483
2010-08-25,-1.62145741988944
2010-08-26,-2.26491676195328
2010-08-27,0.701349728875567
2010-08-30,0.422007156288595
2010-08-31,0.640702101140045
2010-09-01,-0.698345379534748
2010-09-02,-0.102065730309819
2010-09-03,1.90858915741932
2010-09-06,1.22090009045941
2010-09-07,-0.912103498446548
2010-09-08,3.08295575174777
2010-09-09,1.08883357219782
2010-09-10,-0.832309955424781
2010-09-13,0.280999199305088
2010-09-14,0.875662337883476
2010-09-15,0.348129159251176
2010-09-16,-0.997887786606633
2010-09-17,1.12192650258449
2010-09-20,0.83530986666589
2010-09-21,1.25419023266744
2010-09-22,0
2010-09-23,-2.45793137321408
2010-09-24,-1.51692175530989
2010-09-27,0.763426526606148
2010-09-28,0.271246019374427
2010-09-29,-0.271246019374427
2010-09-30,2.97239073402391
2010-10-01,-2.47220212084174
2010-10-04,1.36275647102533
2010-10-05,-0.666669135818898
2010-10-06,-0.0247770070643138
2010-10-07,-1.93492546793044
2010-10-08,-0.629371229947617
2010-10-11,0.578830016725007
2010-10-12,-0.710272296456393
2010-10-13,1.01733712645204
2010-10-14,-2.68589641562311
2010-10-15,-0.389038270567355
2010-10-18,0.5226906649479
2010-10-19,0.793910403183418
2010-10-20,-0.927562797563963
2010-10-21,-0.653582952897702
2010-10-22,-0.5224672281952
2010-10-25,-1.59285279092716
2010-10-26,-1.33055496906755
2010-10-27,1.87462354547243
2010-10-28,1.31035904323746
2010-10-29,-1.0196355541789
2010-11-02,0.631387198576894
2010-11-03,-1.46617926404033
2010-11-04,0.274615931983213
2010-11-05,1.45346928298191
2010-11-08,0.365519749024257
2010-11-09,0.567383552130352
2010-11-10,-1.43111253025046
2010-11-12,-2.56043095493683
2010-11-15,-2.10763615602056
2010-11-16,-1.16819982554137
2010-11-17,3.00127746544008
2010-11-18,-0.243682431053749
2010-11-19,-0.761943003216503
2010-11-22,0.245543957490568
2010-11-23,-2.42714741595793
2010-11-24,0.413271698691942
2010-11-25,-0.0324427041521691
2010-11-26,-1.62628005910559
2010-11-29,-0.566975296294903
2010-11-30,1.10264051850257
2010-12-01,2.11900823013642
2010-12-02,0.384651083292864
2010-12-03,-0.279182771326747
2010-12-06,1.12568124976011
2010-12-07,0.276061995067955
2010-12-08,-1.67251603010516
2010-12-09,-0.525274211478743
2010-12-10,0.143111073983171
2010-12-13,0.822369277559343
2010-12-14,0.879176600214304
2010-12-15,-0.195210594280182
2010-12-16,-1.34500403552078
2010-12-17,-0.586647408507224
2010-12-20,-0.552834094810839
2010-12-21,0
2010-12-22,-0.0885512606508154
2010-12-23,0.0326332722413003
2010-12-27,-0.0886008125297266
2010-12-28,-0.280308522711614
2010-12-29,0.424827323650856
2010-12-30,-0.335977917539365
2010-12-31,-0.0841711529703915
2011-01-03,1.80803219196348
2011-01-04,-2.76695652781287
2011-01-05,-0.316957476127921
2011-01-07,0
2011-01-10,-2.42189034389266
2011-01-11,1.06710169775219
2011-01-12,-0.660163823908233
2011-01-13,-0.874046547220475
2011-01-14,0
2011-01-17,2.02290432953438
2011-01-18,1.99216373760991
2011-01-19,-1.41076675106793
2011-01-20,-0.0332675905451385
2011-01-21,-0.371446686424104
2011-01-24,-0.17668270957274
2011-01-25,-0.455079705646133
2011-01-26,0.574494111658863
2011-01-27,-1.70434051826822
2011-01-28,1.01455046762671
2011-01-31,-0.293643554681777
2011-02-01,0
2011-02-02,0.552872733501264
2011-02-03,2.8965619725549
2011-02-04,-1.32682037422898
2011-02-07,0.174474851513073
2011-02-08,0.113010324218399
2011-02-09,-0.964683321706117
2011-02-10,-0.581396986541982
2011-02-11,0.291121020745866
2011-02-14,-0.573505682033026
2011-02-15,-0.432298093862249
2011-02-16,-0.724675860878854
2011-02-17,-1.61794472019996
2011-02-18,1.67611243875716
2011-02-21,0.517171698160501
2011-02-22,1.92892110958396
2011-02-23,-0.483504923731415
2011-02-24,-0.290275965796116
2011-02-25,-0.315021023249606
2011-02-28,-0.143520093524874
2011-03-01,-1.18954423447075
2011-03-02,-1.22348044657565
2011-03-03,2.52785722955022
2011-03-04,0.633984534066778
2011-03-07,-0.147411995595048
2011-03-08,1.25317886214762
2011-03-09,-2.17585781150023
2011-03-10,-0.660163823908233
2011-03-11,-0.581848034071664
2011-03-14,0.291347200357306
2011-03-15,-0.325393065329571
2011-03-16,-0.644187479746927
2011-03-17,3.27503384883956
2011-03-18,3.19411697220664
2011-03-21,-1.08433407574307
2011-03-22,-1.54280760016867
2011-03-23,0.905195778127243
2011-03-24,-1.19300649367982
2011-03-25,0.151085958863062
2011-03-28,1.70736425238993
2011-03-29,-0.726158755750594
2011-03-30,-1.50152264421513
2011-03-31,1.50152264421513
2011-04-01,1.64488823908329
2011-04-04,0.581943127420592
2011-04-05,0.136973813763408
2011-04-06,0.677537093853209
2011-04-07,0.546856943233109
2011-04-08,-1.22439403708632
2011-04-11,-0.0547670133720146
2011-04-12,-0.169054023310933
2011-04-13,0.223821036682947
2011-04-14,-0.27871080112023
2011-04-15,0.1645789893292
2011-04-18,-1.26874920638289
2011-04-19,0.691533805602695
2011-04-20,0.302766413216737
2011-04-21,0.0824138135561814
2011-04-26,0.661423325908395
2011-04-27,0.738345029779808
2011-04-28,1.47832285057494
2011-04-29,-0.27162434600787
2011-05-02,0.803823579801977
2011-05-04,-1.34032953875267
2011-05-05,0.0537803087403255
2011-05-06,0.75434999621824
2011-05-09,-1.74947269132475
2011-05-10,2.14888741483721
2011-05-11,2.23803327975114
2011-05-12,0.25952694181024
2011-05-13,1.26203598124119
2011-05-16,0.798746652191618
2011-05-17,-2.5848542575734
2011-05-18,-2.29289264857577
2011-05-19,2.31894449189105
2011-05-20,1.78991096455725
2011-05-23,-0.102397824460532
2011-05-24,0.225988796743737
2011-05-25,1.60131862446335
2011-05-26,-1.04068857249273
2011-05-27,-0.684221024253828
2011-05-30,-0.286123228103241
2011-05-31,0.0256563757500938
2011-06-01,0.260466852353147
2011-06-02,0.251283166359695
2011-06-03,-0.251283166359695
2011-06-06,0.383060693984216
2011-06-07,-0.229660288924105
2011-06-08,-1.18212786565439
2011-06-09,-3.83387239349258
2011-06-10,0.134216197671355
2011-06-13,0.85474410781532
2011-06-14,2.05767674072765
2011-06-15,-0.784728065638918
2011-06-16,1.38652661311585
2011-06-17,0.696836956016922
2011-06-20,-0.511400156215602
2011-06-21,-0.5226906649479
2011-06-22,-1.81374200414597
2011-06-24,0.764469256176703
2011-06-27,-0.262950453902455
2011-06-28,0.738881927528512
2011-06-29,0.308796592012861
2011-06-30,-2.11532001912236
2011-07-01,1.46617926404033
2011-07-04,0.126673526886822
2011-07-05,0.213670636182339
2011-07-06,-1.29775156406469
2011-07-07,0.747387634452901
2011-07-08,-0.712090921092834
2011-07-11,-0.774974540455808
2011-07-12,-0.834807642718527
2011-07-13,0.61673416792507
2011-07-14,0.191396137033495
2011-07-15,-0.539517527609723
2011-07-18,-1.43194089376104
2011-07-19,0.898486754114103
2011-07-20,0.318621671038422
2011-07-21,0.1611676043896
2011-07-22,1.33747078253652
2011-07-25,0.321692466471291
2011-07-26,0.338201705914454
2011-07-27,-1.11112254250707
2011-07-28,0.772920836592617
2011-07-29,0.259243944212706
2011-08-01,-0.259243944212706
2011-08-02,-0.0308024028309539
2011-08-03,-3.20184746999916
2011-08-04,-2.21465518205477
2011-08-05,-1.64890376314322
2011-08-08,-0.634922767865875
2011-08-09,-3.635003949789
2011-08-10,-4.60999427143838
2011-08-11,4.22971873107212
2011-08-12,2.60313089484785
2011-08-16,2.4383321446745
2011-08-17,-1.28319192461808
2011-08-18,-4.38367643921138
2011-08-19,0.293335532382821
2011-08-22,0.38153800960381
2011-08-23,-1.97788887055386
2011-08-24,2.0421609910271
2011-08-25,-0.739145662459872
2011-08-26,-2.09813739259421
2011-08-29,5.62031716643094
2011-08-30,1.09473569821144
2011-08-31,1.46780368402726
2011-09-01,-0.272109011436061
2011-09-02,-1.57200206880792
2011-09-05,-2.17095698690031
2011-09-06,-1.77631555654831
2011-09-07,4.09034090682856
2011-09-08,1.28319192461808
2011-09-09,-5.07610535793481
2011-09-12,1.47888808303649
2011-09-13,-0.297946345889955
2011-09-14,1.54838671681832
2011-09-15,0.432547413480577
2011-09-16,-0.230459099503344
2011-09-19,0.517788097103988
2011-09-20,-0.946508135250079
2011-09-21,0.687949216965578
2011-09-22,-3.66695545555111
2011-09-23,1.59853421141651
2011-09-26,-0.559538124220138
2011-09-27,1.72737778016252
2011-09-28,0.0386940754525611
2011-09-29,0.0290107341750279
2011-09-30,-0.947183766256643
2011-10-03,-3.22872648901735
2011-10-04,-3.60783195924137
2011-10-05,1.62242770927472
2011-10-06,1.26706850225893
2011-10-07,1.20608027214852
2011-10-10,4.28584428255996
2011-10-11,-0.883316953676516
2011-10-12,0.474003305866466
2011-10-13,-2.41257977728879
2011-10-14,0.959298956641241
2011-10-17,0
2011-10-18,-0.0391753592003941
2011-10-19,1.77674576828735
2011-10-20,-1.26378633969186
2011-10-21,1.97816070699441
2011-10-24,2.36527018450339
2011-10-25,0.753001605766901
2011-10-26,-2.65593689460975
2011-10-27,4.36388897654818
2011-10-28,0.0227588248325361
2011-10-31,-0.0865111038588218
2011-11-02,-0.740676392700124
2011-11-03,2.35379679296566
2011-11-04,-1.49475564093047
2011-11-07,-0.387482535277073
2011-11-08,-0.503687131090746
2011-11-09,-4.23839923570202
2011-11-10,-1.72942815744208
2011-11-14,0.791131847335746
2011-11-15,-0.635323071049365
2011-11-16,2.50319346850381
2011-11-17,-0.929574087348106
2011-11-18,0.625434709247408
2011-11-21,-0.5344799170798
2011-11-22,-1.34398323473004
2011-11-23,-1.97871085029204
2011-11-24,0.0692281093760627
2011-11-25,-0.0395530510446385
2011-11-28,-0.287228444882315
2011-11-29,0.0991375118372329
2011-11-30,2.89082630216906
2011-12-01,0.437048939080054
2011-12-02,1.33290877086001
2011-12-05,1.49722365994847
2011-12-06,-1.00663349726089
2011-12-07,-0.311056900820139
2011-12-08,-4.61267328988684
2011-12-09,1.65211983876685
2011-12-12,-1.52861729126688
2011-12-13,1.1193597163865
2011-12-14,-0.991078664652356
2011-12-15,0.0690063118865769
2011-12-16,-0.612862097166555
2011-12-19,-0.0942390268886317
2011-12-20,0.830208365997187
2011-12-21,-0.4438971530627
2011-12-22,-0.654634355288719
2011-12-23,0.812690300471886
2011-12-27,0.162733965937534
2011-12-28,-0.647571407047653
2011-12-29,0
2011-12-30,-0.327852859361766
2012-01-02,1.13297439500584
2012-01-03,0.954742986319213
2012-01-04,-2.66155693408652
2012-01-05,1.7068139477673
2012-01-09,-1.29232110734043
2012-01-10,-0.0897442349708566
2012-01-11,-0.560225554866944
2012-01-12,1.30069359212084
2012-01-13,-1.13530074649968
2012-01-16,1.16500371701509
2012-01-17,2.29006435856935
2012-01-18,-0.879478956629054
2012-01-19,1.88548007636298
2012-01-20,1.84588505179697
2012-01-23,-2.15767328854688
2012-01-24,0.622607375205941
2012-01-25,0.595027341709908
2012-01-26,3.36468126986871
2012-01-27,0.922718039477477
2012-01-30,-1.49800093861838
2012-01-31,0.304161716590112
2012-02-01,2.10361533890953
2012-02-02,0.669109081897723
2012-02-03,1.15695679341026
2012-02-06,0.150309488953715
2012-02-07,-0.57593637845299
2012-02-08,-0.0933478608891036
2012-02-09,-1.7767875895542
2012-02-10,-0.918647599188605
2012-02-13,0.592175920807136
2012-02-14,0.439581067207895
2012-02-15,-0.0226116450935177
2012-02-16,-1.0365613814757
2012-02-17,1.35716855140542
2012-02-20,0.579894187578889
2012-02-21,-0.990999101241519
2012-02-22,0.113109388826427
2012-02-23,-1.18263830050123
2012-02-24,0
2012-02-27,0.892822402315296
2012-02-28,-1.4894281186975
2012-02-29,0.271208422000235
2012-03-01,-1.17284439951866
2012-03-02,-0.451552102127639
2012-03-05,-0.210177326851024
2012-03-06,0.154173218419418
2012-03-07,-0.40228326307159
2012-03-08,1.51183249328812
2012-03-09,-0.899695351351193
2012-03-12,-0.0326150264976288
2012-03-13,-0.429646203350531
2012-03-14,2.43649509215147
2012-03-15,-0.558788611041239
2012-03-16,-0.816293415928904
2012-03-19,-0.482756356959513
2012-03-20,-1.76505544571626
2012-03-21,-1.45981029552642
2012-03-22,-1.23300162277613
2012-03-23,2.50319346850381
2012-03-26,0
2012-03-27,0.916310964448863
2012-03-28,-0.301361060585403
2012-03-29,-0.76690396700676
2012-03-30,0.459901718560563
2012-04-02,-0.307947655417262
2012-04-03,-0.370793351240684
2012-04-04,-0.558780736107423
2012-04-05,-0.561920648660186
2012-04-10,-1.26013396269267
2012-04-11,0.569026168790421
2012-04-12,1.06607217900399
2012-04-13,-1.35261228423893
2012-04-16,0.194354077018444
2012-04-17,0.121279758722848
2012-04-18,-1.42580540409081
2012-04-19,-0.191981156210819
2012-04-20,0.0295595627337164
2012-04-23,0.127990565862701
2012-04-24,0
2012-04-25,1.11055176260559
2012-04-26,1.13203279433143
2012-04-27,1.52288418722852
2012-04-30,-1.76851947027772
2012-05-02,-0.251074440232868
2012-05-04,0.938296310106335
2012-05-07,-0.186956263558447
2012-05-08,-1.69852381280453
2012-05-09,-0.926681633261017
2012-05-10,2.03327417177119
2012-05-11,0.370968555896489
2012-05-14,-2.40424272766768
2012-05-15,-1.64890748569437
2012-05-16,1.5848507193561
2012-05-17,-3.06299593217223
2012-05-18,0.269001557973914
2012-05-21,3.14825571694897
2012-05-22,-2.27017175452384
2012-05-23,-1.80486521661987
2012-05-24,-0.502616710991655
2012-05-25,-0.339926161683035
2012-05-28,1.33246475080013
2012-05-29,0
2012-05-30,-1.4976943025129
2012-05-31,-0.502526637123557
2012-06-01,-0.0363626922788018
2012-06-04,0.575056629391035
2012-06-05,-1.87194245244942
2012-06-06,2.66945639104588
2012-06-08,3.60857410667923
2012-06-11,1.87552935373945
2012-06-12,1.597800968195
2012-06-13,-1.24911544856237
2012-06-14,0.472654492356117
2012-06-15,1.88747798685283
2012-06-18,-0.7964014598552
2012-06-19,1.83448119208935
2012-06-20,-0.698696894108197
2012-06-21,-0.0941575324966415
2012-06-22,-0.0282645564346318
2012-06-25,-1.76819094109524
2012-06-26,0.282533409540742
2012-06-27,3.09803035191991
2012-06-28,-0.637167004606987
2012-06-29,1.35318807964606
2012-07-02,-2.42266682249022
2012-07-03,0.301361060585403
2012-07-04,0
2012-07-05,0.614030849539793
2012-07-06,0.154086832718958
2012-07-09,-0.308411459414426
2012-07-10,0.46226122984816
2012-07-11,-0.46226122984816
2012-07-12,-0.638529799909371
2012-07-13,2.30012933896986
2012-07-16,0
2012-07-17,0
2012-07-18,2.36985460183816
2012-07-19,1.16641547666214
2012-07-20,-0.61503001604839
2012-07-23,-3.42885536563799
2012-07-24,1.37381838636066
2012-07-25,0.177810245858412
2012-07-26,0.295649620642546
2012-07-27,2.91821638712264
2012-07-30,2.81831299916622
2012-07-31,-1.26015822596273
2012-08-01,-1.41709859183248
2012-08-02,-0.286729061215896
2012-08-03,2.82665858938356
2012-08-06,1.28009940529537
2012-08-07,0.0593396363786525
2012-08-08,0.186267093055825
2012-08-09,1.74828894804695
2012-08-10,-0.545937052231027
2012-08-13,-0.242667789893192
2012-08-14,-0.0544719378242409
2012-08-16,0.518374138492073
2012-08-17,-1.00996143966863
2012-08-20,-1.80200371202424
2012-08-21,0.560225554866989
2012-08-22,-1.82038378082972
2012-08-23,1.10135650156713
2012-08-24,1.13608465456423
2012-08-27,-0.417057375301644
2012-08-28,-0.504490167885363
2012-08-29,-0.416622528963284
2012-08-30,0.330862907910223
2012-08-31,2.75438900473217
2012-09-03,-2.13429165134662
2012-09-04,-0.59865055209376
2012-09-05,2.47386387541617
2012-09-06,0.405036359732946
2012-09-07,0.577567932196521
2012-09-10,0.227616130717134
2012-09-11,1.16715252526429
2012-09-12,1.79783762865973
2012-09-13,0.0601769219612081
2012-09-14,1.05322923656548
2012-09-17,-1.11340615852669
2012-09-18,1.44225607551545
2012-09-19,-1.58280988055526
2012-09-20,0.336997831570507
2012-09-21,0.968540224353287
2012-09-24,-0.0317372161191543
2012-09-25,-0.138968873489764
2012-09-26,-1.07457042942904
2012-09-27,1.24527651903796
2012-09-28,-0.968540224353287
2012-10-01,1.62482470215086
2012-10-02,0.169301377132136
2012-10-03,-0.137781736195075
2012-10-04,-0.965846878093535
2012-10-05,2.26522722014346
2012-10-08,1.66204539306265
2012-10-09,-0.536852274887911
2012-10-10,1.06322950582123
2012-10-11,0.788181420225342
2012-10-12,0.132018199963779
2012-10-15,-0.658046395453749
2012-10-16,-0.922473569014093
2012-10-17,0.922473569014093
2012-10-18,0
2012-10-19,-1.26772479426647
2012-10-22,0.207293740256453
2012-10-23,-0.932353802792196
2012-10-24,0.644329640082875
2012-10-25,0.716601713826348
2012-10-26,-1.79150670056236
2012-10-29,1.07490498673601
2012-10-30,0.0230724861627341
2012-10-31,-0.53588423633073
2012-11-02,3.04190041175167
2012-11-05,0.825293628752055
2012-11-06,-1.50632344557793
2012-11-07,0.549700179368751
2012-11-08,1.03469163575722
2012-11-09,-0.26046526353336
2012-11-12,-0.257410002049729
2012-11-13,0
2012-11-14,0.773957351750454
2012-11-15,-0.256082086167364
2012-11-16,-0.390952745931372
2012-11-19,0.472673340353369
2012-11-20,0.174361491745367
2012-11-21,0.742262312250919
2012-11-22,-0.379674968138133
2012-11-23,1.11646831612338
2012-11-26,-1.19405500466252
2012-11-27,1.21961691025918
2012-11-28,-2.24869629924709
2012-11-29,-0.261741100670188
2012-11-30,2.45930705294306
2012-12-03,0.582794685167709
2012-12-04,0.730960374197087
2012-12-05,2.7348302100823
2012-12-06,0.489939737699574
2012-12-07,-2.20603669516799
2012-12-10,0.245949971600057
2012-12-11,0.24534654154742
2012-12-12,1.71474018202051
2012-12-13,0.163943040364689
2012-12-14,1.48755640245248
2012-12-17,1.67533201978145
2012-12-18,1.37498393461923
2012-12-19,0.690390421446807
2012-12-20,-2.15658903781812
2012-12-21,2.45384459903835
2012-12-27,-0.456153899738032
2012-12-28,0.413271545169547
2013-01-02,0.680643811427784
2013-01-03,-0.568528782866684
2013-01-04,-3.37163304010684
2013-01-07,-1.71208802464591
2013-01-08,0.766843136056883
2013-01-09,1.18356721302009
2013-01-10,-1.18356721302009
2013-01-11,-1.8335756943999
2013-01-14,-3.0857089715735
2013-01-15,-0.980720511696465
2013-01-16,2.9917375802925
2013-01-17,-0.993297235284274
2013-01-18,0
2013-01-21,0.791165923001769
2013-01-22,0.545172689831119
2013-01-23,-0.88296880458949
2013-01-24,1.0064582795752
2013-01-25,-1.20611607550658
2013-01-28,0.245949971600057
2013-01-29,-0.14963662475731
2013-01-30,-0.841409214051714
2013-01-31,1.60859464978689
2013-02-01,0.0707388704205503
2013-02-04,-1.67933352020744
2013-02-05,0.369659652555221
2013-02-06,-0.798450508619952
2013-02-07,0.176783666497426
2013-02-08,2.05148206698187
2013-02-11,0.419361705631971
2013-02-12,-0.0492454897567107
2013-02-13,0.0492454897567107
2013-02-14,-1.2527146374786
2013-02-15,1.12955541224129
2013-02-18,0.0528010994895745
2013-02-19,0.750275230026443
2013-02-20,-1.04985076201833
2013-02-21,-0.141287862152817
2013-02-22,0.243596879561458
2013-02-25,0.509980881961836
2013-02-26,-1.84108581402223
2013-02-27,-0.368733301242674
2013-02-28,0.218540167587644
2013-03-01,0.570961120015356
2013-03-04,0.120910398798468
2013-03-05,1.32045415266777
2013-03-06,2.95135112528939
2013-03-07,1.54764189236354
2013-03-08,-0.838431094682202
2013-03-11,-1.04008279295122
2013-03-12,-0.548171853694379
2013-03-13,-1.17146319543906
2013-03-14,0.405863014852548
2013-03-15,-0.239155790469825
2013-03-18,-1.79623533568471
2013-03-19,0.0741669496640451
2013-03-20,0.654517080751882
2013-03-21,-0.633336623174818
2013-03-22,-0.73688646048824
2013-03-25,-1.11201646481867
2013-03-26,1.87360779052637
2013-03-27,-0.484622183378569
2013-03-28,-0.64388973993883
2013-04-02,0.466433702456248
2013-04-03,-1.71256693394772
2013-04-04,-0.300382036475177
2013-04-05,0.527782015352773
2013-04-08,1.26468322421394
2013-04-09,-0.167465432592184
2013-04-10,0.954703540836599
2013-04-11,2.7350285977382
2013-04-12,0.920278128979479
2013-04-15,-1.8074851222694
2013-04-17,-1.16491272682433
2013-04-18,-1.22480044432094
2013-04-19,0.0887453245088654
2013-04-22,0.914796666508
2013-04-23,0.899535300245757
2013-04-24,-0.254688319093699
2013-04-25,0.699705220121549
2013-04-26,1.99202932793177
2013-04-29,1.52200693888402
2013-04-30,1.1554662959306
2013-05-02,1.60597221621988
2013-05-06,1.62226857153485
2013-05-07,-0.398278935933716
2013-05-08,0.667182356819573
2013-05-09,-0.336242411100995
2013-05-10,-0.330939945718578
2013-05-13,0
2013-05-14,-1.28265022063019
2013-05-15,-0.349416634387545
2013-05-16,-1.65914583530946
2013-05-17,0.0698219568538327
2013-05-20,-0.279580811169211
2013-05-21,1.80673089551155
2013-05-22,-0.567894250308854
2013-05-23,-0.432179878596717
2013-05-24,1.20934763409668
2013-05-27,1.48496714393991
2013-05-28,-0.0128741551513656
2013-05-29,-0.20943765610264
2013-05-31,2.86474197830535
2013-06-03,-1.75490251358825
2013-06-04,-2.12455000119007
2013-06-05,-0.296953994586602
2013-06-06,-0.386379000656678
2013-06-07,0.454985155032572
2013-06-10,-2.33267919924027
2013-06-11,0.390358323697004
2013-06-12,1.37572856606858
2013-06-13,0
2013-06-14,-0.682191582345837
2013-06-17,0.534284441049548
2013-06-18,-0.514445139327924
2013-06-19,-0.480555053421439
2013-06-20,-5.20261841134597
2013-06-21,-2.21507888951336
2013-06-24,-0.0214699778968264
2013-06-25,1.50245238656432
2013-06-26,0.734096480845858
2013-06-27,-3.20750010869282
2013-06-28,2.64951582158131
2013-07-01,-1.08269818913187
2013-07-02,3.56088565930732
2013-07-03,0.929444586011474
2013-07-04,2.00353520675143
2013-07-05,-1.29181255217188
2013-07-08,-1.64116724059102
2013-07-09,-0.654407515536093
2013-07-10,0.774490558803098
2013-07-11,2.35177386872145
2013-07-12,1.33738977288114
2013-07-15,-0.643174315456729
2013-07-16,-0.116478373153761
2013-07-17,0.677001225107121
2013-07-18,-2.07529712386489
2013-07-19,1.39829589875777
2013-07-22,2.5057209947791
2013-07-23,1.32268526172097
2013-07-24,-0.19889651109728
2013-07-25,0.221327735455512
2013-07-26,-0.13466288225632
2013-07-29,-1.61395550171379
2013-07-30,0.857120276092926
2013-07-31,1.68933224262156
2013-08-01,1.1818003377531
2013-08-02,1.49347250290801
2013-08-05,-1.27382322573149
2013-08-06,-1.75171267004983
2013-08-07,-0.00318984353842033
2013-08-08,0.044648552852955
2013-08-09,-0.0414587093145347
2013-08-12,2.8303776162852
2013-08-13,-0.862624659943911
2013-08-14,-0.608610235987372
2013-08-16,1.44952711360609
2013-08-19,0.0248085094459505
2013-08-20,-1.08176567335612
2013-08-21,2.22861673023509
2013-08-22,0.678196526265751
2013-08-23,-0.678196526265751
2013-08-26,1.46365599214082
2013-08-27,-1.44220103979578
2013-08-28,-1.85591469841624
2013-08-29,2.0120905657774
2013-08-30,-0.644648597894681
2013-09-02,-0.841198713239732
2013-09-03,-1.57764564313672
2013-09-04,-3.64342534600905
2013-09-05,-6.82078650684623
2013-09-06,3.79115768545799
2013-09-09,2.73798311141462
2013-09-10,3.82142391807601
2013-09-11,0.233468051529684
2013-09-12,-0.467482452169588
2013-09-13,-0.874478901234976
2013-09-16,-0.54443689324617
2013-09-17,1.57077130786036
2013-09-18,0.262040592569646
2013-09-19,2.58946374242583
2013-09-20,0.251618777081841
2013-09-23,-1.97462390607122
2013-09-24,1.55388099771927
2013-09-25,0
2013-09-26,-0.0554118965046424
2013-09-27,-1.40161679340154
2013-09-30,-1.82462086911381
2013-10-01,1.3927493835725
2013-10-02,-0.477853089487512
2013-10-03,0.581296510463503
2013-10-04,-1.2357511772644
2013-10-07,-1.49239807522652
2013-10-08,-1.17888465726259
2013-10-09,-0.117351775373864
2013-10-10,6.20913039560578
2013-10-11,-1.60680773688049
2013-10-14,1.72016038293448
2013-10-15,-0.29744130602487
2013-10-16,1.7624685725532
2013-10-17,-2.03307976509386
2013-10-18,1.13289637877729
2013-10-21,3.94900071947291
2013-10-22,-0.619451522077252
2013-10-23,0.546256864946937
2013-10-24,1.18789063870177
2013-10-25,0.424555504925639
2013-10-28,0.428500188325076
2013-10-29,0.845840162205036
2013-10-30,-1.16488387735014
2013-10-31,0.0633148206606204
2013-11-04,0.350383769823681
2013-11-05,-0.523155063664271
2013-11-06,2.09615408936834
2013-11-07,1.21740633988661
2013-11-08,-2.07337211252576
2013-11-12,-0.8863278516833
2013-11-13,0
2013-11-14,-0.287596183389294
2013-11-15,1.09988792485098
2013-11-18,4.70455731456987
2013-11-19,-1.37918123075282
2013-11-20,0
2013-11-21,-0.428006010352888
2013-11-22,0.301175918080565
2013-11-25,0.0193106112408525
2013-11-26,-0.536565066493688
2013-11-27,0.43169118151587
2013-11-28,0
2013-11-29,0.42433657852663
2013-12-02,-1.71664942925394
2013-12-03,-1.52769396312262
2013-12-04,0.679350438839821
2013-12-05,-0.679350438839821
2013-12-06,-0.25310349513612
2013-12-09,1.12973156749741
2013-12-10,1.29792031820246
2013-12-11,0.857851789295472
2013-12-12,-3.33962008355626
2013-12-13,0.497336726705777
2013-12-16,1.12196023846738
2013-12-17,-2.4374495393034
2013-12-18,-0.84807385152903
2013-12-19,-1.55019233577613
2013-12-20,3.32746818983813
2013-12-23,-0.396356326643366
2013-12-27,0.265361889412974
2013-12-30,-1.01099195705845
2014-01-02,1.7576348385743
2014-01-03,-1.63105982599028
2014-01-07,-1.91272574336749
2014-01-08,0.654265265795573
2014-01-09,-2.48185339362808
2014-01-10,-1.63383153256618
2014-01-13,1.16717000184505
2014-01-14,-0.255190255124482
2014-01-15,0.372059958722026
2014-01-16,1.88097039957693
2014-01-17,-2.65062124349869
2014-01-20,-0.465862838489306
2014-01-21,1.74335644675527
2014-01-22,0.528991693911429
2014-01-23,-1.38484873005686
2014-01-24,-1.63925678964798
2014-01-27,-1.34713238566349
2014-01-28,-0.418897517367078
2014-01-29,-0.483130371679863
2014-01-30,0.336879198162165
2014-01-31,-0.602815999398043
2014-02-03,2.5150970759463
2014-02-04,0.00916464281446316
2014-02-05,-1.427540855736
2014-02-06,4.21399159627431
2014-02-07,1.14313965445803
2014-02-10,-0.173435086171336
2014-02-11,0.102921509386666
2014-02-12,1.64984649977451
2014-02-13,-0.338821400547129
2014-02-14,-0.424419241744634
2014-02-17,-0.45256212367879
2014-02-18,-0.0234137205471274
2014-02-19,-0.704972958444738
2014-02-20,-1.93464172619024
2014-02-21,0.0570853441373753
2014-02-24,2.00128596036531
2014-02-25,-1.827226736299
2014-02-26,-0.441740632679855
2014-02-27,-0.268399865584623
2014-02-28,2.98973706865353
2014-03-03,-4.32734631131928
2014-03-04,1.49149952816217
2014-03-05,0.114509580088207
2014-03-06,1.08135067979256
2014-03-07,-1.22300016626391
2014-03-10,-0.232498557258509
2014-03-11,0.980665441226503
2014-03-12,-2.66650108990447
2014-03-13,-2.73639611542955
2014-03-14,1.45543800611732
2014-03-17,2.27516933023573
2014-03-18,-1.79675897383715
2014-03-19,-1.93384836251589
2014-03-20,1.11855880795515
2014-03-21,-1.04907049182996
2014-03-24,0.0505066458541314
2014-03-25,1.02043303705912
2014-03-26,1.0719548342192
2014-03-27,0.391727957317256
2014-03-28,0.995520757571811
2014-03-31,1.29307578068523
2014-04-01,0.812074642406424
2014-04-02,-0.466661530721124
2014-04-03,-0.583390119151206
2014-04-04,1.05005164987233
2014-04-07,-0.697806098924802
2014-04-08,-0.352245550947528
2014-04-09,-0.374679392851185
2014-04-10,0.332447114697088
2014-04-11,-0.305205343813508
2014-04-14,-0.585817644143338
2014-04-15,-2.02343926904667
2014-04-16,-0.326711244761535
2014-04-17,3.53040873699628
2014-04-22,1.145672931202
2014-04-23,-0.902279731222499
2014-04-24,-0.602048778158304
2014-04-25,0.0694203429475682
2014-04-28,0.7095426779685
2014-04-29,1.2770501147481
2014-04-30,-1.77560953282612
2014-05-02,-0.740397150892314
2014-05-05,0.459993548054261
2014-05-06,0.0694203429475682
2014-05-07,0.159785378966681
2014-05-08,-0.22920572191425
2014-05-09,-0.505502567210181
2014-05-12,0.855132195777752
2014-05-13,-1.52498824616636
2014-05-14,2.40568171370659
2014-05-15,-0.116381445821467
2014-05-16,1.40832782626554
2014-05-19,-0.673522574445817
2014-05-20,0.502617620803969
2014-05-21,-0.27464837192559
2014-05-22,2.48548884922153
2014-05-23,-0.468412017357656
2014-05-26,0.358734400798522
2014-05-27,0.334429187899321
2014-05-28,-0.669980558572014
2014-05-29,0.871251508371707
2014-05-30,-0.781467996439345
2014-06-02,0.801572828847119
2014-06-03,0.0689001835886938
2014-06-04,-0.109113891259938
2014-06-05,0.263965952485634
2014-06-06,2.34485299512293
2014-06-09,-1.68227738825402
2014-06-10,1.00825006602814
2014-06-11,-0.789310272291921
2014-06-12,1.58082669833144
2014-06-13,-0.957912854476817
2014-06-16,-1.61624278554617
2014-06-17,0.466494843086052
2014-06-18,0.307894304869283
2014-06-20,-0.961023327461463
2014-06-23,1.3757495212575
2014-06-24,-0.63699916801645
2014-06-25,-2.00263136249705
2014-06-26,-1.91293572822078
2014-06-27,2.13389174322347
2014-06-30,-0.279183569926023
2014-07-01,-1.53481216281168
2014-07-02,-0.456459385230445
2014-07-03,-0.0237692011696211
2014-07-04,-1.00644430898087
2014-07-07,-0.240413627035929
2014-07-08,-0.141513008185123
2014-07-09,0.372921547340344
2014-07-10,0.11400457253008
2014-07-11,0.047963069356749
2014-07-14,-0.185985174801262
2014-07-15,1.40725616239608
2014-07-16,0.608030208537569
2014-07-17,0.17052809024829
2014-07-18,-0.547898153935344
2014-07-21,0
2014-07-22,1.69577494166719
2014-07-23,-0.0435710869164829
2014-07-24,1.25304792302434
2014-07-25,0.332273801167737
2014-07-28,0.131458638044446
2014-07-29,-0.4436501015606
2014-07-30,-2.35687463726957
2014-07-31,0
2014-08-01,0.451282817168286
2014-08-04,1.12805010582155
2014-08-05,0.311742545505878
2014-08-06,0
2014-08-07,-0.447712363801234
2014-08-08,-0.653492690269486
2014-08-11,1.91922313428763
2014-08-12,0.865239494950165
2014-08-13,1.08794759677444
2014-08-14,0.648246143872955
2014-08-18,1.92263221608093
2014-08-19,-0.850555241570783
2014-08-20,0.21194321251734
2014-08-21,0.529268625233748
2014-08-22,-0.419345285686878
2014-08-25,0.227706165520303
2014-08-26,0.300982523986271
2014-08-27,0.346375003679755
2014-08-28,-0.600782822367973
2014-08-29,-0.596147422882565
2014-09-01,1.06070528957218
2014-09-02,1.24632462108787
2014-09-03,2.77489492896121
2014-09-04,0.454653130904958
2014-09-05,-0.546356594551778
2014-09-08,1.20894622682233
2014-09-09,0.403195087581354
2014-09-10,0.694018825156606
2014-09-11,-0.518774598157012
2014-09-12,0.221193505823125
2014-09-15,0.849348911082792
2014-09-16,-0.839072738947877
2014-09-17,0.34108281877927
2014-09-18,-2.24728558520586
2014-09-19,3.36492855344388
2014-09-22,0.0126577471910583
2014-09-23,-1.05608351154638
2014-09-24,0.339671637128758
2014-09-25,2.38079491247047
2014-09-26,0.144292989509465
2014-09-29,-1.38934583522081
2014-09-30,0.72837192541142
2014-10-01,-3.37721202676753
2014-10-02,-0.983256282886247
2014-10-03,1.95181180534774
2014-10-06,0.50119009455929
2014-10-07,-0.137832478812117
2014-10-08,-0.797532147164004
2014-10-09,1.16720891015532
2014-10-10,0.335349127851492
2014-10-13,0.695052778555905
2014-10-14,-0.545524777559914
2014-10-15,-0.317061991190659
2014-10-16,-0.888032782850479
2014-10-17,0.720217645193655
2014-10-20,0.735278787386617
2014-10-21,1.83969046443169
2014-10-22,1.46243189364847
2014-10-23,0.1514189709519
2014-10-24,-1.63369361090155
2014-10-27,1.60196346333423
2014-10-28,1.78794364498742
2014-10-29,-0.100762927771214
2014-10-30,-0.53912378770784
2014-10-31,1.13502604287055
2014-11-03,0.789052482497032
2014-11-04,0.392203692355464
2014-11-05,-4.60350495730117
2014-11-06,0.389364448637908
2014-11-07,-0.184635889037565
2014-11-10,0.418019690048466
2014-11-12,-0.879868644467097
2014-11-13,-2.86519455140914
2014-11-14,0.378850934321395
2014-11-17,0.460818640511063
2014-11-18,-0.101096909990561
2014-11-19,0.0909918170151069
2014-11-20,0.431084048181996
2014-11-21,-0.241783268523665
2014-11-24,-1.10296634067248
2014-11-25,0.145221105507876
2014-11-26,1.10389251713694
2014-11-27,0.261523522707918
2014-11-28,0.0401737520154821
2014-12-01,-0.930638108509552
2014-12-02,1.2139066633654
2014-12-03,-0.489329843027919
2014-12-04,-1.83291077693699
2014-12-05,1.83291077693699
2014-12-08,0.0704101419688907
2014-12-09,-0.385347225951405
2014-12-10,-0.841320658610645
2014-12-11,0.527920007814631
2014-12-12,0.0835009727038205
2014-12-15,-0.507139053806949
2014-12-16,-0.845007134140552
2014-12-17,-1.02559715677111
2014-12-18,2.03063074212122
2014-12-19,0.22056875092642
2014-12-22,1.21076301300151
2014-12-23,0.0850318920810889
2014-12-29,0.588236990306612
2014-12-30,0.235816966462643
2015-01-02,-0.824053956769255
2015-01-05,-1.88506282137593
2015-01-07,2.08984275458635
2015-01-08,0.619274023558836
2015-01-09,-0.824053956769255
2015-01-12,-0.624414291336928
2015-01-13,1.86166641618843
2015-01-14,0.192407370836456
2015-01-15,-1.63736467915543
2015-01-16,-0.61311346168309
2015-01-19,-0.224574601392913
2015-01-20,-0.585248880413003
2015-01-21,2.35299064860213
2015-01-22,2.94440989686642
2015-01-23,1.71548825293271
2015-01-26,-0.918594784208349
2015-01-27,-1.03817139304159
2015-01-28,-0.773590364984589
2015-01-29,2.24593310252099
2015-01-30,-0.324257591822086
2015-02-02,-0.868256719763139
2015-02-03,0.057797901618617
2015-02-04,0.139540501410451
2015-02-05,-0.438523219186226
2015-02-06,-0.401655552201152
2015-02-09,-1.00880506595304
2015-02-10,0
2015-02-11,-0.142146434737755
2015-02-12,2.31277429292405
2015-02-13,-0.309623778743706
2015-02-16,-0.0480896400140374
2015-02-17,-0.199819506751142
2015-02-18,-1.00513095391594
2015-02-19,0.2601224284565
2015-02-20,-0.484321377004404
2015-02-23,0.886541395411777
2015-02-24,-0.358527515831097
2015-02-25,-1.42248518579446
2015-02-26,0.0393778307903769
2015-02-27,-0.20197548677543
2015-03-02,-0.350730223439166
2015-03-03,-1.44798233357508
2015-03-04,0
2015-03-05,-1.04726211077555
2015-03-06,-0.802296567099958
2015-03-09,0.90878474936944
2015-03-10,-1.91110617085819
2015-03-11,0.5358213700704
2015-03-12,-0.859215998986373
2015-03-13,-0.181558861960252
2015-03-16,1.04077486094662
2015-03-17,1.90098989868477
2015-03-18,-0.295368983910604
2015-03-19,0.511922841862633
2015-03-20,0.821647909032341
2015-03-23,1.16325083661128
2015-03-24,0.888698341714989
2015-03-25,-1.26422068433305
2015-03-26,0.0371209032065778
2015-03-27,-0.389216481434573
2015-03-30,0.295150083429752
2015-03-31,0.506417752046451
2015-04-01,0.814748427084844
2015-04-02,0.373248545737326
2015-04-07,0.231056517042916
2015-04-08,0.201434377470777
2015-04-09,0.401655552201152
2015-04-10,-0.622526747925933
2015-04-13,0.271772266958203
2015-04-14,-0.451742158425006
2015-04-15,0.802496639392736
2015-04-16,0.491401480242892
2015-04-17,-3.05711849624881
2015-04-20,0.543573596468905
2015-04-21,0.0689706163262027
2015-04-22,-0.399704455171168
2015-04-23,-0.118738418403241
2015-04-24,-2.45812354114405
2015-04-27,1.80751285281069
2015-04-28,-1.2282703170829
2015-04-29,-1.21290499878408
2015-04-30,-0.432375022796228
2015-05-04,1.41550224931688
2015-05-05,-1.40524689088308
2015-05-06,0.2125617036973
2015-05-07,0
2015-05-08,1.26344229111837
2015-05-11,0
2015-05-12,-0.839669574832458
2015-05-13,1.7800129130134
2015-05-14,-1.11733005981254
2015-05-15,-1.32209330882356
2015-05-18,-0.563164458517873
2015-05-19,-0.141933676296313
2015-05-20,-1.20549120329776
2015-05-21,0.214099298493409
2015-05-22,0.616234610424193
2015-05-25,-1.70189062954371
2015-05-26,-1.07624832717321
2015-05-27,-1.13646724247336
2015-05-28,0
2015-05-29,0.226177430219865
2015-06-01,-2.76507772525503
2015-06-02,-0.874774736467909
2015-06-03,-0.466892107208405
2015-06-05,-0.463451429906137
2015-06-08,-0.0225250592235327
2015-06-09,0.485976489129669
2015-06-10,1.14516234525626
2015-06-11,0.243497629994849
2015-06-12,-0.459821867778087
2015-06-15,0.412828736203297
2015-06-16,-0.110659263789037
2015-06-17,-0.232783810258619
2015-06-18,-0.483925741369573
2015-06-19,-1.6812316151908
2015-06-22,1.89845348962123
2015-06-23,0.438572845321872
2015-06-24,0.629505930387841
2015-06-25,2.16988489819654
2015-06-26,-0.887307666480597
2015-06-29,-2.95335321950936
2015-06-30,0.488575311954786
2015-07-01,0.289226521214703
2015-07-02,1.62242399689014
2015-07-03,-0.306488486639944
2015-07-06,0.101354599080761
2015-07-07,-1.80125318643443
2015-07-08,0.258919642957034
2015-07-09,0.7009989499831
2015-07-10,3.06695779777377
2015-07-13,0.264737890444211
2015-07-14,-1.75112233227681
2015-07-15,-0.988700903686546
2015-07-16,1.20046185592564
2015-07-17,-0.562968076011972
2015-07-20,-2.45446662993776
2015-07-21,0.649144881932795
2015-07-22,-5.87605590950293
2015-07-23,3.14256082824111
2015-07-24,-1.2376857637463
2015-07-27,-1.90487506449482
2015-07-28,2.09540079979411
2015-07-29,1.91668130592215
2015-07-30,-2.10720704122145
2015-07-31,3.4254009203865
2015-08-03,-1.08364104672312
2015-08-04,1.06409370719343
2015-08-05,1.91688555691751
2015-08-06,-1.32934470906849
2015-08-07,0.834974023533164
2015-08-10,-0.0082602530437903
2015-08-11,0.329879068697725
2015-08-12,-0.46765050016675
2015-08-13,2.08201580375569
2015-08-14,-1.94424437228666
2015-08-17,-2.266875124955
2015-08-18,-0.1381118361512
2015-08-19,-1.00064614971158
2015-08-20,-0.818129169996684
2015-08-21,-0.720671899728176
2015-08-24,-4.49108187777654
2015-08-25,1.76661313511888
2015-08-26,-0.318618597543452
2015-08-27,3.83554159890851
2015-08-28,2.32915026822949
2015-08-31,0.257652703657785
2015-09-01,-0.876483966008967
2015-09-02,-0.480824548937164
2015-09-03,2.92248546489411
2015-09-04,-1.47291957329845
2015-09-07,-0.282632304663943
2015-09-08,0.257479641842506
2015-09-09,0.209412465365899
2015-09-10,1.20601969112379
2015-09-11,0.176216351114222
2015-09-14,0.450142115457819
2015-09-15,0
2015-09-16,-2.08652209519342
2015-09-17,3.40870251858889
2015-09-18,-2.2327907130486
2015-09-21,0.501724002166082
2015-09-22,1.01229284998983
2015-09-23,-1.73258407939563
2015-09-24,-2.51580303943544
2015-09-25,0.589036592104941
2015-09-28,-0.882012496062767
2015-09-29,0.483092726966561
2015-09-30,-1.3241068950963
2015-10-01,-2.7462813007884
2015-10-02,0.878965018029287
2015-10-05,1.10604498031797
2015-10-06,1.39983027659523
2015-10-07,-1.67229421326764
2015-10-08,2.8245049340101
2015-10-09,1.03860582734612
2015-10-12,-2.75471436554677
2015-10-13,-0.989464448566446
2015-10-14,-0.558173435931986
2015-10-15,1.20258190191334
2015-10-16,-0.441680254986965
2015-10-19,-1.02654481979214
2015-10-20,-0.140404270293804
2015-10-21,-0.799369466539224
2015-10-22,-1.16936098307274
2015-10-23,0.0537217227747355
2015-10-26,0.876351690987365
2015-10-27,1.11473381854532
2015-10-28,0.0292448969739123
2015-10-29,-2.34010116148138
2015-10-30,0.468846513054144
2015-11-02,0.463693129371956
2015-11-03,-0.264279398989364
2015-11-04,0.370980852546277
2015-11-05,0
2015-11-06,0
2015-11-09,-0.570394582928868
2015-11-10,-2.36042731235466
2015-11-12,1.63682649928809
2015-11-13,2.36944882926684
2015-11-16,0.526132395717172
2015-11-17,2.0601438378705
2015-11-18,0.558183371006571
2015-11-19,-0.176231534198612
2015-11-20,0.252880556417967
2015-11-23,-1.40314074231793
2015-11-24,-1.86780152909916
2015-11-25,-0.735730216907404
2015-11-26,1.17750329097186
2015-11-27,-0.230882863804638
2015-11-30,0.882654258621152
2015-12-01,-0.20903503140568
2015-12-02,-0.779008739004716
2015-12-03,-3.51436252794
2015-12-04,-3.47576578683855
2015-12-07,-2.67395610418992
2015-12-08,-2.62811752755092
2015-12-09,-4.62992309652832
2015-12-10,1.53536700559944
2015-12-11,-3.95104517618843
2015-12-14,-0.224147533051466
2015-12-15,0.603695015271866
2015-12-16,2.19211803302954
2015-12-17,2.44298450211367
2015-12-18,2.26914112020706
2015-12-21,0.937306452691011
2015-12-22,1.30733569287105
2015-12-23,-1.45474862310859
2015-12-28,-1.472897404336
2015-12-29,2.32163266829049
2015-12-30,-1.22644743685454
2016-01-04,-1.77953635251273
2016-01-05,-2.14661546990453
2016-01-07,-2.19370778861547
2016-01-08,0.310868410814136
2016-01-11,-1.22106780318716
2016-01-12,3.68063169658264
2016-01-13,0
2016-01-14,2.64273392255645
2016-01-15,-2.03548924425627
2016-01-18,-3.37767698250979
2016-01-19,0.310868410814136
2016-01-20,-3.00558916624678
2016-01-21,-1.45528198218168
2016-01-22,2.60231712345846
2016-01-25,2.44620806238398
2016-01-26,-2.69878285737093
2016-01-27,1.33038087149937
2016-01-28,0.96541377330901
2016-01-29,0.558883690256629
2016-02-01,-0.0311596588807639
2016-02-02,-3.23755360394489
2016-02-03,0.317817683197852
2016-02-04,2.9508955796278
2016-02-05,-0.0935081195080567
2016-02-08,-1.05891128427982
2016-02-09,-1.16231232445396
2016-02-10,1.31976787580053
2016-02-11,-0.0594540734808913
2016-02-12,-1.29220325249686
2016-02-15,1.88168158094348
2016-02-16,-1.05935786609006
2016-02-17,1.77322581780155
2016-02-18,4.75726382288721
2016-02-19,-0.118604435212699
2016-02-22,0.997154586981042
2016-02-23,0.582522759559012
2016-02-24,-1.40182340333994
2016-02-25,2.09382293114038
2016-02-26,0.946141537410528
2016-02-29,-1.63814106521096
2016-03-01,-0.146125271572872
2016-03-02,-3.09889994121941
2016-03-03,3.5334012733109
2016-03-04,-0.580840442124408
2016-03-07,1.72929848167684
2016-03-08,-0.715836456944885
2016-03-09,1.00329393554159
2016-03-10,2.6966158473769
2016-03-11,0.662172108239911
2016-03-14,-1.13517750234737
2016-03-15,-0.892960988120173
2016-03-16,1.25414081843584
2016-03-17,0.223526217684578
2016-03-18,0.275614500222909
2016-03-21,-2.94369640431396
2016-03-22,1.27220931680054
2016-03-23,-2.47374249151835
2016-03-24,-1.38922679564439
2016-03-29,1.01460985503441
2016-03-30,2.79173963255968
2016-03-31,0.0566197995686579
2016-04-01,-0.621423699060797
2016-04-04,1.46377786335439
2016-04-05,-2.59984634393557
2016-04-06,0.345048265662795
2016-04-07,0.851123024161415
2016-04-08,0.139046919128916
2016-04-11,-0.907280277435607
2016-04-12,-0.197773518163524
2016-04-13,0.966006876470216
2016-04-14,1.11950854752756
2016-04-15,-1.14797379639531
2016-04-18,0.561480246153279
2016-04-19,-1.30124835559222
2016-04-20,1.47096365184427
2016-04-21,-1.12738629534861
2016-04-22,-0.426467022350385
2016-04-25,-1.17740889537332
2016-04-26,-1.12940544285345
2016-04-27,-0.585935979705576
2016-04-28,1.16845873926459
2016-04-29,0.0551473583794593
2016-05-02,-0.490906234640631
2016-05-04,-0.440939423941167
2016-05-05,-0.321311751848086
2016-05-06,0.236166344555766
2016-05-09,0.235609912978862
2016-05-10,-1.91726574407056
2016-05-11,0.296089508861597
2016-05-12,1.06069360635446
2016-05-13,-0.17435648795705
2016-05-16,2.8979070113984
2016-05-17,-1.09346944021436
2016-05-18,2.31739710561869
2016-05-19,-1.93976412234922
2016-05-20,-0.925632863059178
2016-05-23,-4.03073055570977
2016-05-24,-1.83115255938873
2016-05-25,0.0310253893589518
2016-05-27,0.062021916397903
2016-05-30,-0.062021916397903
2016-05-31,-3.95833749847547
2016-06-01,-2.75942255948438
2016-06-02,1.04874269858519
2016-06-03,1.00536188422029
2016-06-06,0.28848601017919
2016-06-07,3.35317931190011
2016-06-08,0.250400075189905
2016-06-09,-1.66010887121417
2016-06-10,-2.55750119611391
2016-06-13,-2.22373848637134
2016-06-14,-0.564679411147617
2016-06-15,0
2016-06-16,-3.38347517517055
2016-06-17,0.0346774041658726
2016-06-20,3.25188770341054
2016-06-21,3.11332046412622
2016-06-22,0.515585862087065
2016-06-23,-0.255657917908314
2016-06-24,-5.28961449173941
2016-06-27,-4.16427719597787
2016-06-28,2.13679154936464
2016-06-29,-1.64265103842953
2016-06-30,0.566239568843097
2016-07-01,0.348371034388562
2016-07-04,-3.01063888386919
2016-07-05,-0.181374870866424
2016-07-06,-1.6719600299921
2016-07-07,1.31226921844587
2016-07-08,0
2016-07-11,0
2016-07-12,1.25529711121874
2016-07-13,-2.27264128076254
2016-07-14,1.19937200938081
2016-07-15,1.78640549817501
2016-07-18,2.62502829791926
2016-07-19,0.170002359156785
2016-07-20,1.84740676939339
2016-07-21,0.540470352043521
2016-07-22,-1.0153140712835
2016-07-25,3.34381640499952
2016-07-26,-1.05879857782245
2016-07-27,-2.66270067956258
2016-07-28,-2.27699885239816
2016-07-29,-1.51291200244579
2016-08-01,1.37204486379705
2016-08-02,1.70054957980557
2016-08-03,-3.10832929141496
2016-08-04,1.33727165901938
2016-08-05,-1.65547724950179
2016-08-08,2.14799280553528
2016-08-09,1.1090113275825
2016-08-10,-0.622789858956585
2016-08-11,1.06911610969465
2016-08-12,-0.933396679047549
2016-08-16,0.517915585864381
2016-08-17,-0.138878195301873
2016-08-18,-0.689524327875546
2016-08-19,-0.803969517993464
2016-08-22,-1.48033888526613
2016-08-23,-3.43061836889653
2016-08-24,1.09290705321903
2016-08-25,-0.727275932908
2016-08-26,0.217101979793943
2016-08-29,-0.032739922535141
2016-08-30,0.542913875649198
2016-08-31,0.548080051724575
2016-09-01,-2.30582551276388
2016-09-02,1.03046952813131
2016-09-05,1.45738382446958
2016-09-06,0.752897366270089
2016-09-07,1.14063612040729
2016-09-08,0.774248386798115
2016-09-09,-1.41475343091311
2016-09-12,-1.2934504488527
2016-09-13,-1.41696181817927
2016-09-14,0.694702642717715
2016-09-15,-0.694702642717715
2016-09-16,-0.699562541865539
2016-09-19,1.60986579693052
2016-09-20,-0.652291439976205
2016-09-21,0.289979577904997
2016-09-22,2.30599591664862
2016-09-23,-0.60761299826062
2016-09-26,-1.33607105631679
2016-09-27,-2.19798097311794
2016-09-28,-2.06487108030617
2016-09-29,1.51087611973604
2016-09-30,-1.26522778139444
2016-10-03,0.0422922400044268
2016-10-04,6.89026630490188
2016-10-05,3.79493402108233
2016-10-06,-2.27518364776707
2016-10-07,-1.32654407541279
2016-10-10,1.02287647462211
2016-10-11,-1.33060544275687
2016-10-12,-0.538828561995075
2016-10-13,-1.9820107188345
2016-10-14,-2.6692341488427
2016-10-17,2.82714490136478
2016-10-18,-0.751287823782532
2016-10-19,2.92437291586078
2016-10-20,0
2016-10-21,-0.424494319616819
2016-10-24,0.269980709509232
2016-10-25,-0.309745303639053
2016-10-26,0.99727764683295
2016-10-27,3.04816525960758
2016-10-28,2.1986379750472
2016-10-31,-1.31640234060919
2016-11-02,-0.882235634438011
2016-11-03,0.920088613919434
2016-11-04,0.0378386564224176
2016-11-07,0.0718540259713407
2016-11-08,0.441335281897137
2016-11-09,-0.0376449334365425
2016-11-10,2.20083730829224
2016-11-14,-1.32737108880407
2016-11-15,-1.38684925034251
2016-11-16,-0.147707717123513
2016-11-17,2.57791554586375
2016-11-18,-0.43310141919104
2016-11-21,2.69737665921537
2016-11-22,0.873650598106757
2016-11-23,-0.523993590277927
2016-11-24,0.280283341345999
2016-11-25,1.44989448343118
2016-11-28,-0.549695505972014
2016-11-29,0.962634840173138
2016-11-30,0.984849807227084
2016-12-01,-1.05531700766259
2016-12-02,-0.409691891829089
2016-12-05,2.3054667188632
2016-12-06,1.66341827344545
2016-12-07,3.53211784492204
2016-12-08,2.6087449679423
2016-12-09,-0.748105140950317
2016-12-12,-1.57539840803844
2016-12-13,1.20085404199495
2016-12-14,3.02686546041708
2016-12-15,-0.153901753134322
2016-12-16,0.57982078352663
2016-12-19,0
2016-12-20,0.30267594680895
2016-12-21,-1.70627401495671
2016-12-22,0.977679037755452
2016-12-23,-0.794030072201179
2016-12-27,-0.462934430660322
2016-12-28,-0.18450189735697
2016-12-29,2.40967934826863
2016-12-30,0.0900970934733181
2017-01-02,0.272902234743677
2017-01-03,1.54879870574929
2017-01-04,-1.93977571417738
2017-01-05,-1.06270925742864
2017-01-09,2.79491468950872
2017-01-10,1.61555381605623
2017-01-11,0.581606148406877
2017-01-12,-2.34700021389487
2017-01-13,-0.235917813972408
2017-01-16,3.96630409843879
2017-01-17,-1.64379119235676
2017-01-18,-0.321201026621631
2017-01-19,0.0871564513374334
2017-01-20,1.04296798992181
2017-01-23,-0.142801916392354
2017-01-24,0.318050353563049
2017-01-25,2.69657549290749
2017-01-26,-0.561994526663501
2017-01-27,-0.282186109955829
2017-01-30,-0.710435825856948
2017-01-31,0.143663441846087
2017-02-01,0.848958493966689
2017-02-02,-0.282186109955829
2017-02-03,0.982744788000689
2017-02-06,0.391558960529848
2017-02-07,0.332769462819682
2017-02-08,0.804385648164763
2017-02-09,0.848685396093485
2017-02-10,0.978325041331063
2017-02-13,0.0808644170938067
2017-02-14,0.807832833752364
2017-02-15,0.135387186529323
2017-02-16,-0.243275491114447
2017-02-17,0.0276747663248589
2017-02-20,-0.107974927086607
2017-02-21,1.83622335207616
2017-02-22,0.474815375254289
2017-02-23,-1.58789793150587
2017-02-24,-1.47666519426815
2017-02-27,-0.0558362894542253
2017-02-28,-2.3537146465729
2017-03-01,1.70372496566396
2017-03-02,0.0252940433876692
2017-03-03,-1.09346289750478
2017-03-06,0.300692385871359
2017-03-07,-0.551012527958683
2017-03-08,0.250320142087324
2017-03-09,-1.47103562723321
2017-03-10,2.0206743636316
2017-03-13,3.65623771980603
2017-03-14,-2.51285442649865
2017-03-15,0.108879252509908
2017-03-16,1.87412196518899
2017-03-17,1.05691376383721
2017-03-20,-1.02953300686202
2017-03-21,-1.65904458067514
2017-03-22,2.5312936848449
2017-03-23,-4.55008746863026
2017-03-24,-0.996197600163606
2017-03-27,-2.10759928328161
2017-03-28,1.77427521960123
2017-03-29,-0.841106194342345
2017-03-30,0.728790315759165
2017-03-31,-2.80523303480997
2017-04-03,1.82359808371495
2017-04-04,1.01044592251216
2017-04-05,1.60597822272446
2017-04-06,1.52756328523336
2017-04-07,1.37248629702071
2017-04-10,0.398499970829747
2017-04-11,0.794988410207287
2017-04-12,-1.99806023164677
2017-04-13,0.481861912701964
2017-04-18,0.107685733764384
2017-04-19,3.49809262581413
2017-04-20,1.46026614703021
2017-04-21,-0.944622977022824
2017-04-24,0.768513375591651
2017-04-25,2.26815455881746
2017-04-26,4.39249602319962
2017-04-27,2.56832436781349
2017-04-28,-0.44478176875975
2017-05-02,2.7661388656667
2017-05-04,0.453674600681087
2017-05-05,0.811000529523076
2017-05-08,0.201149160917469
2017-05-09,0.915075130474063
2017-05-10,-2.58502182509583
2017-05-11,0.272070718536099
2017-05-12,0.271332501794674
2017-05-15,2.04161860476506
2017-05-16,-0.422009295828252
2017-05-17,-0.828539571678588
2017-05-18,-1.13035055408885
2017-05-19,4.55425823265831
2017-05-22,1.40101918020301
2017-05-23,-0.622475289002233
2017-05-24,0.408037112013027
2017-05-25,0.386540068459995
2017-05-26,-1.68291639287541
2017-05-29,-0.0201795984944741
2017-05-30,-4.0850024961316
2017-05-31,0.407949746955261
2017-06-01,0.359942333460284
2017-06-02,1.02853569126093
2017-06-05,-1.68203398782603
2017-06-06,0.495747602690333
2017-06-07,-0.157999939928111
2017-06-08,2.62771421138459
2017-06-09,-0.176830696723895
2017-06-12,-0.994238915431378
2017-06-13,0.553068417741853
2017-06-14,-2.46185446358385
2017-06-16,0.452141446612675
2017-06-19,0.56347321872523
2017-06-20,0
2017-06-21,-0.833580028499714
2017-06-22,0.158426947073353
2017-06-23,1.03291869979114
2017-06-26,1.19781110792792
2017-06-27,1.46895296760436
2017-06-28,-0.808644921824264
2017-06-29,-0.0203566945954581
2017-06-30,-2.21865374244326
2017-07-03,0.870451772460745
2017-07-04,-1.86294077283273
2017-07-05,0.656564487509126
2017-07-06,0.312793498696085
2017-07-07,-1.30863880303584
2017-07-10,-0.114914237385033
2017-07-11,0.454195054215667
2017-07-12,-0.407275332996448
2017-07-13,0.95006491997558
2017-07-14,-0.428395803128678
2017-07-17,-0.0233350446757985
2017-07-18,0.226120499633931
2017-07-19,1.14601830736043
2017-07-20,1.54868330520492
2017-07-21,-0.240548384497741
2017-07-24,-2.09388461289248
2017-07-25,-0.0440922230783958
2017-07-26,-0.248672519699467
2017-07-27,-0.0442215272943081
2017-07-28,0.450608153346677
2017-07-31,-0.473890498449636
2017-08-01,-0.656460055639219
2017-08-02,1.77945598514677
2017-08-03,3.09900237272585
2017-08-04,-0.541667058433104
2017-08-07,-0.328215567893286
2017-08-08,2.24658503983131
2017-08-09,-0.707044638851695
2017-08-10,-0.799211725182314
2017-08-11,-1.39774273913895
2017-08-14,0.352965499830304
2017-08-16,0.196306345970054
2017-08-17,-1.76472492549782
2017-08-18,-0.110187789487481
2017-08-21,0.222546063652995
2017-08-22,1.2571047560241
2017-08-23,0.395261895308208
2017-08-24,2.0548438988564
2017-08-25,1.8033096176123
2017-08-28,1.91615425946794
2017-08-29,-0.76463422522508
2017-08-30,0.724199659505365
2017-08-31,0.102118977472765
2017-09-01,0.206047676268017
2017-09-04,0.554428371288918
2017-09-05,-0.0401034251588772
2017-09-06,0.427643664606503
2017-09-07,-1.66393190039646
2017-09-08,-1.14576861519109
2017-09-11,0.876093987361948
2017-09-12,-1.06653313686929
2017-09-13,0.231509131170826
2017-09-14,-0.188195649172584
2017-09-15,0.544148521527665
2017-09-18,-1.70710426537632
2017-09-19,-0.168813413617297
2017-09-20,-1.0277764099873
2017-09-21,1.0277764099873
2017-09-22,2.31426041657992
2017-09-25,-2.1235440766441
2017-09-26,-0.703284145304828
2017-09-27,-1.33437443542403
2017-09-28,0.690502799236326
2017-09-29,2.08684124347482
2017-10-02,0.47712083571394
2017-10-03,0.345572698115104
2017-10-04,-1.04032147608861
2017-10-05,-0.414802472284626
2017-10-06,1.21767105752553
2017-10-09,0.237452890847711
2017-10-10,0.279901140862027
2017-10-11,2.56832539937095
2017-10-12,-1.30775962073431
2017-10-13,-0.212539931231381
2017-10-16,0.636269378782872
2017-10-17,-1.34087355361627
2017-10-18,0.448958530703303
2017-10-19,-1.24491841765693
2017-10-20,1.37282293306891
2017-10-23,-0.0426166637602421
2017-10-24,-0.491401480242937
2017-10-25,-4.24385642619809
2017-10-26,-0.650153618481397
2017-10-27,3.64399376825637
2017-10-30,0.842246637469612
2017-10-31,1.02696666374564
2017-11-02,-0.383877630716567
2017-11-03,-1.50702529209985
2017-11-06,2.46397039371491
2017-11-07,0.316957476127921
2017-11-08,-0.316957476127921
2017-11-09,-3.13869272707477
2017-11-10,-0.877391020062968
2017-11-13,-2.88320340155743
2017-11-14,-0.317965291737954
2017-11-15,0.793025567597772
2017-11-16,2.49622945599137
2017-11-17,0.920251893116175
2017-11-20,0.326619778662129
2017-11-21,1.93762789631386
2017-11-22,0.170430377853314
2017-11-23,-1.22070259776823
2017-11-24,-1.32308621329456
2017-11-27,0.30521061408133
2017-11-28,-0.808659198516093
2017-11-29,-1.70414658548519
2017-11-30,-0.806817464951015
2017-12-01,-0.609413916299406
2017-12-04,2.19444542545593
2017-12-05,-2.23973528130257
2017-12-06,1.37219563937556
2017-12-07,-1.94005633625989
2017-12-08,-1.14548789747664
2017-12-11,0.8032171697264
2017-12-12,0
2017-12-13,-0.205926168182557
2017-12-14,0.775728279646337
2017-12-15,-3.02249331483906
2017-12-18,2.45269120337528
2017-12-19,-1.31141877169618
2017-12-20,-1.09443402332863
2017-12-21,-1.58115388446247
2017-12-22,-1.89704332280605
2017-12-27,-1.17045959495279
2017-12-28,3.18636659513172
2017-12-29,0.16617214506276
2018-01-03,2.7373331518711
2018-01-04,3.78172540185018
2018-01-05,-1.63552430262701
2018-01-08,-0.113007131474951
2018-01-09,0.833244321008531
2018-01-10,-0.0897464722567243
2018-01-11,1.33781259461765
2018-01-12,0.486081381287784
2018-01-15,-0.596884716723967
2018-01-16,0.110803335436183
2018-01-17,-0.510714999275219
2018-01-18,-0.379168514937778
2018-01-19,0.668153933348226
2018-01-22,2.30399659482559
2018-01-23,1.12166836050083
2018-01-24,-1.16506172199751
2018-01-25,1.12215247439642
2018-01-26,1.57550629542378
2018-01-29,-1.79032914925275
2018-01-30,-1.62605208717803
2018-01-31,-0.0218603126894923
2018-02-01,-3.49273629861999
2018-02-02,-1.5284887513797
2018-02-05,0.11487652038733
2018-02-06,-4.12526268386877
2018-02-07,2.78451213270796
2018-02-08,1.52427893486147
2018-02-09,-0.643828390896717
2018-02-12,1.71530792262491
2018-02-13,1.99804604002809
2018-02-14,0.02222469172386
2018-02-15,-1.81639706276711
2018-02-16,0.878680881507421
2018-02-19,-0.630065090663301
2018-02-20,-0.316527508224995
2018-02-21,-0.204012311494406
2018-02-22,-1.53198377475365
2018-02-23,0.459770924862957
2018-02-26,1.81823190831905
2018-02-27,-1.08696722369039
2018-02-28,-2.74685475453418
2018-03-01,-1.98541146969902
2018-03-02,-0.814961365748612
2018-03-05,0.767205872959487
2018-03-06,0.28619146650497
2018-03-07,1.58302183471024
2018-03-08,0.0702987726666215
2018-03-09,2.3383401331674
2018-03-12,0.820423927265246
2018-03-13,-0.181735624758206
2018-03-14,0.136332672786432
2018-03-15,0.249461519548966
2018-03-16,-3.17560048111516
2018-03-19,-1.93584893256018
2018-03-20,2.12272121305732
2018-03-21,1.96424570577558
2018-03-22,-1.75443096509094
2018-03-23,0.139632324292727
2018-03-26,-0.864188491644358
2018-03-27,-0.611766613865106
2018-03-28,-1.11547377103758
2018-03-29,-0.358637563122732
2018-04-03,1.21415608910458
2018-04-04,-2.58883105882672
2018-04-05,1.51828437688306
2018-04-06,-0.479502237362395
2018-04-09,-1.23324014926607
2018-04-10,-0.487805845343336
2018-04-11,0.244200365555214
2018-04-12,3.99240304956008
2018-04-13,-0.469815287472874
2018-04-16,-0.637772328321384
2018-04-17,2.57324139664781
2018-04-18,-0.277520992178282
2018-04-19,1.88122088315996
2018-04-20,-2.25245100786768
2018-04-23,-0.582820160076691
2018-04-24,-0.892443687427136
2018-04-25,0.962561722320521
2018-04-26,-0.797564631264125
2018-04-27,0.540224449476057
2018-04-30,0.537321699262749
2018-05-02,-1.57335639593152
2018-05-04,-2.08066814857855
2018-05-07,-1.73069523982639
2018-05-08,-1.78620477068496
2018-05-09,0.847462699097212
2018-05-10,-0.722384508931961
2018-05-11,0.523626679524636
2018-05-14,0.0497265052514351
2018-05-15,-2.46615417332796
2018-05-16,-0.536468268352541
2018-05-17,-1.65293019512109
