2010-07-01,-0.0465327023078554
2010-07-02,0.195780983685223
2010-07-05,-0.195780983685223
2010-07-06,0.396059486505007
2010-07-07,-0.396059486505007
2010-07-08,0.982371667381154
2010-07-09,0.587717701520307
2010-07-12,1.16517345157323
2010-07-13,-1.35827962338937
2010-07-14,-0.588857068502802
2010-07-15,-0.194623586552067
2010-07-16,-0.197443055525448
2010-07-19,0
2010-07-20,-0.597133583824139
2010-07-21,0.396855081004355
2010-07-22,1.1812022134001
2010-07-23,0.193106171816138
2010-07-26,-0.976586826871007
2010-07-27,0.783480655054869
2010-07-28,-0.588857068502802
2010-07-29,0.588857068502802
2010-07-30,0
2010-08-02,0
2010-08-03,-0.195900661235915
2010-08-04,0
2010-08-05,-0.198710868468255
2010-08-06,0.198710868468255
2010-08-09,0
2010-08-10,0
2010-08-11,-0.198710868468255
2010-08-12,0.587717701520307
2010-08-13,-0.587717701520307
2010-08-16,0.977619276122166
2010-08-17,-0.194760758373969
2010-08-18,0.194760758373969
2010-08-19,-0.389901574601859
2010-08-20,0.19514081622789
2010-08-23,3.63014550685858
2010-08-24,-0.188177406874868
2010-08-25,0
2010-08-26,-0.561989190003853
2010-08-27,0.186902841596259
2010-08-30,1.1256806150904
2010-08-31,0.184467862676629
2010-09-01,-0.371588910634202
2010-09-02,1.85336851499465
2010-09-03,1.27654589890378
2010-09-06,1.6139063206134
2010-09-07,-1.25374710349178
2010-09-08,1.96568155415235
2010-09-09,-0.888503755826298
2010-09-10,-0.718311074180722
2010-09-13,2.84063274708046
2010-09-14,3.09610387685824
2010-09-15,2.34578401614678
2010-09-16,1.643360600235
2010-09-17,0.484379244493494
2010-09-20,-0.32131767779906
2010-09-21,-1.63861629118383
2010-09-22,-1.5018050195494
2010-09-23,-2.20564001387924
2010-09-24,4.19900688194124
2010-09-27,-0.166982342748367
2010-09-28,0.331655016857235
2010-09-29,0
2010-09-30,0.326509380612006
2010-10-01,-0.164135438423485
2010-10-04,0.820007826373836
2010-10-05,0.485593698395359
2010-10-06,-0.648655265089793
2010-10-07,-0.983992875976791
2010-10-08,-0.328119721704234
2010-10-11,0.492792395813102
2010-10-12,-0.331655016857235
2010-10-13,0.822030872874602
2010-10-14,0
2010-10-15,-0.822030872874602
2010-10-18,0.494028959045756
2010-10-19,-0.655166338001623
2010-10-20,0.819301776425108
2010-10-21,-0.164135438423485
2010-10-22,0.328001913828846
2010-10-25,1.78304267017997
2010-10-26,3.47153424969691
2010-10-27,3.05228801794621
2010-10-28,-0.756256697026925
2010-10-29,-1.29416234260435
2010-11-02,1.29416234260435
2010-11-03,-0.760130849601048
2010-11-04,1.06145145975689
2010-11-05,0.60550353141231
2010-11-08,-1.35957286959225
2010-11-09,1.05634785095694
2010-11-10,2.82153833520762
2010-11-12,0.292995452953537
2010-11-15,-2.2131422221469
2010-11-16,-1.35328111806847
2010-11-17,-1.37184634281049
2010-11-18,0.612872194137326
2010-11-19,-0.152866271806507
2010-11-22,-3.09965550515625
2010-11-23,3.55755505872506
2010-11-24,-2.77552031583108
2010-11-25,1.24478152671261
2010-11-26,-1.86914126151561
2010-11-29,-0.634154653530827
2010-11-30,-1.91697898209446
2010-12-01,3.79982097259162
2010-12-02,1.69329316009894
2010-12-03,0.457899553568808
2010-12-06,-0.150517431991859
2010-12-07,0.905322809899056
2010-12-08,-0.452574081874957
2010-12-09,-0.452748728024099
2010-12-10,0.452748728024099
2010-12-13,-0.151940078564095
2010-12-14,-0.914626148724951
2010-12-15,1.519140309164
2010-12-16,2.38762828552916
2010-12-17,1.46135856804932
2010-12-20,-0.728009846697208
2010-12-21,0.288954907401862
2010-12-22,-0.729408397670062
2010-12-23,-0.884937306855504
2010-12-27,-1.04273157895247
2010-12-28,1.33736345675775
2010-12-29,-0.595648954702965
2010-12-30,-2.30391090575872
2010-12-31,-0.158135540022952
2011-01-03,1.27115992807376
2011-01-04,0.599065175466729
2011-01-05,-1.80807060051775
2011-01-07,0.905322809899056
2011-01-10,-1.21270493147601
2011-01-11,0.608190771036954
2011-01-12,-0.914626148724951
2011-01-13,0.764334931256805
2011-01-14,0.754805377907197
2011-01-17,-1.21270493147601
2011-01-18,1.06145145975689
2011-01-19,-3.37907222201916
2011-01-20,1.5497644172227
2011-01-21,-1.39331671319618
2011-01-24,-0.938482446920497
2011-01-25,0.313159763041249
2011-01-26,-0.313159763041249
2011-01-27,-0.951306892387493
2011-01-28,-1.44215173514681
2011-01-31,1.60525986481046
2011-02-01,-0.478286170537423
2011-02-02,-0.161914576088962
2011-02-03,-1.61163682291074
2011-02-04,2.24791037963734
2011-02-07,0.94980096071462
2011-02-08,1.24868733696633
2011-02-09,-2.19848829768095
2011-02-10,-1.92109632247488
2011-02-11,0.966152596522418
2011-02-14,-0.966152596522418
2011-02-15,-0.485593698395359
2011-02-16,-0.655872387950351
2011-02-17,-0.982743903233474
2011-02-18,1.14661037863883
2011-02-21,-0.822030872874602
2011-02-22,0.331655016857235
2011-02-23,0.982381768562357
2011-02-24,-0.49200591254499
2011-02-25,-0.328001913828846
2011-02-28,1.09720549703973
2011-03-01,0.0441200071331638
2011-03-02,0.806761969053049
2011-03-03,0.323666648065668
2011-03-04,-0.966152596522418
2011-03-07,0
2011-03-08,1.92109632247488
2011-03-09,1.73060839954413
2011-03-10,0.625272586917514
2011-03-11,-0.1573926887807
2011-03-14,-0.155716857532973
2011-03-15,-2.36138710943012
2011-03-16,-1.11923357673716
2011-03-17,1.27866830625545
2011-03-18,2.666462409347
2011-03-21,-1.08981362050278
2011-03-22,-3.01880052399104
2011-03-23,0.64638894895821
2011-03-24,-0.323666648065668
2011-03-25,-0.159238872001177
2011-03-28,0.482905520066845
2011-03-29,0.158472359934891
2011-03-30,0.637290426253712
2011-03-31,-0.16140464885015
2011-04-01,0.00196991933185675
2011-04-04,-0.155743311355483
2011-04-05,-0.963490265381672
2011-04-06,0.322195982784046
2011-04-07,1.27458121993076
2011-04-08,0.317100171754392
2011-04-11,-0.160381821266098
2011-04-12,0
2011-04-13,0.476479645439842
2011-04-14,-0.633197995928136
2011-04-15,-0.633286937333133
2011-04-18,0.155743311355483
2011-04-19,0
2011-04-20,0.318615669282152
2011-04-21,-0.318615669282152
2011-04-26,-0.63632805667031
2011-04-27,-0.160709537282799
2011-04-28,0.319181897217691
2011-04-29,-0.836791700910378
2011-05-02,0.678319340975486
2011-05-04,-2.92692045929324
2011-05-05,-0.830186485625006
2011-05-06,2.14229908330603
2011-05-09,0.484379244493494
2011-05-10,0.806761969053049
2011-05-11,1.59425668120192
2011-05-12,-0.634261976465944
2011-05-13,-0.63632805667031
2011-05-16,1.43097185440235
2011-05-17,-0.317100171754392
2011-05-18,1.88384348345247
2011-05-19,2.30690957120072
2011-05-20,0.30223129603224
2011-05-23,-2.29603132091929
2011-05-24,0.46306123576858
2011-05-25,1.83297008515071
2011-05-26,-1.06656622728905
2011-05-27,-0.153570544642823
2011-05-30,1.67271085380682
2011-05-31,-0.501319817588408
2011-06-01,-0.253485560318789
2011-06-02,0.150291217468146
2011-06-03,0.453260688719936
2011-06-06,-0.301320610155842
2011-06-07,1.18505551262811
2011-06-08,0.307009673360437
2011-06-09,0
2011-06-10,0.151308291774677
2011-06-13,-0.887116780736297
2011-06-14,0.150567444541228
2011-06-15,0.745768050190998
2011-06-16,0.294551022975686
2011-06-17,0
2011-06-20,0.15245725425741
2011-06-21,0.454155009914214
2011-06-22,0
2011-06-24,-0.301929834025128
2011-06-27,-0.152225175889087
2011-06-28,0.906256773505976
2011-06-29,0.299665144381978
2011-06-30,-1.35837917214536
2011-07-01,-0.455078028746292
2011-07-04,1.36271125416598
2011-07-05,-1.82357994518969
2011-07-06,-1.38796418598872
2011-07-07,1.84883287701243
2011-07-08,-1.22999581228331
2011-07-11,0.615031012790745
2011-07-12,-1.54850259830144
2011-07-13,-0.154854335705701
2011-07-14,-0.312325753845144
2011-07-15,0.623679070309469
2011-07-18,-2.84352179368594
2011-07-19,0.639560092861369
2011-07-20,0.319212624189125
2011-07-21,1.10548996507793
2011-07-22,1.09152422609502
2011-07-25,0.619753521367916
2011-07-26,0.152942303430148
2011-07-27,-1.24145992009419
2011-07-28,0.933471585510692
2011-07-29,-0.464707490214566
2011-08-01,-0.468764095296126
2011-08-02,0.468764095296126
2011-08-03,-1.56544523188511
2011-08-04,-3.2044145476005
2011-08-05,-2.81084037183119
2011-08-08,-7.83405480170409
2011-08-09,-7.91282979926415
2011-08-10,-2.58257101312864
2011-08-11,6.23839139764999
2011-08-12,0.565449875241875
2011-08-16,2.59877288206136
2011-08-17,-1.10486054756709
2011-08-18,0
2011-08-19,-2.81907162112187
2011-08-22,3.55774114062151
2011-08-23,-2.61071442300258
2011-08-24,-2.48164306487375
2011-08-25,0
2011-08-26,-0.581901733482315
2011-08-29,1.54582072190468
2011-08-30,1.33040677021818
2011-08-31,0.942157986500924
2011-09-01,0.185562397667982
2011-09-02,-1.88742979555463
2011-09-05,-4.87694289683169
2011-09-06,3.14795392535603
2011-09-07,3.80389411698798
2011-09-08,-2.26400650942977
2011-09-09,-3.69371860129606
2011-09-12,-1.99822798486273
2011-09-13,-1.01675810843775
2011-09-14,1.41912407224973
2011-09-15,4.32935058398645
2011-09-16,0.386127808721826
2011-09-19,-1.54882257588493
2011-09-20,-0.389799569856808
2011-09-21,0
2011-09-22,-5.22068876079955
2011-09-23,-1.03783739693322
2011-09-26,0.622992368652264
2011-09-27,3.86118006598548
2011-09-28,0
2011-09-29,-0.803139446972034
2011-09-30,2.38320793622917
2011-10-03,1.55549017574204
2011-10-04,-0.193995549861237
2011-10-05,-0.19437262422084
2011-10-06,0.388368174082077
2011-10-07,-0.97140537204734
2011-10-10,1.35594503976406
2011-10-11,1.71579054106259
2011-10-12,2.05936220973615
2011-10-13,-0.931641825567242
2011-10-14,-0.373739067151035
2011-10-17,0
2011-10-18,0.373739067151035
2011-10-19,0.374599887431315
2011-10-20,0.186775035450659
2011-10-21,3.29058522946066
2011-10-24,2.48581435312412
2011-10-25,-0.704865619175887
2011-10-26,-2.86802294587865
2011-10-27,1.62512983613348
2011-10-28,0.177270513594996
2011-10-31,-1.07491724565432
2011-11-02,-3.49236904448638
2011-11-03,0.931641825567242
2011-11-04,-2.43505275310296
2011-11-07,1.12967186038468
2011-11-08,1.48888360723747
2011-11-09,-2.43053376681204
2011-11-10,-0.761141932746479
2011-11-14,0.573120231936364
2011-11-15,1.12967186038468
2011-11-16,0.93511399003301
2011-11-17,0
2011-11-18,-1.50177800081768
2011-11-21,-1.90310784729579
2011-11-22,-1.54947369283602
2011-11-23,-1.37726514270062
2011-11-24,0.394421250686938
2011-11-25,-0.198211386820213
2011-11-28,4.0706289693657
2011-11-29,0.941140418608688
2011-11-30,1.86281331738145
2011-12-01,-0.368900982887177
2011-12-02,-0.370266902685268
2011-12-05,-0.373899572924286
2011-12-06,-0.373037747625671
2011-12-07,0.185562397667982
2011-12-08,-0.940403077935703
2011-12-09,0.754840680267721
2011-12-12,-2.08505385045548
2011-12-13,-1.53820502787263
2011-12-14,0.965310350764592
2011-12-15,0
2011-12-16,-2.92673883553665
2011-12-19,-0.99412293161818
2011-12-20,2.3713880743188
2011-12-21,0.38903674177575
2011-12-22,-1.37188063378944
2011-12-23,1.37188063378944
2011-12-27,0.195126600295681
2011-12-28,1.350694121609
2011-12-29,2.08438808723606
2011-12-30,0.470908726228747
2012-01-02,-0.0971696590777116
2012-01-03,1.67031134506688
2012-01-04,0.728838750984773
2012-01-05,-0.54668529190729
2012-01-09,-0.920822978577118
2012-01-10,0
2012-01-11,0.368900982887177
2012-01-12,0.551921995689941
2012-01-13,-0.737320264057928
2012-01-16,-0.740544652655117
2012-01-17,-1.12348007228531
2012-01-18,1.4944379050247
2012-01-19,-0.370957832739394
2012-01-20,-0.187124537473626
2012-01-23,-0.373037747625671
2012-01-24,0.185562397667982
2012-01-25,-0.748880184853995
2012-01-26,-0.754530742681725
2012-01-27,-0.573120231936364
2012-01-30,2.07653115947208
2012-01-31,0.891315630917333
2012-02-01,1.32888623503089
2012-02-02,-0.919659057493805
2012-02-03,0.369768536612458
2012-02-06,-0.186940901016674
2012-02-07,-1.29589509409251
2012-02-08,1.11306745849673
2012-02-09,0
2012-02-10,0
2012-02-13,-0.185398268367987
2012-02-14,1.10505732586179
2012-02-15,0.909087164625677
2012-02-16,-1.27682422642954
2012-02-17,1.81659236640703
2012-02-20,-2.92349945038068
2012-02-21,0.186084105396533
2012-02-22,-0.931641825567242
2012-02-23,-1.69638578583136
2012-02-24,1.88386113578904
2012-02-27,-3.22423654779014
2012-02-28,-0.579657569197845
2012-02-29,-1.19558567508915
2012-03-01,0.222748907267079
2012-03-02,1.93862214574174
2012-03-05,-1.15818788688546
2012-03-06,-1.76521862090533
2012-03-07,0.790499128211164
2012-03-08,-1.58006848925714
2012-03-09,0
2012-03-12,1.77435372309502
2012-03-13,0.389799569856808
2012-03-14,0.777409822186104
2012-03-15,-1.16720939204291
2012-03-16,3.64885245691666
2012-03-19,-1.51772407645139
2012-03-20,0.187510906263633
2012-03-21,-0.957434344824759
2012-03-22,-2.94058694633743
2012-03-23,2.35981626328956
2012-03-26,1.350694121609
2012-03-27,0
2012-03-28,-0.769923438561126
2012-03-29,-2.14777791713299
2012-03-30,0.143041077171535
2012-04-02,1.61636866587938
2012-04-03,-1.16712200165996
2012-04-04,-1.18330459603548
2012-04-05,0.39280546782432
2012-04-10,-1.39131841881868
2012-04-11,1.19510855495195
2012-04-12,1.18099422591578
2012-04-13,-0.984784362049052
2012-04-16,1.37458393190586
2012-04-17,-1.37458393190586
2012-04-18,-1.39131841881868
2012-04-19,0.601749057772705
2012-04-20,-3.24204487472453
2012-04-23,-3.77364990664877
2012-04-24,-1.94160587896701
2012-04-25,1.51424926693831
2012-04-26,-0.429190790051726
2012-04-27,0.644392397664872
2012-04-30,0.0207178744201952
2012-05-02,-1.31630577365998
2012-05-04,-2.85570215057684
2012-05-07,0.218443743232744
2012-05-08,-2.70869802638536
2012-05-09,1.5871605621155
2012-05-10,1.34488098126131
2012-05-11,0
2012-05-14,-2.02005131297036
2012-05-15,-2.76130825590077
2012-05-16,0.928933923279884
2012-05-17,-4.00389706236164
2012-05-18,3.54191194814937
2012-05-21,-0.23038895333416
2012-05-22,-1.64205439301992
2012-05-23,-2.15329350363027
2012-05-24,0.965320204969733
2012-05-25,0
2012-05-28,0
2012-05-29,1.89177013743869
2012-05-30,-0.703796838778148
2012-05-31,1.32087307223456
2012-06-01,-0.850176572103978
2012-06-04,0.934798037155882
2012-06-05,-2.09988199355267
2012-06-06,3.25204275209163
2012-06-08,7.58961679552557
2012-06-11,-0.681782527111663
2012-06-12,1.27936821191099
2012-06-13,0
2012-06-14,-0.208234325922674
2012-06-15,1.64120122213951
2012-06-18,-0.583965504527173
2012-06-19,1.46360722391794
2012-06-20,-1.55022260610989
2012-06-21,-0.454685569282454
2012-06-22,-0.905286125014593
2012-06-25,-0.23019732118077
2012-06-26,3.59356649361606
2012-06-27,-0.664187812061812
2012-06-28,-1.11772563312116
2012-06-29,2.66481707519532
2012-07-02,-0.44172094553947
2012-07-03,-1.1053704965347
2012-07-04,-1.56373965094634
2012-07-05,-0.681774221707832
2012-07-06,-2.76397539154818
2012-07-09,-1.17280780498799
2012-07-10,0.467047380164876
2012-07-11,2.32648193862421
2012-07-12,-1.15647547412314
2012-07-13,2.7513479891655
2012-07-16,1.57487570039023
2012-07-17,1.32439003150335
2012-07-18,-0.658750760292826
2012-07-19,3.47632205220292
2012-07-20,-0.640390302531979
2012-07-23,-5.52806535856698
2012-07-24,2.02649433768551
2012-07-25,0.219019534968656
2012-07-26,-2.01688362727945
2012-07-27,3.77916455616949
2012-07-30,-0.873519711735615
2012-07-31,1.30989479863861
2012-08-01,-1.09328551925834
2012-08-02,0
2012-08-03,0.221104369313618
2012-08-06,0.872181149944717
2012-08-07,1.51127768010673
2012-08-08,1.69864135895237
2012-08-09,2.49621844375485
2012-08-10,-0.619990798202563
2012-08-13,-1.24689894797338
2012-08-14,-0.629328697578901
2012-08-16,-0.209863665692134
2012-08-17,0.209863665692134
2012-08-20,0
2012-08-21,1.4638849110393
2012-08-22,-0.834556213460402
2012-08-23,2.07115619913241
2012-08-24,-0.411279377963458
2012-08-27,-1.03448391353897
2012-08-28,0.209163305830429
2012-08-29,-0.624082096197154
2012-08-30,1.24429355125986
2012-08-31,0.616388530609302
2012-09-03,-0.616388530609302
2012-09-04,0.412122077652843
2012-09-05,-0.207012925007
2012-09-06,0.207012925007
2012-09-07,0
2012-09-10,0
2012-09-11,0.613861249623193
2012-09-12,0.814190656573954
2012-09-13,0.602906731734465
2012-09-14,1.39954126471193
2012-09-17,0.197384717428606
2012-09-18,0.39806833135021
2012-09-19,0.587490841221339
2012-09-20,-0.195447036119911
2012-09-21,-3.39851153522097
2012-09-24,-1.84543485374906
2012-09-25,0.618936707439244
2012-09-26,-0.412977873195564
2012-09-27,0.412977873195564
2012-09-28,0.820874174630193
2012-10-01,0.814190656573954
2012-10-02,0
2012-10-03,-0.814190656573954
2012-10-04,-1.43981088206944
2012-10-05,1.23406614093688
2012-10-08,-0.615129433497641
2012-10-09,-0.412977873195564
2012-10-10,-1.24689894797338
2012-10-11,-1.68789444394124
2012-10-12,-1.06745782257698
2012-10-15,0.640390302531979
2012-10-16,0.852318926705076
2012-10-17,0.842738500013751
2012-10-18,0
2012-10-19,-0.209424160311489
2012-10-22,-1.2706651269115
2012-10-23,-1.9392539121476
2012-10-24,-1.53446820373122
2012-10-25,1.09809311682822
2012-10-26,-0.65691043235534
2012-10-29,0.876568693070401
2012-10-30,-1.09317797245068
2012-10-31,-2.90564484443387
2012-11-02,0.899157994158295
2012-11-05,-0.676169602237731
2012-11-06,-0.905286125014593
2012-11-07,-1.6121190339937
2012-11-08,-2.58511284012848
2012-11-09,-1.44098231549394
2012-11-12,3.56029871086601
2012-11-13,1.1565370247375
2012-11-14,-0.690740579981086
2012-11-15,0.463636836966663
2012-11-16,3.4040920856155
2012-11-19,-0.674154161336138
2012-11-20,-4.36083126026916
2012-11-21,-0.236692795635141
2012-11-22,0
2012-11-23,2.32648193862421
2012-11-26,1.82502809945491
2012-11-27,0
2012-11-28,0.44601401782518
2012-11-29,-1.12778823953301
2012-11-30,-1.60214968474635
2012-12-03,2.05376832204163
2012-12-04,0.904775965609028
2012-12-05,0.670099734781204
2012-12-06,1.10778075212308
2012-12-07,-2.90564484443387
2012-12-10,1.34825484792214
2012-12-11,0.668628779357316
2012-12-12,-0.219019534968656
2012-12-13,0
2012-12-14,1.32439003150335
2012-12-17,1.53021397400155
2012-12-18,0.646967015376565
2012-12-19,-1.08389547011978
2012-12-20,-0.651564573718866
2012-12-21,2.59081848586646
2012-12-27,0
2012-12-28,1.2706651269115
2013-01-02,1.25472160520887
2013-01-03,0.415547206099731
2013-01-04,2.04992685447112
2013-01-07,-0.815860713534233
2013-01-08,0.408762390339379
2013-01-09,-0.408762390339379
2013-01-10,-0.820238586143485
2013-01-11,-0.620211455062702
2013-01-14,0.412342734512983
2013-01-15,-2.72314292087141
2013-01-16,2.72314292087141
2013-01-17,1.23385204782576
2013-01-18,0
2013-01-21,0.814190656573954
2013-01-22,-0.814190656573954
2013-01-23,0
2013-01-24,-2.48075099579914
2013-01-25,-2.11496196398624
2013-01-28,-1.07449497409924
2013-01-29,1.28946311359508
2013-01-30,-1.07217521941407
2013-01-31,1.70952600662331
2013-02-01,-3.2281692730757
2013-02-04,-3.79260531472834
2013-02-05,0
2013-02-06,0
2013-02-07,0.681774221707832
2013-02-08,0.895110871589022
2013-02-11,0.44960924438866
2013-02-12,0.883207347030468
2013-02-13,-0.217568075819941
2013-02-14,0.879855129606444
2013-02-15,-1.32647486584831
2013-02-18,2.41735887606802
2013-02-19,-1.75317106400621
2013-02-20,-4.97548820642899
2013-02-21,-0.933772710279634
2013-02-22,0.235583840444464
2013-02-25,0.69818886983517
2013-02-26,-1.63853474598334
2013-02-27,3.02045645879627
2013-02-28,0.75070973117517
2013-03-01,3.72576039245325
2013-03-04,0.870267433993854
2013-03-05,2.5710474934141
2013-03-06,-0.426746589949123
2013-03-07,-0.638717991088211
2013-03-08,0
2013-03-11,-1.50558291237677
2013-03-12,1.93265043242177
2013-03-13,-1.06745782257698
2013-03-14,0.213919424261477
2013-03-15,-3.27040264178078
2013-03-18,-0.226068268393509
2013-03-19,0.664187812061812
2013-03-20,-1.78191344518297
2013-03-21,0.228606363371298
2013-03-22,-1.81006209062362
2013-03-25,-1.6121190339937
2013-03-26,-0.233942830157208
2013-03-27,1.61586454297014
2013-03-28,-2.0801105826481
2013-04-02,2.0801105826481
2013-04-03,-2.78587100747121
2013-04-04,-0.467047380164876
2013-04-05,-1.19214016651419
2013-04-08,0.237947277182826
2013-04-09,0.240076724026039
2013-04-10,1.1811635454702
2013-04-11,0.938152849901863
2013-04-12,0
2013-04-15,-2.83856888093079
2013-04-17,-6.43033610919879
2013-04-18,-0.260794120574248
2013-04-19,0.255006078667197
2013-04-22,0.254357451354137
2013-04-23,1.51839277676988
2013-04-24,0.252729756419678
2013-04-25,4.17155260018485
2013-04-26,-1.20961492384801
2013-04-29,0.726976660290091
2013-04-30,1.77719845587434
2013-05-02,-1.50423527287793
2013-05-06,-0.027262813691209
2013-05-07,0.280451628961598
2013-05-08,0.252549388125889
2013-05-09,0.500494775060978
2013-05-10,0.498002294420674
2013-05-13,-0.576292864406436
2013-05-14,1.65793306513138
2013-05-15,0.233483788743505
2013-05-16,0.467976265523218
2013-05-17,0.675616076915242
2013-05-20,-0.675616076915242
2013-05-21,-1.78310025499167
2013-05-22,0.743716643607861
2013-05-23,-1.49030053050214
2013-05-24,1.24479030657816
2013-05-27,2.92523984121349
2013-05-28,-0.483808981168199
2013-05-29,1.91623248388018
2013-05-31,2.80472356882584
2013-06-03,-1.86020350587228
2013-06-04,0
2013-06-05,0.699435982325869
2013-06-06,-0.466589328060496
2013-06-07,1.39578015976187
2013-06-10,0.690651657180896
2013-06-11,-0.690651657180896
2013-06-12,1.6025270609658
2013-06-13,-2.06479097429881
2013-06-14,-0.69868840864511
2013-06-17,2.30858107339036
2013-06-18,-1.60989266474525
2013-06-19,0.23264841823436
2013-06-20,-10.2308449403199
2013-06-21,4.0227281468378
2013-06-24,3.39024379172681
2013-06-25,-2.40868951258728
2013-06-26,3.827551195414
2013-06-27,-2.61595438296973
2013-06-28,3.78231728366396
2013-07-01,0.462263913333016
2013-07-02,1.83042644282463
2013-07-03,-1.83042644282463
2013-07-04,-0.69545484683089
2013-07-05,-0.700325312930983
2013-07-08,-0.705264478929357
2013-07-09,0.236487885323888
2013-07-10,1.40229284003432
2013-07-11,0.693840605178053
2013-07-12,0
2013-07-15,-0.927031538675926
2013-07-16,0.465839351732233
2013-07-17,0
2013-07-18,-2.34353138188215
2013-07-19,0.944520062953558
2013-07-22,-1.41886168282672
2013-07-23,0
2013-07-24,2.35203365002308
2013-07-25,0.69545484683089
2013-07-26,-1.86455675336734
2013-07-29,0.703604431389215
2013-07-30,1.85160397915902
2013-07-31,0.911875403784901
2013-08-01,0.906066545664785
2013-08-02,2.22869870662408
2013-08-05,0.438893745104307
2013-08-06,0.87205058989468
2013-08-07,-0.216124872700085
2013-08-08,1.51242205112123
2013-08-09,-1.73137188609138
2013-08-12,-0.436975882224444
2013-08-13,0.87205058989468
2013-08-14,1.72391990459491
2013-08-16,-2.37842488965787
2013-08-19,0.654504985062965
2013-08-20,-2.19695201762613
2013-08-21,0.664644902558975
2013-08-22,1.31618224236707
2013-08-23,-3.54743881936597
2013-08-26,-2.05309626434256
2013-08-27,-2.33262133053627
2013-08-28,0.472417824663984
2013-08-29,-0.472417824663984
2013-08-30,0.940092316713104
2013-09-02,1.39252901382316
2013-09-03,0
2013-09-04,-2.5671179078002
2013-09-05,-1.19113203952363
2013-09-06,0.953526378497993
2013-09-09,3.03328373987442
2013-09-10,2.27430285160881
2013-09-11,2.44174634385654
2013-09-12,0.87205058989468
2013-09-13,1.29629717842115
2013-09-16,-0.643716711028453
2013-09-17,1.92342483975942
2013-09-18,0.210180101133184
2013-09-19,-0.847987113348347
2013-09-20,2.73342784199415
2013-09-23,-0.624538682209508
2013-09-24,-0.837317345320132
2013-09-25,0
2013-09-26,0.629773506158116
2013-09-27,0.207543839162017
2013-09-30,0
2013-10-01,0
2013-10-02,-0.417782299799208
2013-10-03,1.04232098200872
2013-10-04,-1.25073462245255
2013-10-07,-0.844886207326434
2013-10-08,-0.423986792572961
2013-10-09,-0.213820219642202
2013-10-10,3.14688706836963
2013-10-11,1.64133927134984
2013-10-14,0
2013-10-15,-0.406714640646122
2013-10-16,1.41740856734269
2013-10-17,-1.21494370944828
2013-10-18,1.21494370944828
2013-10-21,2.38648177153882
2013-10-22,-0.593435682151799
2013-10-23,-2.80374001608359
2013-10-24,1.41169588380869
2013-10-25,-2.63905726591895
2013-10-28,0.820646741464137
2013-10-29,0.202464857894413
2013-10-30,1.6159456665604
2013-10-31,0.799357878781537
2013-11-04,-0.397802935059999
2013-11-05,-2.01750061028194
2013-11-06,0.810146534353962
2013-11-07,1.20735407592798
2013-11-08,-0.802556900833662
2013-11-12,0.401001957112124
2013-11-13,2.18039513037411
2013-11-14,-0.788350998099219
2013-11-15,0.788350998099219
2013-11-18,3.84706737227278
2013-11-19,1.12604223610269
2013-11-20,-0.561436162528106
2013-11-21,0
2013-11-22,-2.46860306001648
2013-11-25,2.84257129419205
2013-11-26,-3.42132962369412
2013-11-27,-0.194363520857133
2013-11-28,-0.387763929209628
2013-11-29,0.193021900770085
2013-12-02,0.389105549296676
2013-12-03,-1.75664822926422
2013-12-04,-2.38907837405169
2013-12-05,0.200017459500867
2013-12-06,-2.65203319804641
2013-12-09,-0.828635037904957
2013-12-10,-2.53253042080672
2013-12-11,0.428098609984251
2013-12-12,-1.93401817039376
2013-12-13,-0.653075051855634
2013-12-16,0
2013-12-17,-3.32848898439582
2013-12-18,0.449766758314829
2013-12-19,-0.449766758314829
2013-12-20,3.32848898439582
2013-12-23,-1.09723240739692
2013-12-27,-1.33373690750274
2013-12-30,-2.26155632308211
2014-01-02,1.13717132155133
2014-01-03,-1.36715596697208
2014-01-07,-2.55520841054824
2014-01-08,0.703604431389215
2014-01-09,-1.64780212148079
2014-01-10,-0.478039410440956
2014-01-13,3.74693071679348
2014-01-14,0.460499439708029
2014-01-15,-2.78519305596898
2014-01-16,1.16910190653645
2014-01-17,-1.87769203014991
2014-01-20,1.17736671721893
2014-01-21,0
2014-01-22,0.933516246428856
2014-01-23,-2.11088296364779
2014-01-24,-4.35766334392547
2014-01-27,1.716552968965
2014-01-28,-0.24192075749998
2014-01-29,1.21159681244427
2014-01-30,1.19709270014301
2014-01-31,1.88653617487584
2014-02-03,1.39252901382316
2014-02-04,0
2014-02-05,0
2014-02-06,2.72577993307188
2014-02-07,0.670593018604371
2014-02-10,0.443778839256859
2014-02-11,-0.220443852150631
2014-02-12,4.34897053220529
2014-02-13,0
2014-02-14,2.51960762235195
2014-02-17,1.03378516251844
2014-02-18,-0.410897109930208
2014-02-19,-0.41482730435467
2014-02-20,-1.25038173024228
2014-02-21,1.45578020838419
2014-02-24,4.44507928743343
2014-02-25,-3.0079897988353
2014-02-26,-4.37015633732556
2014-02-27,1.2688729998994
2014-02-28,1.25073462245255
2014-03-03,-2.3085354353326
2014-03-04,4.56497783699845
2014-03-05,-2.67161821319533
2014-03-06,3.2806507764505
2014-03-07,-1.21739110784183
2014-03-10,-0.820646741464137
2014-03-11,1.22736138211026
2014-03-12,-0.406714640646122
2014-03-13,-2.06325966860867
2014-03-14,1.65267212903513
2014-03-17,2.42997709371975
2014-03-18,-0.801998446304375
2014-03-19,1.79660402681709
2014-03-20,0.396792055717299
2014-03-21,3.48761878071318
2014-03-24,-1.34130177814902
2014-03-25,-0.38835000263977
2014-03-26,1.53825234594969
2014-03-27,1.13886649085142
2014-03-28,-1.32856900356366
2014-03-31,0.381101947551343
2014-04-01,0.947467056012319
2014-04-02,-0.947467056012319
2014-04-03,0.947467056012319
2014-04-04,-1.9039969864419
2014-04-07,-2.92788090600089
2014-04-08,1.18145910074783
2014-04-09,-2.17606468126055
2014-04-10,2.76160070694478
2014-04-11,-1.57053560436127
2014-04-14,-1.19106510258351
2014-04-15,-1.00677816189783
2014-04-16,0.805799132206442
2014-04-17,1.5923766659214
2014-04-22,2.14631700256416
2014-04-23,1.14990234330992
2014-04-24,-1.34388882509255
2014-04-25,-0.971400842978865
2014-04-28,1.74095538955119
2014-04-29,1.14538878628927
2014-04-30,1.50638629083253
2014-05-02,-1.88604136376247
2014-05-05,-0.956529930429584
2014-05-06,0.956529930429584
2014-05-07,0
2014-05-08,-0.191399434839101
2014-05-09,-2.51155230084354
2014-05-12,1.93721802232332
2014-05-13,2.08928244618434
2014-05-14,0
2014-05-15,-2.85883699275666
2014-05-16,2.10525392388639
2014-05-19,1.13027711658982
2014-05-20,-0.188169650957648
2014-05-21,0.37396823417557
2014-05-22,0.55934634074013
2014-05-23,1.6595084067708
2014-05-26,-1.10327335450815
2014-05-27,-2.43165709281052
2014-05-28,0.377501392057589
2014-05-29,1.12604223610269
2014-05-30,-0.373266511570458
2014-06-02,1.117644503538
2014-06-03,-0.372499579579944
2014-06-04,-0.371878412387594
2014-06-05,0.928113464650249
2014-06-06,0.185390119778628
2014-06-09,-0.369125592461339
2014-06-10,0.552184719929172
2014-06-11,-0.368449247246461
2014-06-12,-2.24170799514505
2014-06-13,1.49870152284814
2014-06-16,-0.746543154881452
2014-06-17,1.30581415449564
2014-06-18,3.4557661765845
2014-06-20,-0.715112397185691
2014-06-23,1.60713438368061
2014-06-24,-0.533488120025338
2014-06-25,-1.07364626365527
2014-06-26,-1.45364495220794
2014-06-27,-1.47308517216014
2014-06-30,-4.16709919904492
2014-07-01,1.15418631238031
2014-07-02,-2.3218497881313
2014-07-03,-0.784667045030529
2014-07-04,0.393103148505292
2014-07-07,1.3648638514191
2014-07-08,-0.194742028439543
2014-07-09,1.35116090565308
2014-07-10,-1.54418280642317
2014-07-11,-0.782184606262049
2014-07-14,-0.588018464452711
2014-07-15,0
2014-07-16,0.588018464452711
2014-07-17,-0.788350998099219
2014-07-18,-0.990489188553356
2014-07-21,0.397802935059999
2014-07-22,0.396226731422566
2014-07-23,0.396792055717299
2014-07-24,-0.396792055717299
2014-07-25,0
2014-07-28,-0.596005537543665
2014-07-29,0.992797593260963
2014-07-30,-0.793018787139865
2014-07-31,0.793018787139865
2014-08-01,0.784667045030529
2014-08-04,0.58553602568423
2014-08-05,-0.782184606262049
2014-08-06,-0.392336172935415
2014-08-07,0
2014-08-08,-2.38907837405169
2014-08-11,0.401803222882324
2014-08-12,1.6552398547395
2014-08-13,3.63013986581275
2014-08-14,0.393967884142898
2014-08-18,1.9549220306132
2014-08-19,0.192604838547639
2014-08-20,0.768720029351178
2014-08-21,0.19076390810091
2014-08-22,0
2014-08-25,0.382417221053366
2014-08-26,-0.955804154743256
2014-08-27,-1.55138578350282
2014-08-28,-1.37620597356312
2014-08-29,-1.19546408200102
2014-09-01,1.58943196614392
2014-09-02,0.394461704065541
2014-09-03,1.94529975041602
2014-09-04,0.385356931598979
2014-09-05,0.381892420532393
2014-09-08,0
2014-09-09,0.572091867450886
2014-09-10,-0.572091867450886
2014-09-11,-1.93028713088021
2014-09-12,1.35690019719032
2014-09-15,0
2014-09-16,2.84237534378884
2014-09-17,0
2014-09-18,-0.373308879637535
2014-09-19,-1.32358766301053
2014-09-22,1.69689654264806
2014-09-23,-1.69689654264806
2014-09-24,0.191285714860334
2014-09-25,0.943171986825897
2014-09-26,-0.75421787006229
2014-09-29,-0.56991447802146
2014-09-30,2.26042512427305
2014-10-01,-0.373853935227464
2014-10-02,-4.00314748943285
2014-10-03,0.58207030333417
2014-10-06,-1.9549220306132
2014-10-07,-0.393967884142898
2014-10-08,0.984060560284528
2014-10-09,1.94353119678141
2014-10-10,-2.33517660600493
2014-10-13,0.196014437147429
2014-10-14,1.36547167260559
2014-10-15,-1.36547167260559
2014-10-16,0.782261971667175
2014-10-17,1.54839471034782
2014-10-20,0.574274546685682
2014-10-21,-1.15186606360538
2014-10-22,2.6660335065892
2014-10-23,0.562438840961832
2014-10-24,0.188070203660717
2014-10-27,-0.188070203660717
2014-10-28,0.373853935227464
2014-10-29,-1.12382579592891
2014-10-30,-2.67110532539723
2014-10-31,1.72418064345061
2014-11-03,-0.572091867450886
2014-11-04,1.14092945251336
2014-11-05,-0.758512231459996
2014-11-06,0.948713961398795
2014-11-07,-0.948713961398795
2014-11-10,0.758512231459996
2014-11-12,-1.71431638620325
2014-11-13,1.90451811614205
2014-11-14,0.375418386684956
2014-11-17,-0.187533019739616
2014-11-18,0.376662981063913
2014-11-19,2.40956963861436
2014-11-20,-2.22274099949722
2014-11-21,1.67167035898022
2014-11-24,-1.48519011845982
2014-11-25,-2.84237534378884
2014-11-26,1.33676451600111
2014-11-27,-2.30380854681187
2014-11-28,0.580947027048562
2014-12-01,1.72286151976331
2014-12-02,2.62108643096355
2014-12-03,0.553106165055706
2014-12-04,-3.17419259601925
2014-12-05,0.567753600140941
2014-12-08,0.751376987126395
2014-12-09,-2.08250816957856
2014-12-10,-1.3470774299418
2014-12-11,-0.387081649392096
2014-12-12,-0.585478207792356
2014-12-15,-2.97993984661571
2014-12-16,-1.62708157267208
2014-12-17,1.42592485410025
2014-12-18,1.003838008105
2014-12-19,-1.81676500457275
2014-12-22,1.41727216141263
2014-12-23,-1.00998260257634
2014-12-29,0.807547046712265
2014-12-30,1.59784555247717
2015-01-02,-0.197567515026109
2015-01-05,-1.19784248158699
2015-01-07,2.77161597017621
2015-01-08,-0.587776385354677
2015-01-09,-0.591251632895284
2015-01-12,1.56964165610878
2015-01-13,2.87508853184726
2015-01-14,-3.65784758298466
2015-01-15,-1.9799777137375
2015-01-16,0.798349638426865
2015-01-19,-3.22811250063211
2015-01-20,-0.204459850154537
2015-01-21,1.63038470425478
2015-01-22,1.20505992827931
2015-01-23,0
2015-01-26,-0.400768848722355
2015-01-27,0.199546928548044
2015-01-28,-0.601928399024199
2015-01-29,0.601928399024199
2015-01-30,0
2015-02-02,-0.199546928548044
2015-02-03,1.19546408200102
2015-02-04,-1.99975516155797
2015-02-05,1.40380952788413
2015-02-06,0.989913517816743
2015-02-09,-1.78937788075599
2015-02-10,0.199945914612076
2015-02-11,-0.603134360985114
2015-02-12,1.20265280931229
2015-02-13,-2.4199456032121
2015-02-16,-0.409788778772269
2015-02-17,0
2015-02-18,-1.65183093377148
2015-02-19,1.24249233854101
2015-02-20,0.615504514863452
2015-02-23,0
2015-02-24,-0.615504514863452
2015-02-25,0.204878745075932
2015-02-26,-1.6552398547395
2015-02-27,2.2694884836663
2015-03-02,-3.31974435703846
2015-03-03,-2.13195593514375
2015-03-04,-0.432799177604526
2015-03-05,-1.52629774558546
2015-03-06,2.81689753759207
2015-03-09,-0.857800614402082
2015-03-10,-1.95909692318998
2015-03-11,-1.10366519233214
2015-03-12,0.884361849156434
2015-03-13,-0.442351828905818
2015-03-16,-1.56032519472145
2015-03-17,-0.451320232444075
2015-03-18,2.23191994145284
2015-03-19,1.96767840337966
2015-03-20,2.56475511274827
2015-03-23,-0.846894119310271
2015-03-24,-0.427261201431395
2015-03-25,0
2015-03-26,-3.25827819538627
2015-03-27,-0.44103530853894
2015-03-30,-0.44530142916539
2015-03-31,-1.79659522004796
2015-04-01,0.90233224874352
2015-04-02,3.53230016616426
2015-04-07,2.35708267173238
2015-04-08,-1.06371042435214
2015-04-09,0.640466692281927
2015-04-10,0.423243732070211
2015-04-13,-1.27737145241924
2015-04-14,-1.2961566400939
2015-04-15,2.78667516772753
2015-04-16,2.09180384739227
2015-04-17,0.824195192745059
2015-04-20,0.204459850154537
2015-04-21,1.22226093403548
2015-04-22,-0.812472155263211
2015-04-23,-0.409788778772269
2015-04-24,0.817905140160402
2015-04-27,-1.22724373539087
2015-04-28,0.819127374002737
2015-04-29,-0.203622859139285
2015-04-30,-1.44139703874822
2015-05-04,-0.209162241622529
2015-05-05,1.65055928037074
2015-05-06,0.203622859139285
2015-05-07,-0.409788778772269
2015-05-08,-0.614637955206243
2015-05-11,-0.620593163908989
2015-05-12,0
2015-05-13,-0.416599814656249
2015-05-14,1.03719297856524
2015-05-15,-1.03719297856524
2015-05-18,0.416599814656249
2015-05-19,-1.04368355292659
2015-05-20,-1.69244433500253
2015-05-21,0.214509309467892
2015-05-22,-1.50010602755164
2015-05-25,0.859639335269713
2015-05-26,-0.64459512355155
2015-05-27,1.28506181583348
2015-05-28,0
2015-05-29,1.26875727897897
2015-06-01,-0.84551354690876
2015-06-02,-1.92334975962185
2015-06-03,-1.74405271147182
2015-06-05,-0.219303343175703
2015-06-08,-2.00267702362726
2015-06-09,-1.13096303905906
2015-06-10,2.91156274806783
2015-06-11,0
2015-06-12,-1.33130722786139
2015-06-15,1.33130722786139
2015-06-16,0.222077314618496
2015-06-17,-2.45399725607134
2015-06-18,-0.906432414804947
2015-06-19,-1.60690071021692
2015-06-22,1.83369031840688
2015-06-23,0.228630790315543
2015-06-24,1.12606684379746
2015-06-25,-2.49621106765581
2015-06-26,0
2015-06-29,0.687418712566723
2015-06-30,0
2015-07-01,-2.30920594273323
2015-07-02,0.46467810324804
2015-07-03,-1.16821204929698
2015-07-06,-0.947455603710434
2015-07-07,-3.38097107237365
2015-07-08,-2.48731135735714
2015-07-09,1.25009749589122
2015-07-10,3.42484446841875
2015-07-13,1.43227743325904
2015-07-14,-2.39781428262571
2015-07-15,-2.20909145146349
2015-07-16,2.93474213166975
2015-07-17,-0.242970875370596
2015-07-20,-1.70477356242185
2015-07-21,-0.511510066677046
2015-07-22,-3.12525435041044
2015-07-23,0.790517950711345
2015-07-24,-1.58733491562901
2015-07-27,1.32452267500205
2015-07-28,-1.05821093305369
2015-07-29,-3.51863091250437
2015-07-30,0.275103337189009
2015-07-31,4.03823374456855
2015-08-03,0.788440352414876
2015-08-04,0.522194398115183
2015-08-05,0.260078170005729
2015-08-06,-1.57071292053579
2015-08-07,-4.86582467495453
2015-08-10,-0.555556984460215
2015-08-11,-0.27894020875785
2015-08-12,-4.57222493380951
2015-08-13,0.583092031079313
2015-08-14,-3.24991673929544
2015-08-17,-4.92407161031634
2015-08-18,2.1841741915049
2015-08-19,4.52565915881209
2015-08-20,3.47861160854153
2015-08-21,-0.285306898240623
2015-08-24,-6.18754037180875
2015-08-25,1.2084739215072
2015-08-26,1.49034055025747
2015-08-27,3.20260267194086
2015-08-28,0.286123228103219
2015-08-31,0
2015-09-01,-2.02027073175195
2015-09-02,-0.87848295557329
2015-09-03,3.18406058556586
2015-09-04,-2.01445660924673
2015-09-07,0.290275965796138
2015-09-08,3.97779714569191
2015-09-09,1.65749650942126
2015-09-10,0.546449447207875
2015-09-11,-2.76260662749312
2015-09-14,0.836824967051664
2015-09-15,-1.11733005981252
2015-09-16,-0.846267391873368
2015-09-17,-0.568183346743112
2015-09-18,-2.30557762999257
2015-09-21,2.30557762999257
2015-09-22,-4.66556916407992
2015-09-23,-0.899556290857806
2015-09-24,-2.13097865867509
2015-09-25,1.52674721307884
2015-09-28,0.302572091653697
2015-09-29,-0.606062461169099
2015-09-30,-0.304414238122819
2015-10-01,-0.611622701743619
2015-10-02,-2.17062785818629
2015-10-05,0.625002034517119
2015-10-06,-0.625002034517119
2015-10-07,-0.313972000466767
2015-10-08,0.313972000466767
2015-10-09,4.29513871955993
2015-10-12,0
2015-10-13,-2.12451086137364
2015-10-14,-2.7995607489427
2015-10-15,0.941922191649169
2015-10-16,0.933132742888421
2015-10-19,0
2015-10-20,-1.87505493453759
2015-10-21,-0.950878796902721
2015-10-22,-0.318979536810016
2015-10-23,0.953902304675891
2015-10-26,0
2015-10-27,-0.953902304675891
2015-10-28,-1.61034075665787
2015-10-29,-2.63173083173733
2015-10-30,0.995033085316788
2015-11-02,0.657897109804262
2015-11-03,3.54304369795004
2015-11-04,-0.316957476127899
2015-11-05,0.947874395454384
2015-11-06,-0.314960890289639
2015-11-09,-0.632913505164745
2015-11-10,1.57483569681391
2015-11-12,-1.89280098855189
2015-11-13,-2.90812093008417
2015-11-16,0.327332534496905
2015-11-17,5.40672212702757
2015-11-18,-4.4311046324911
2015-11-19,-0.649352931054836
2015-11-20,-1.64207302123274
2015-11-23,-4.05460943943501
2015-11-24,-4.22598092898827
2015-11-25,-3.29097340887978
2015-11-26,4.00782235674104
2015-11-27,1.41846349919565
2015-11-30,0
2015-12-01,-3.22031404946348
2015-12-02,-4.0821994520255
2015-12-03,0.754720563538291
2015-12-04,-2.28146777661714
2015-12-07,-1.1605546120308
2015-12-08,-8.10159437600886
2015-12-09,8.87679205644065
2015-12-10,5.99430359670335
2015-12-11,-4.46170654888067
2015-12-14,-1.14724011622368
2015-12-15,-1.94180858571016
2015-12-16,6.45385211375712
2015-12-17,3.25526030377485
2015-12-18,2.80720187786863
2015-12-21,3.06667983929723
2015-12-22,0
2015-12-23,0
2015-12-28,-2.03396842371226
2015-12-29,0.34188067487857
2015-12-30,-1.72121288811216
2016-01-04,-2.10534091978323
2016-01-05,-4.34851119397388
2016-01-07,-3.00774552372779
2016-01-08,-1.92684188658772
2016-01-11,1.92684188658772
2016-01-12,5.20563619560529
2016-01-13,4.60258223952823
2016-01-14,2.05486682273877
2016-01-15,-4.15284586965821
2016-01-18,-0.709222830949185
2016-01-19,-1.0733555643109
2016-01-20,-4.03724552903874
2016-01-21,-1.12995552539333
2016-01-22,4.80684030410223
2016-01-25,-0.72464085207673
2016-01-26,-2.20597180647322
2016-01-27,-0.372439909098232
2016-01-28,0.372439909098232
2016-01-29,0.740744127786186
2016-02-01,0
2016-02-02,-1.11318403688442
2016-02-03,-2.64665731881634
2016-02-04,2.64665731881634
2016-02-05,-0.373832211060721
2016-02-08,0.373832211060721
2016-02-09,1.48150857851406
2016-02-10,-0.738010729762251
2016-02-11,-0.743497848751806
2016-02-12,1.11318403688442
2016-02-15,3.26707822895486
2016-02-16,-4.7540944769
2016-02-17,-0.75188324140274
2016-02-18,-3.06537410910024
2016-02-19,-0.389864041565724
2016-02-22,1.16506172199752
2016-02-23,-0.775197680431794
2016-02-24,-0.781253973679363
2016-02-25,1.16960397631913
2016-02-26,-0.778214044205494
2016-02-29,-1.17879557520424
2016-03-01,-2.80579527951573
2016-03-02,1.21213605323449
2016-03-03,4.322873455082
2016-03-04,1.52674721307885
2016-03-07,-0.379507096855169
2016-03-08,2.25573474240746
2016-03-09,-0.372439909098232
2016-03-10,0
2016-03-11,-0.749067172915763
2016-03-14,1.86225120980018
2016-03-15,1.46522767868703
2016-03-16,5.65521695049214
2016-03-17,2.71203062191938
2016-03-18,1.32892321186826
2016-03-21,1.3114942077828
2016-03-22,0.325203538637742
2016-03-23,-2.63173083173733
2016-03-24,0.664454271866854
2016-03-29,1.64207302123274
2016-03-30,-1.64207302123274
2016-03-31,-0.331675262599407
2016-04-01,0.991743665734601
2016-04-04,-0.660068403135194
2016-04-05,-0.998344398418327
2016-04-06,-0.671143458798684
2016-04-07,0
2016-04-08,0
2016-04-11,-0.337268447863925
2016-04-12,-0.338409798424055
2016-04-13,-0.339558900113812
2016-04-14,0
2016-04-15,0
2016-04-18,-2.75879565188291
2016-04-19,-0.701757265864655
2016-04-20,3.11983708558614
2016-04-21,-1.37459209046353
2016-04-22,0
2016-04-25,-0.694447235281093
2016-04-26,3.42499230430784
2016-04-27,0
2016-04-28,-1.01523714640179
2016-04-29,0.677968698537867
2016-05-02,0
2016-05-04,-2.39327662116282
2016-05-05,-0.346620797648622
2016-05-06,1.72121288811216
2016-05-09,-2.76834287484169
2016-05-10,-4.30173850836908
2016-05-11,-2.22231367847102
2016-05-12,0.746272120158953
2016-05-13,-0.746272120158953
2016-05-16,1.48701624794514
2016-05-17,-1.11318403688442
2016-05-18,0.372439909098232
2016-05-19,-5.34478344434129
2016-05-20,0
2016-05-23,1.55645165411116
2016-05-24,3.41589188113191
2016-05-25,-1.50378773645405
2016-05-27,-2.29895182246987
2016-05-30,-0.38835000263977
2016-05-31,0.38835000263977
2016-06-01,-3.1498667059371
2016-06-02,1.19285708652737
2016-06-03,2.34385729720176
2016-06-06,-0.386847677792024
2016-06-07,3.80273955892393
2016-06-08,-1.50378773645405
2016-06-09,-0.760459938521929
2016-06-10,0.760459938521929
2016-06-13,-0.379507096855169
2016-06-14,0
2016-06-15,-2.6976587698202
2016-06-16,-6.03805109889075
2016-06-17,2.05346024417078
2016-06-20,3.20027310861738
2016-06-21,4.61620417631625
2016-06-22,5.12932943875504
2016-06-23,0.711746776886413
2016-06-24,-4.71956913362745
2016-06-27,-0.372439909098232
2016-06-28,-0.373832211060721
2016-06-29,4.03724552903874
2016-06-30,2.13531244705691
2016-07-01,3.80011181786137
2016-07-04,0
2016-07-05,-2.05486682273877
2016-07-06,-1.39375078437816
2016-07-07,1.04712998672953
2016-07-08,2.06192872027358
2016-07-11,3.01530381706874
2016-07-12,-3.01530381706874
2016-07-13,0.339558900113812
2016-07-14,1.34682170508666
2016-07-15,-1.34682170508666
2016-07-18,1.68071183163814
2016-07-19,0.332779009267448
2016-07-20,0.66225407604934
2016-07-21,-0.330578813449933
2016-07-22,0.660068403135194
2016-07-25,-1.32452267500205
2016-07-26,0.664454271866854
2016-07-27,0
2016-07-28,0.330578813449933
2016-07-29,1.63669774642055
2016-08-01,-0.651468102119379
2016-08-02,3.53166719248998
2016-08-03,-2.23294763980886
2016-08-04,0.643089033029054
2016-08-05,0.638979809877083
2016-08-08,-0.638979809877083
2016-08-09,-0.321027563024834
2016-08-10,-0.645163528148873
2016-08-11,-1.96084713883764
2016-08-12,0.985229644301167
2016-08-16,-0.985229644301167
2016-08-17,-0.330578813449933
2016-08-18,-2.00675630508094
2016-08-19,-0.338409798424055
2016-08-22,0
2016-08-23,2.34516610350499
2016-08-24,-1.66948785721701
2016-08-25,0.671143458798684
2016-08-26,-2.0270964373619
2016-08-29,-1.37459209046353
2016-08-30,-2.45196171743185
2016-08-31,-1.42859572474767
2016-09-01,-4.78912877044148
2016-09-02,0.75188324140274
2016-09-05,4.7540944769
2016-09-06,-0.357782134788387
2016-09-07,-1.08109161042158
2016-09-08,-1.82820448374489
2016-09-09,-3.75984135570075
2016-09-12,-2.32568621642673
2016-09-13,0
2016-09-14,1.16960397631913
2016-09-15,-1.16960397631913
2016-09-16,-0.392927813988952
2016-09-19,0.784317746102592
2016-09-20,0
2016-09-21,-1.17879557520424
2016-09-22,-4.85925552368651
2016-09-23,2.86318126743271
2016-09-26,-0.404040953700491
2016-09-27,1.20725812342692
2016-09-28,2.3716526617316
2016-09-29,0.389864041565724
2016-09-30,1.1605546120308
2016-10-03,-1.94180858571016
2016-10-04,-2.38106486937184
2016-10-05,-1.21213605323449
2016-10-06,2.80579527951573
2016-10-07,-1.9960742562538
2016-10-10,0.803217169726433
2016-10-11,-1.20725812342692
2016-10-12,0
2016-10-13,-2.04506104712908
2016-10-14,0.412371718386206
2016-10-17,-2.07907696690738
2016-10-18,1.66670524852117
2016-10-19,6.4021858764931
2016-10-20,2.67702410646047
2016-10-21,-1.13853222251252
2016-10-24,3.3774317118604
2016-10-25,-3.3774317118604
2016-10-26,-2.70809586026708
2016-10-27,2.70809586026708
2016-10-28,1.13853222251252
2016-10-31,0
2016-11-02,-2.67702410646047
2016-11-03,1.15608224010759
2016-11-04,-1.93429628431309
2016-11-07,-1.57483569681393
2016-11-08,1.18344576470029
2016-11-09,1.55645165411116
2016-11-10,0
2016-11-14,-2.34385729720176
2016-11-15,-1.9960742562538
2016-11-16,0
2016-11-17,0.803217169726433
2016-11-18,-0.803217169726433
2016-11-21,1.9960742562538
2016-11-22,3.87645434502444
2016-11-23,1.13422766039346
2016-11-24,0
2016-11-25,2.23057575142982
2016-11-28,-4.12816589733039
2016-11-29,2.64665731881634
2016-11-30,-1.12571545246346
2016-12-01,-3.06537410910024
2016-12-02,0.775197680431794
2016-12-05,2.66682470821614
2016-12-06,2.59754864032606
2016-12-07,0.36563112031105
2016-12-08,2.16614967811792
2016-12-09,-2.53178079842897
2016-12-12,-1.10498361865849
2016-12-13,1.10498361865849
2016-12-14,0.729930248161148
2016-12-15,-2.20597180647322
2016-12-16,3.29097340887978
2016-12-19,2.13531244705691
2016-12-20,4.47579006414935
2016-12-21,-0.675678246287981
2016-12-22,0
2016-12-23,-0.339558900113812
2016-12-27,-0.34071583216142
2016-12-28,-2.76834287484169
2016-12-29,0.350263055120204
2016-12-30,-0.350263055120204
2017-01-02,0.699303549097063
2017-01-03,2.06903932574463
2017-01-04,0.34071583216142
2017-01-05,-2.06192872027358
2017-01-09,0.692044284457372
2017-01-10,1.02916860365478
2017-01-11,-0.34188067487857
2017-01-12,-0.687287928776215
2017-01-13,-1.3889112160667
2017-01-16,-0.350263055120204
2017-01-17,-1.41345109349047
2017-01-18,0
2017-01-19,-1.7953803616596
2017-01-20,0
2017-01-23,1.08109161042158
2017-01-24,2.82704339382556
2017-01-25,1.03987072208984
2017-01-26,2.385121582218
2017-01-27,-1.35595297856321
2017-01-30,-1.02916860365478
2017-01-31,1.70944333593002
2017-02-01,1.68071183163814
2017-02-02,-1.00503358535016
2017-02-03,0
2017-02-06,-2.385121582218
2017-02-07,0
2017-02-08,-2.44340253372819
2017-02-09,3.47257113738297
2017-02-10,0.34071583216142
2017-02-13,2.3530497410194
2017-02-14,-1.67508104248153
2017-02-15,0.337268447863925
2017-02-16,1.00503358535016
2017-02-17,-1.00503358535016
2017-02-20,-1.69783365344178
2017-02-21,0.68259650703999
2017-02-22,2.02027073175195
2017-02-23,-1.00503358535016
2017-02-24,0.33613477027048
2017-02-27,-0.33613477027048
2017-02-28,1.00503358535016
2017-03-01,2.95588022415443
2017-03-02,2.24009366891667
2017-03-03,2.19101096357444
2017-03-06,-1.56009404424795
2017-03-07,1.86921330121526
2017-03-08,-0.93023926623137
2017-03-09,-1.25393492527353
2017-03-10,0
2017-03-13,0.314960890289639
2017-03-14,-1.90481949706944
2017-03-15,-1.94180858571018
2017-03-16,3.21571116345314
2017-03-17,-0.316957476127899
2017-03-20,0.947874395454384
2017-03-21,-0.314960890289639
2017-03-22,-1.26985833371274
2017-03-23,0.636944828547992
2017-03-24,0.632913505164745
2017-03-27,0.941922191649169
2017-03-28,6.94094513721677
2017-03-29,-2.35999153408735
2017-03-30,0.298062813813771
2017-03-31,0.888894741724622
2017-04-03,-1.18695755553839
2017-04-04,0
2017-04-05,-1.20121564480036
2017-04-06,-2.13748595847334
2017-04-07,3.03974771843709
2017-04-10,-0.6006024060212
2017-04-11,0.6006024060212
2017-04-12,-2.11808220794469
2017-04-13,2.11808220794469
2017-04-18,-3.3488669754044
2017-04-19,-2.82593373144031
2017-04-20,0.634922767865875
2017-04-21,-0.953902304675891
2017-04-24,-0.320000273067067
2017-04-25,1.90481949706944
2017-04-26,0
2017-04-27,2.17737995495606
2017-04-28,1.22325684356344
2017-05-02,-0.609757986811843
2017-05-04,1.81823190831905
2017-05-05,-0.300752106395552
2017-05-08,-1.51747980192349
2017-05-09,2.71509890659507
2017-05-10,-0.597016698650377
2017-05-11,3.81837869701589
2017-05-12,-1.45140428842541
2017-05-15,-2.36697440859048
2017-05-16,-1.81273845925567
2017-05-17,0.304414238122819
2017-05-18,-1.22325684356344
2017-05-19,2.13097865867509
2017-05-22,0
2017-05-23,0.300752106395552
2017-05-24,3.24991673929544
2017-05-25,-0.875918008988164
2017-05-26,0
2017-05-29,0.29282597790885
2017-05-30,-3.57180826020793
2017-05-31,-2.45411089161176
2017-06-01,3.95789862806581
2017-06-02,2.06802052375388
2017-06-05,-1.76995770994011
2017-06-06,0.593473551981449
2017-06-07,1.75957618903797
2017-06-08,0
2017-06-09,1.44302648290289
2017-06-12,0.286123228103219
2017-06-13,0.853490244983734
2017-06-14,1.68543315549821
2017-06-16,0
2017-06-19,3.01806171499914
2017-06-20,-0.542006746933921
2017-06-21,0
2017-06-22,-2.19789067187754
2017-06-23,0
2017-06-26,1.37933221323359
2017-06-27,-0.274348594575069
2017-06-28,-0.82759093038598
2017-06-29,-0.555556984460215
2017-06-30,-0.27894020875785
2017-07-03,-0.279720462106137
2017-07-04,-3.12970067219147
2017-07-05,1.14943794257352
2017-07-06,-0.286123228103219
2017-07-07,3.10321092477284
2017-07-10,1.92578166044146
2017-07-11,-0.820798041782944
2017-07-12,-1.38314791484619
2017-07-13,3.01806171499914
2017-07-14,0.807541400554523
2017-07-17,1.3315775975772
2017-07-18,0.527705710084381
2017-07-19,-0.263504763800504
2017-07-20,-0.79470616925319
2017-07-21,1.58314652166807
2017-07-24,-1.58314652166807
2017-07-25,0.265604405811626
2017-07-26,-0.531916147759981
2017-07-27,0.796816964917668
2017-07-28,-0.264900817157687
2017-07-31,1.05541876786903
2017-08-01,1.04439591610832
2017-08-02,0.518135874199754
2017-08-03,-1.56253179030807
2017-08-04,-0.262812240626964
2017-08-07,1.04712998672956
2017-08-08,0.260078170005729
2017-08-09,-2.63173083173733
2017-08-10,-1.34230203321406
2017-08-11,0.807541400554523
2017-08-14,-0.537635703638029
2017-08-16,0
2017-08-17,-0.811912443850415
2017-08-18,1.6172859245601
2017-08-21,6.21962078699057
2017-08-22,-0.503779402995708
2017-08-23,-1.01523714640182
2017-08-24,3.50913198112701
2017-08-25,0.491401480242915
2017-08-28,0.975617494536474
2017-08-29,-2.45712607305055
2017-08-30,-1.75663237178989
2017-08-31,-0.762392511065957
2017-09-01,0.508906950747146
2017-09-04,-0.254129742867271
2017-09-05,-0.254777207879875
2017-09-06,-2.06192872027355
2017-09-07,1.55041865359651
2017-09-08,1.77895415634985
2017-09-11,0.251572459724714
2017-09-12,0.501254182354427
2017-09-13,-1.5113637810048
2017-09-14,-2.31075750101497
2017-09-15,0.259403517704659
2017-09-18,0.774197415361555
2017-09-19,-1.03360093306621
2017-09-20,1.03360093306621
2017-09-21,-1.55443544378002
2017-09-22,-3.45319835423759
2017-09-25,2.40331994441561
2017-09-26,0
2017-09-27,-2.40331994441561
2017-09-28,1.34230203321406
2017-09-29,0
2017-10-02,-0.267022855587884
2017-10-03,-2.71019297777912
2017-10-04,-4.49513878622665
2017-10-05,0.286944242795295
2017-10-06,1.98588086496032
2017-10-09,1.39472274808505
2017-10-10,-1.39472274808505
2017-10-11,2.4966622730461
2017-10-12,1.36056520557788
2017-10-13,-2.46250473053893
2017-10-16,-2.80917348670153
2017-10-17,-2.59754864032604
2017-10-18,0
2017-10-19,1.73917427118691
2017-10-20,-1.15608224010759
2017-10-23,-0.875918008988164
2017-10-24,2.89037461823489
2017-10-25,-0.858374369139137
2017-10-26,0.573067470898514
2017-10-27,-0.573067470898514
2017-10-30,-0.576370471675003
2017-10-31,1.71924005403727
2017-11-02,-2.88204385354918
2017-11-03,-2.06802052375388
2017-11-06,-0.598804184462254
2017-11-07,0.896866998276025
2017-11-08,-3.32859776334666
2017-11-09,-0.308166653740805
2017-11-10,-3.13505298840762
2017-11-13,-0.960007372901917
2017-11-14,0.321027563024834
2017-11-15,-1.61554402222854
2017-11-16,-0.653597097978542
2017-11-17,0.978800636616284
2017-11-20,2.24728558520586
2017-11-21,2.81708769666964
2017-11-22,0.308166653740805
2017-11-23,0.613498856751593
2017-11-24,-1.2307847674597
2017-11-27,-0.933132742888421
2017-11-28,-1.57483569681391
2017-11-29,-2.24728558520586
2017-11-30,0.647251450561748
2017-12-01,1.28206884290614
2017-12-04,-1.28206884290614
2017-12-05,-0.323102058144653
2017-12-06,-0.649352931054836
2017-12-07,5.38957682051324
2017-12-08,1.22700925918142
2017-12-11,-1.84620628397354
2017-12-12,0.619197024792117
2017-12-13,-1.24225199985573
2017-12-14,-2.85280836145381
2017-12-15,-0.969312920565968
2017-12-18,3.19515998066024
2017-12-19,-2.87101058824315
2017-12-20,-1.30295002903338
2017-12-21,-0.328407520119001
2017-12-22,-0.991743665734601
2017-12-27,1.3201511858536
2017-12-28,0
2017-12-29,0
2018-01-03,-0.328407520119001
2018-01-04,2.91754891339315
2018-01-05,4.37569803571003
2018-01-08,-1.2307847674597
2018-01-09,-3.14491326825033
2018-01-10,0.636944828547992
2018-01-11,1.88684843043827
2018-01-12,-1.56989095431037
2018-01-15,0.630916919326485
2018-01-16,2.48459985865306
2018-01-17,0
2018-01-18,-1.54562582366917
2018-01-19,0
2018-01-22,2.15724852541279
2018-01-23,-1.53612851614873
2018-01-24,-2.82593373144031
2018-01-25,-0.960007372901917
2018-01-26,-0.969312920565968
2018-01-29,1.61034075665787
2018-01-30,-2.58914139327415
2018-01-31,-0.657897109804262
2018-02-01,1.63669774642055
2018-02-02,0
2018-02-05,-2.29895182246989
2018-02-06,-4.06835766364435
2018-02-07,0.345423486808749
2018-02-08,-3.50913198112701
2018-02-09,-1.0772096981911
2018-02-12,0.360360750329836
2018-02-13,1.78257839526008
2018-02-14,2.09797904691944
2018-02-15,-1.74524499512261
2018-02-16,0.351494210744452
2018-02-19,-0.704228262541284
2018-02-20,0
2018-02-21,-3.23187912551675
2018-02-22,1.44930073025666
2018-02-23,-1.44930073025666
2018-02-26,-0.732604009207294
2018-02-27,-2.60722403097752
2018-02-28,-3.8466280827796
2018-03-01,5.71584138399487
2018-03-02,-0.371057939653574
2018-03-05,0.371057939653574
2018-03-06,-3.77403279828471
2018-03-07,-0.385356931599001
2018-03-08,0.385356931599001
2018-03-09,2.28146777661714
2018-03-12,-0.754720563538291
2018-03-13,-3.46855579878901
2018-03-14,-1.58106060266423
2018-03-15,1.58106060266423
2018-03-16,-1.98026272961797
2018-03-19,-0.803217169726433
2018-03-20,-0.809721023261933
2018-03-21,2.0121403199421
2018-03-22,-1.60646025038066
2018-03-23,-1.63268932874288
2018-03-26,-2.50013022054173
2018-03-27,0.421053253634351
2018-03-28,2.89875368732524
2018-03-29,-0.819676720417861
2018-04-03,-2.50013022054173
2018-04-04,-1.70216875694306
2018-04-05,2.12322201057741
2018-04-06,1.66670524852117
2018-04-09,3.25231917055601
2018-04-10,0.796816964917679
2018-04-11,-0.796816964917679
2018-04-12,-0.803217169726433
2018-04-13,3.17486983145804
2018-04-16,-0.784317746102592
2018-04-17,-1.58733491562901
2018-04-18,0.796816964917679
2018-04-19,-0.796816964917679
2018-04-20,-3.25231917055601
2018-04-23,-2.51059211310763
2018-04-24,-0.424629088145112
2018-04-25,-1.71678036223654
2018-04-26,4.65200156348928
2018-04-27,-2.93522120125275
2018-04-30,0
2018-05-02,0
2018-05-04,-1.71678036223654
2018-05-07,-1.74676930403909
2018-05-08,-0.884961527698258
2018-05-09,4.34851119397388
2018-05-10,3.75827111490429
2018-05-11,0
2018-05-14,-3.75827111490429
2018-05-15,-2.58635105899193
2018-05-16,-3.10446216819601
2018-05-17,-1.36056520557788
