2005-04-01,0
2005-04-04,-3.60617160194066
2005-04-05,-2.05885237460279
2005-04-06,0.830627742903545
2005-04-07,0.407778177068607
2005-04-11,-1.23840591997215
2005-04-12,2.05885237460279
2005-04-13,-0.404439515529997
2005-04-14,0.817054306647158
2005-04-15,-2.05028724105727
2005-04-18,-2.52947151626923
2005-04-19,0.426046813107916
2005-04-20,0
2005-04-21,0.845673153343185
2005-04-22,2.89542399975824
2005-04-25,0
2005-04-26,-1.22822463169925
2005-04-27,-1.66719936805899
2005-04-28,-0.845673153343185
2005-04-29,2.51287252140218
2005-05-02,0
2005-05-04,0.823785116169251
2005-05-05,0.404439515529997
2005-05-06,0
2005-05-09,-0.820446454630641
2005-05-10,-0.407778177068607
2005-05-11,-0.40944781824086
2005-05-12,1.23323293441011
2005-05-13,-2.49098448422824
2005-05-16,0.836571625155447
2005-05-17,0.830627742903545
2005-05-18,1.64083942281641
2005-05-19,1.61434994772902
2005-05-20,-1.21319486742149
2005-05-23,2.00113014407748
2005-05-24,-1.19392906777076
2005-05-25,0.405993791114767
2005-05-27,0.787935276655993
2005-05-30,0
2005-05-31,-0.787935276655993
2005-06-01,-2.02696473884618
2005-06-02,2.43131688311511
2005-06-03,0
2005-06-06,0.784768119800106
2005-06-07,1.57006913898279
2005-06-08,0
2005-06-09,1.16622117589475
2005-06-10,-0.772851744792291
2005-06-13,0.382516676702149
2005-06-14,0.760671571343163
2005-06-15,0.387382886210297
2005-06-16,0.761157327011208
2005-06-17,0.75540746022833
2005-06-20,0.38009095533198
2005-06-21,1.47938323646679
2005-06-22,-0.374498877282914
2005-06-23,-1.10488435918388
2005-06-24,0
2005-06-27,-1.89665574257152
2005-06-28,3.0015401017554
2005-06-29,-1.48497531451586
2005-06-30,2.23257580609806
2005-07-01,-1.48283199329473
2005-07-04,0.73523150171253
2005-07-05,-3.0015401017554
2005-07-06,-0.757719389463318
2005-07-07,-1.5611441151278
2005-07-08,-0.38703026553133
2005-07-11,-1.18930092163145
2005-07-12,0.79127158643848
2005-07-13,0
2005-07-14,0.398029335192973
2005-07-15,-0.398029335192973
2005-07-18,-3.19355681082349
2005-07-19,1.20835615661425
2005-07-20,2.38322998940221
2005-07-21,1.94817438065913
2005-07-22,-2.3462037158521
2005-07-25,2.3462037158521
2005-07-26,0.757719389463318
2005-07-27,0
2005-07-28,1.14412487814128
2005-07-29,0
2005-08-01,0.372439909098254
2005-08-02,1.48497531451586
2005-08-03,0.747600491582201
2005-08-04,1.46116498028741
2005-08-05,2.14392720611354
2005-08-08,0.358576325466853
2005-08-09,0
2005-08-10,0.34880293988131
2005-08-11,-0.707379265348163
2005-08-12,1.41822257336583
2005-08-16,0.336728999035873
2005-08-17,-0.691519031613819
2005-08-18,0
2005-08-19,0
2005-08-22,-0.356053275439727
2005-08-23,0
2005-08-24,-0.34880293988131
2005-08-25,-1.07099511477697
2005-08-26,0
2005-08-29,0
2005-08-30,-1.07388232148367
2005-08-31,1.07388232148367
2005-09-01,1.41979805465828
2005-09-02,-0.707379265348163
2005-09-05,0.707379265348163
2005-09-06,1.74268837592519
2005-09-07,-0.695116068871648
2005-09-08,-2.46737036171183
2005-09-09,-0.35379939394895
2005-09-12,1.06621818325907
2005-09-13,0.358576325466853
2005-09-14,1.74872460475797
2005-09-15,2.06380869419327
2005-09-16,3.67250161432411
2005-09-19,-0.324739899653803
2005-09-20,-0.660646331676507
2005-09-21,-1.00325894671087
2005-09-22,-1.00527802406383
2005-09-23,1.34349706124564
2005-09-26,3.27405489001666
2005-09-27,1.91876431816898
2005-09-28,-1.91876431816898
2005-09-29,-0.647857708354671
2005-09-30,0.647857708354671
2005-10-03,0.643687514681091
2005-10-04,0.324149392417095
2005-10-05,-0.967836907098185
2005-10-06,-3.95164076874215
2005-10-07,-1.68139775679679
2005-10-10,-2.41597888899472
2005-10-11,4.77496252451699
2005-10-12,-0.338219037181808
2005-10-13,-2.3670710130407
2005-10-14,-2.78051578231215
2005-10-17,-1.05866266646775
2005-10-18,2.4585843313444
2005-10-19,0
2005-10-20,2.40776120755131
2005-10-21,0.334625898861063
2005-10-24,0.665911182520151
2005-10-25,0.677585878725484
2005-10-26,0
2005-10-27,-2.70529005022251
2005-10-28,0.346306414700237
2005-10-31,0.336908162057536
2005-11-02,2.02207547346474
2005-11-03,-0.338219037181808
2005-11-04,-0.671768136699136
2005-11-07,-1.01208829958379
2005-11-08,0
2005-11-09,0.6785784122191
2005-11-10,0
2005-11-14,-0.334625898861063
2005-11-15,0.668135786225754
2005-11-16,1.00998717388094
2005-11-17,2.62619718166199
2005-11-18,0.974096928886059
2005-11-21,1.27144845149765
2005-11-22,-0.954000157347945
2005-11-23,0.954000157347945
2005-11-24,0.321076646139939
2005-11-25,0
2005-11-28,-0.627825352926159
2005-11-29,0.940266071944862
2005-11-30,0.946582358493497
2005-12-01,-1.88684843043836
2005-12-02,1.25931830248271
2005-12-05,-1.25931830248271
2005-12-06,1.56979524720482
2005-12-07,-0.310476944722105
2005-12-08,0.627530127955644
2005-12-09,-0.627530127955644
2005-12-12,0.310476944722105
2005-12-13,-0.629529175259957
2005-12-14,0.946582358493497
2005-12-15,-1.2590230775122
2005-12-16,0
2005-12-19,0
2005-12-20,0.312440719018703
2005-12-21,0.629529175259957
2005-12-22,1.25475931525143
2005-12-23,0.610393439007595
2005-12-27,3.32804559290265
2005-12-28,0.594025722425418
2005-12-29,1.46629154422175
2005-12-30,-1.46629154422175
2006-01-02,0.888010666136196
2006-01-03,0
2006-01-04,2.03031337054149
2006-01-05,-0.576891261087553
2006-01-06,0
2006-01-09,-2.34143277559014
2006-01-10,0
2006-01-11,2.91832403667769
2006-01-12,-0.291504926022235
2006-01-13,3.68466325962062
2006-01-16,7.48398387570681
2006-01-17,1.02660147128679
2006-01-18,1.52040785611129
2006-01-19,-0.504238485226072
2006-01-20,-0.506793940758143
2006-01-23,-0.509375430127079
2006-01-24,1.01616937088522
2006-01-25,-1.52815272408757
2006-01-26,-0.514618118084442
2006-01-27,1.02660147128679
2006-01-30,0.509375430127079
2006-01-31,-4.40511661218821
2006-02-01,-0.802856041841515
2006-02-02,-1.07625520193757
2006-02-03,-0.542502719459836
2006-02-06,1.08207822001516
2006-02-07,0.536679701382248
2006-02-08,0
2006-02-09,-1.07625520193757
2006-02-10,-0.542502719459836
2006-02-13,-0.545461872247621
2006-02-14,-0.548453484349753
2006-02-15,1.09391535659737
2006-02-16,1.61875792139741
2006-02-17,0.802856041841515
2006-02-20,1.83817053659592
2006-02-21,2.05757064546521
2006-02-22,-0.51198335320235
2006-02-23,0
2006-02-24,-1.02565001671886
2006-02-27,0.511031898634418
2006-02-28,-3.13818093384857
2006-03-01,1.05280921395527
2006-03-02,1.05440254571487
2006-03-03,-1.05440254571487
2006-03-06,-1.58662403272256
2006-03-07,-1.61875792139741
2006-03-08,-3.59647794575881
2006-03-09,0.845656698790087
2006-03-10,0.275825126938845
2006-03-13,-0.559168769246465
2006-03-14,-2.55222364601559
2006-03-15,1.70415723139428
2006-03-16,1.13141005692894
2006-03-17,-2.83556728832322
2006-03-20,1.42441768418422
2006-03-21,-0.287376181353238
2006-03-22,-2.2941713802143
2006-03-23,0.865624951361088
2006-03-24,1.71592261020646
2006-03-27,1.68697473107784
2006-03-28,-0.836542691287967
2006-03-29,-0.570692492579816
2006-03-30,0.570692492579816
2006-03-31,-1.13780822114311
2006-04-03,2.80395358307493
2006-04-04,1.37632027637995
2006-04-05,0.811575892465921
2006-04-06,-0.267615446424685
2006-04-07,1.87768546712954
2006-04-10,-1.87768546712954
2006-04-11,-2.4681174747287
2006-04-12,0
2006-04-13,0.827278051912295
2006-04-18,2.44803036979642
2006-04-19,2.12330373410481
2006-04-20,5.13408971897782
2006-04-21,2.71235327262396
2006-04-24,0.485878315744426
2006-04-25,-0.239717131777883
2006-04-26,0.484686633110698
2006-04-27,-0.971733923981155
2006-04-28,-0.495342444597391
2006-05-02,1.46707636857855
2006-05-04,-1.46707636857855
2006-05-05,0
2006-05-08,0.495342444597391
2006-05-09,0.487047290870457
2006-05-10,-0.246161183966542
2006-05-11,0.969407264576461
2006-05-12,-0.969407264576461
2006-05-15,-2.71235327262396
2006-05-16,0
2006-05-17,-2.53409988100008
2006-05-18,2.53409988100008
2006-05-19,-0.756547715009237
2006-05-22,-2.29217028407529
2006-05-23,0
2006-05-24,-5.83621554626088
2006-05-25,0
2006-05-26,0
2006-05-29,0
2006-05-30,-1.64776832944593
2006-05-31,-2.25611683076741
2006-06-01,3.0833948826797
2006-06-02,2.44803036979642
2006-06-05,0.265466826884353
2006-06-06,-1.07265777386436
2006-06-07,-0.274887273035151
2006-06-08,-3.31153881131785
2006-06-09,1.1183086096243
2006-06-12,-3.39315833359839
2006-06-13,-4.7038286338946
2006-06-14,-3.06104955682152
2006-06-16,1.84785043340492
2006-06-19,0.608439365566671
2006-06-20,-1.83653795530008
2006-06-21,0.608536200737131
2006-06-22,1.52719561441597
2006-06-23,5.00939453189151
2006-06-26,-1.73370298359092
2006-06-27,4.56927027191414
2006-06-28,-1.41114960413899
2006-06-29,0.565492905348908
2006-06-30,1.12148182572893
2006-07-03,0.28176591833633
2006-07-04,2.73573292115339
2006-07-05,0
2006-07-06,2.66287923466013
2006-07-07,0.790268060975219
2006-07-10,2.06912529470724
2006-07-11,-1.54781644837207
2006-07-12,2.81656565475492
2006-07-13,-3.07374001635043
2006-07-14,-2.10721175967015
2006-07-17,-1.34316884348227
2006-07-18,2.39597805743754
2006-07-19,-1.05280921395527
2006-07-20,2.62714903521415
2006-07-21,1.79571388676987
2006-07-24,1.26232733926264
2006-07-25,1.00091278780559
2006-07-26,0
2006-07-27,2.94399697358205
2006-07-28,3.78956617566049
2006-07-31,0
2006-08-01,-1.40075715919803
2006-08-02,-0.954429305422888
2006-08-03,-2.40611363502072
2006-08-04,4.76130009964164
2006-08-07,0
2006-08-08,0
2006-08-09,1.15434155062051
2006-08-10,-0.689888126238447
2006-08-11,0.456748969847354
2006-08-14,-0.456748969847354
2006-08-16,5.40613445693383
2006-08-17,1.73552658646319
2006-08-18,-0.43237115778112
2006-08-21,2.56662202652365
2006-08-22,2.90849363792089
2006-08-23,-5.04274450666342
2006-08-24,1.28600868515738
2006-08-25,-1.28600868515738
2006-08-28,1.7110291677561
2006-08-29,1.47098772090422
2006-08-30,-1.25660348280396
2006-08-31,-0.214384238100251
2006-09-01,-0.0817912324505343
2006-09-04,1.55277895335475
2006-09-05,-1.47098772090422
2006-09-06,-2.57240590136947
2006-09-07,-0.047198259784853
2006-09-08,0.908574993398226
2006-09-11,-1.42923145895617
2006-09-12,1.86491679544556
2006-09-13,2.53967304468929
2006-09-14,1.24854330797959
2006-09-15,-0.830627742903545
2006-09-18,0.416176297031612
2006-09-19,-0.416176297031612
2006-09-20,0.331076299404653
2006-09-21,-0.915637528598623
2006-09-22,-0.253023767397575
2006-09-25,-1.2696802645058
2006-09-26,2.52344155812896
2006-09-27,-1.25376129362316
2006-09-28,2.08095357257818
2006-09-29,-0.827192278955025
2006-10-02,-1.4617195740418
2006-10-03,2.69501383741888
2006-10-04,0
2006-10-05,2.43152297539178
2006-10-06,-2.67399532122186
2006-10-09,1.4265577158822
2006-10-10,3.19165800895762
2006-10-11,0.0378393723179826
2006-10-12,1.93889837304617
2006-10-13,3.40607845138479
2006-10-16,-3.59642647422378
2006-10-17,-0.269893137306187
2006-10-18,4.16175402515941
2006-10-19,1.50825730983399
2006-10-20,0.0352159179587197
2006-10-23,-0.733283610850677
2006-10-24,2.90141381598694
2006-10-25,-0.717499620277007
2006-10-26,1.07003652881614
2006-10-27,1.76536477395013
2006-10-30,-0.876659928923651
2006-10-31,2.26685064547336
2006-11-02,0
2006-11-03,0
2006-11-06,0.584615136037581
2006-11-07,1.12229086941769
2006-11-08,-0.0981595170840954
2006-11-09,0.0981595170840954
2006-11-10,1.11387793398405
2006-11-13,0.568400941762626
2006-11-14,1.4882473898731
2006-11-15,1.27500546676078
2006-11-16,2.11633781256113
2006-11-17,3.0649840513262
2006-11-20,-1.48871273830986
2006-11-21,1.39585014968526
2006-11-22,0.155959927639238
2006-11-23,-1.5518100773245
2006-11-24,-0.0339219421680248
2006-11-27,-1.22510113534418
2006-11-28,0.411303801712659
2006-11-29,2.70332330342535
2006-11-30,-2.22937978229076
2006-12-01,0.403918934998693
2006-12-04,3.95191570458717
2006-12-05,2.07862988547731
2006-12-06,-1.24198598616401
2006-12-07,-1.13766869821079
2006-12-08,3.23081382537769
2006-12-11,0.899755750542486
2006-12-12,0.576891261087642
2006-12-13,1.96273113703178
2006-12-14,0.8425162763813
2006-12-15,-0.53378505119257
2006-12-18,3.04256714730409
2006-12-19,-2.22951339624515
2006-12-20,-3.08451611327945
2006-12-21,-2.32780615263302
2006-12-22,-0.883511269047776
2006-12-27,0.59224547864849
2006-12-28,0.117318747124884
2006-12-29,-1.01059656319569
2007-01-02,2.06383313198986
2007-01-03,-1.20257523970055
2007-01-04,0.323285714180788
2007-01-05,-1.18454360647009
2007-01-08,-1.4970447727884
2007-01-09,-2.22882262264275
2007-01-10,1.01188802389975
2007-01-11,5.3597394068734
2007-01-12,1.43672654569489
2007-01-15,1.13742704217472
2007-01-16,3.60646564541609
2007-01-17,3.8736556628538
2007-01-18,8.90113776562966
2007-01-19,-2.92257171768675
2007-01-22,-1.99390110600532
2007-01-23,-3.85198865257372
2007-01-24,0.654481427474796
2007-01-25,-3.84595163446528
2007-01-26,-2.73908261214473
2007-01-29,1.98006568547715
2007-01-30,3.42824315126986
2007-01-31,5.12774272903567
2007-02-01,2.00272321698671
2007-02-02,2.39709008983553
2007-02-05,-0.236850577203906
2007-02-06,-0.772204609391025
2007-02-07,-2.09976057301908
2007-02-08,-3.82200533006483
2007-02-09,0.12669377341652
2007-02-12,-2.33386102657125
2007-02-13,2.20716725315473
2007-02-14,2.22907518633058
2007-02-15,-0.957090480986178
2007-02-16,-2.04488442924298
2007-02-19,6.86355015595668
2007-02-20,0.122117887998918
2007-02-21,0.481202192417918
2007-02-22,2.3690544859897
2007-02-23,1.85786379525963
2007-02-26,0.227058855927709
2007-02-27,-4.24020925382598
2007-02-28,-4.22610549035065
2007-03-01,1.21474730715878
2007-03-02,1.22661032202256
2007-03-05,-0.123456805804079
2007-03-06,-1.22813493406442
2007-03-07,0.246836603595746
2007-03-08,0.981298330468672
2007-03-09,1.21323459120442
2007-03-12,1.19582026354035
2007-03-13,0
2007-03-14,-2.04207119199209
2007-03-15,2.75446959864531
2007-03-16,3.94103877303849
2007-03-19,-1.14113696956482
2007-03-20,1.25344267198013
2007-03-21,-0.112305702415316
2007-03-22,4.01036726208535
2007-03-23,2.79880154764509
2007-03-26,0
2007-03-27,-2.36530333183982
2007-03-28,-1.86283268877814
2007-03-29,3.37448484267959
2007-03-30,2.53688060124846
2007-04-02,-4.04853275514991
2007-04-03,2.15257274016478
2007-04-04,0
2007-04-05,-0.429400400092472
2007-04-10,-0.641094120057062
2007-04-11,0.857310420506607
2007-04-12,1.26980155590442
2007-04-13,3.72032788713303
2007-04-16,0
2007-04-17,-1.43135858372263
2007-04-18,-1.24088727876437
2007-04-19,-1.99955913451637
2007-04-20,2.12258663035589
2007-04-23,3.95796603996104
2007-04-24,-2.01721905355026
2007-04-25,0.505683872104612
2007-04-26,1.11278648069844
2007-04-27,2.2814495699734
2007-04-30,0.096994365371561
2007-05-02,0.295135208977104
2007-05-04,1.45577968256827
2007-05-07,0.482129717935109
2007-05-08,-2.23304460948048
2007-05-09,-1.18215088989926
2007-05-10,-4.87853788049906
2007-05-11,1.85683708085067
2007-05-14,2.22415645494989
2007-05-15,-2.84010625703619
2007-05-16,-2.2889693034104
2007-05-17,-1.05661745626149
2007-05-18,2.51837387023448
2007-05-21,3.6673191464736
2007-05-22,0.69939598918296
2007-05-23,-0.998913121310618
2007-05-24,0.699084398596828
2007-05-25,3.2334070335204
2007-05-28,-0.676766252509431
2007-05-29,-1.17296490508183
2007-05-30,-0.985698797699808
2007-05-31,1.18215088989926
2007-06-01,2.42247798329114
2007-06-04,2.54983908288908
2007-06-05,-0.654600324014165
2007-06-06,0.46994054087417
2007-06-08,-4.78765728304023
2007-06-11,4.03650553519084
2007-06-12,-1.70869938255782
2007-06-13,-0.384224155677693
2007-06-14,3.58962678468604
2007-06-15,0.55331347520502
2007-06-18,-1.29886497380616
2007-06-19,-1.22236217140888
2007-06-20,-0.0958794731594992
2007-06-21,3.53622055778793
2007-06-22,0.545248030978485
2007-06-25,-0.454900849283923
2007-06-26,-0.459192364806515
2007-06-27,-0.918059641776825
2007-06-28,0.274299649033338
2007-06-29,0.643759992743487
2007-07-02,-0.365768909581909
2007-07-03,-0.369340724672451
2007-07-04,0.184840877952919
2007-07-05,-0.647323688951307
2007-07-06,-0.466881501714855
2007-07-09,-3.0287350692249
2007-07-10,0
2007-07-11,-0.579118523390232
2007-07-12,-0.0956792717357047
2007-07-13,-1.36577856720095
2007-07-16,-1.68271766862382
2007-07-17,1.19157269547028
2007-07-18,0.786566162896651
2007-07-19,2.31863344678764
2007-07-20,-0.284015661678705
2007-07-23,1.61478805794824
2007-07-24,0
2007-07-25,-0.0933313672502045
2007-07-26,-1.61862269024562
2007-07-27,-0.192296612977572
2007-07-30,0.8612880120344
2007-07-31,-2.60644318461818
2007-08-01,-1.47872606978634
2007-08-02,0.296544519598019
2007-08-03,-0.995940508780979
2007-08-06,0
2007-08-07,0.797544344698498
2007-08-08,-0.797544344698498
2007-08-09,0.995940508780979
2007-08-10,-2.00189985786796
2007-08-13,1.90155581275109
2007-08-14,-0.895596463664106
2007-08-16,-3.0437824327624
2007-08-17,-0.623536713711204
2007-08-20,0.827212889437412
2007-08-21,-2.07593886602009
2007-08-22,1.10350812432269
2007-08-23,1.30190400685501
2007-08-24,-0.739732801018356
2007-08-27,-0.20701101058842
2007-08-28,-2.87724039213604
2007-08-29,0.783213627408674
2007-08-30,1.88408442173911
2007-08-31,3.6673191464736
2007-09-03,1.39155589607265
2007-09-04,0
2007-09-05,-0.99198862960348
2007-09-06,1.77855479250013
2007-09-07,-0.198426824371545
2007-09-10,-2.98565458368474
2007-09-11,0
2007-09-12,-0.709014754442272
2007-09-13,1.5170068241769
2007-09-14,-0.523358434355181
2007-09-17,-0.121539187036479
2007-09-18,3.02098695971331
2007-09-19,4.21435986927126
2007-09-20,1.12042208799856
2007-09-21,1.65524080870458
2007-09-24,-4.67138931918676
2007-09-25,-2.31863344678764
2007-09-26,1.74515517258378
2007-09-27,1.33608677084682
2007-09-28,-3.0812419434306
2007-10-01,1.74515517258378
2007-10-02,1.81091930322319
2007-10-03,0.75100467553959
2007-10-04,1.21322539565289
2007-10-05,1.10375661124369
2007-10-08,0.728396244623575
2007-10-09,4.44708284568165
2007-10-10,2.57549843352942
2007-10-11,-0.510231325260424
2007-10-12,-2.065267108269
2007-10-15,3.16648056970816
2007-10-16,-0.423522379275987
2007-10-17,1.51073122921641
2007-10-18,-3.3871057278331
2007-10-19,2.2145223427751
2007-10-22,-1.10215922106001
2007-10-23,1.27283546535297
2007-10-24,-1.35923033640335
2007-10-25,-0.424830500774487
2007-10-26,-1.29380288811829
2007-10-29,0.692665138228055
2007-10-30,0.342469642207721
2007-10-31,-1.73263125302121
2007-11-02,-2.4781162459818
2007-11-05,-2.7252508043742
2007-11-06,0.365768909581909
2007-11-07,-1.6644739469676
2007-11-08,-2.07092860778104
2007-11-09,-1.53692498483409
2007-11-12,-0.681078779866784
2007-11-13,0.681078779866784
2007-11-14,-1.36446347356509
2007-11-15,0
2007-11-16,1.26878420182939
2007-11-19,0.674797795125937
2007-11-20,0
2007-11-21,-0.0974478035350224
2007-11-22,0.0974478035350224
2007-11-23,0
2007-11-26,-2.14003408915477
2007-11-27,-2.58719942925714
2007-11-28,0.765359287296352
2007-11-29,-1.73528003854502
2007-11-30,0.767917689020514
2007-12-03,-0.583961099942609
2007-12-04,1.58992044902959
2007-12-05,1.29160824128149
2007-12-06,0.199795513980394
2007-12-07,-0.990993722917821
2007-12-10,3.03716106556582
2007-12-11,-1.55787586331213
2007-12-12,1.65327906539181
2007-12-13,-2.43903045827203
2007-12-14,-3.21116289526779
2007-12-17,-4.16847396315783
2007-12-18,1.05661745626149
2007-12-19,-0.738969828976277
2007-12-20,3.02793913238668
2007-12-21,1.02448530495343
2007-12-27,2.01560415268514
2007-12-28,0.795957308178608
2008-01-02,-0.995940508780979
2008-01-03,-3.0437824327624
2008-01-04,-1.87226269029388
2008-01-07,-1.2696478936518
2008-01-08,-2.12898134305144
2008-01-09,-2.70976095280462
2008-01-10,-5.74721124921913
2008-01-11,-0.663921852671923
2008-01-14,1.18452670116964
2008-01-15,-5.26636724721232
2008-01-16,-4.35861422495831
2008-01-17,1.03186618740363
2008-01-18,-2.59673494617907
2008-01-21,-4.44157019225893
2008-01-22,2.87761411249328
2008-01-23,-2.46378160386733
2008-01-24,6.36750256627163
2008-01-25,-3.1362772021712
2008-01-28,-3.75459599796368
2008-01-29,3.70340254960686
2008-01-30,1.89262096534693
2008-01-31,-4.25664414151976
2008-02-01,5.29386172542079
2008-02-04,0.767829401612818
2008-02-05,-4.14994695313355
2008-02-06,2.08390584119522
2008-02-07,0.780947687742373
2008-02-08,2.25193694658037
2008-02-11,2.05881177951328
2008-02-12,2.81176789336808
2008-02-13,3.74040805015357
2008-02-14,1.45508708882724
2008-02-15,-1.28987416464268
2008-02-18,3.68871205503787
2008-02-19,-1.8506951029627
2008-02-20,0
2008-02-21,1.08735328090734
2008-02-22,-2.00075284565449
2008-02-25,-0.277600600223238
2008-02-26,-3.94931768102609
2008-02-27,0.404040953700502
2008-02-28,-0.981180358215461
2008-02-29,0.0959372120970414
2008-03-03,-3.18255642108127
2008-03-04,-9.38084282282894
2008-03-05,-0.303580500435086
2008-03-06,-2.49628166456546
2008-03-07,-1.6742225147456
2008-03-10,2.54125559332827
2008-03-11,1.65898738045902
2008-03-12,0.543649713803518
2008-03-13,-3.40907924863094
2008-03-14,-3.49771882611796
2008-03-17,-3.1764599184017
2008-03-18,7.60142735089628
2008-03-19,0.0269441920056401
2008-03-20,0.808308806391089
2008-03-25,2.32772118837969
2008-03-26,0.133718200705069
2008-03-27,1.12783150377069
2008-03-28,-1.4281320297477
2008-03-31,-1.96757965033232
2008-04-01,1.96757965033232
2008-04-02,4.32799063247327
2008-04-03,-1.88982997616129
2008-04-04,1.18611056925673
2008-04-07,0.885128189295692
2008-04-08,-0.131332101428594
2008-04-09,-0.67501001947079
2008-04-10,-2.62034875102604
2008-04-11,-4.63983690949323
2008-04-14,-1.67032045865003
2008-04-15,0.258002516738554
2008-04-16,-0.289007598375246
2008-04-17,0
2008-04-18,1.92802546312194
2008-04-21,-0.423363488187434
2008-04-22,-1.5598058674227
2008-04-23,-1.38158265320669
2008-04-24,2.96853753494757
2008-04-25,2.39052536750801
2008-04-28,2.44469345824898
2008-04-29,-2.30564360965699
2008-04-30,-1.24171438467942
2008-05-05,2.73908261214473
2008-05-06,0.27015167698714
2008-05-07,3.70430446498338
2008-05-08,-2.89820094003295
2008-05-09,-0.267979819745889
2008-05-12,0.454817486441605
2008-05-13,0.0804259400909224
2008-05-14,0.794341321610759
2008-05-15,0
2008-05-16,3.38132827723872
2008-05-19,1.77607187437783
2008-05-20,-2.05713143704989
2008-05-21,-1.52398742284179
2008-05-23,0
2008-05-26,1.2948496851811
2008-05-27,2.93860296901576
2008-05-28,2.31790082337726
2008-05-29,1.69443678362233
2008-05-30,-1.69443678362233
2008-06-02,-0.123609410052872
2008-06-03,0.829953295514851
2008-06-04,-2.3791295767599
2008-06-05,0.667722396216242
2008-06-06,0.272956704111493
2008-06-09,-2.99544243253802
2008-06-10,-2.82380445406591
2008-06-11,-3.14863567372532
2008-06-12,1.30720815673522
2008-06-13,-0.529195096345525
2008-06-16,0.266551211980648
2008-06-17,1.31903655172749
2008-06-18,0.129687345194274
2008-06-19,1.51213823667504
2008-06-20,-1.90170592969938
2008-06-23,0
2008-06-24,-1.32570741587807
2008-06-25,-1.88602152818413
2008-06-26,0.812654396447066
2008-06-27,-4.40913234220579
2008-06-30,-0.28234672542462
2008-07-01,-1.10642196053803
2008-07-02,-0.601141903570479
2008-07-03,-0.545528551092378
2008-07-04,2.45047881198603
2008-07-07,2.58752291780082
2008-07-08,4.27707967299567
2008-07-09,0.288444975493984
2008-07-10,-4.12586178591026
2008-07-11,-4.33099413770339
2008-07-14,-1.324522675002
2008-07-15,-1.60442538120149
2008-07-16,0.293956401576612
2008-07-17,5.97817611600719
2008-07-18,2.66901627864735
2008-07-21,6.05349448727939
2008-07-22,-1.52895476888482
2008-07-23,0.256970063540418
2008-07-24,-1.29150502881084
2008-07-25,1.29150502881084
2008-07-28,0.253227236792331
2008-07-29,-1.88358801152706
2008-07-30,5.38091413831925
2008-07-31,-4.18748562158777
2008-08-01,-0.360898904568518
2008-08-04,1.0510583993641
2008-08-05,-2.06604111193833
2008-08-06,-0.968147531040131
2008-08-07,-1.14148095587101
2008-08-08,-1.34351880872421
2008-08-11,1.29205365914347
2008-08-12,-1.02190198215633
2008-08-13,0.483147553767349
2008-08-14,-0.753299230754489
2008-08-18,-0.460612022579632
2008-08-19,-2.83608036490186
2008-08-20,1.60725204082892
2008-08-21,0.604770593580728
2008-08-22,1.08466975307184
2008-08-25,-2.73908261214473
2008-08-26,0.0301431803337415
2008-08-27,-2.0775573832732
2008-08-28,0.0854394201083686
2008-08-29,0.562076729757166
2008-09-01,0.0305680566190958
2008-09-02,5.45193141732376
2008-09-03,-2.34585285803224
2008-09-04,-2.26741414616782
2008-09-05,-6.54751441748687
2008-09-08,6.49361877162402
2008-09-09,-0.53378505119257
2008-09-10,-1.72544725166679
2008-09-11,-3.16508705358602
2008-09-12,-0.295684296581289
2008-09-15,-4.26387281587992
2008-09-16,-4.38376319650375
2008-09-17,-2.61689809929262
2008-09-18,-0.0639105274400364
2008-09-19,7.40651603302318
2008-09-22,-0.61783730850733
2008-09-23,-1.06218274904792
2008-09-24,0.128209980230753
2008-09-25,3.52836230064346
2008-09-26,-0.510595952293968
2008-09-29,-5.54800112160923
2008-09-30,-0.321313401890144
2008-10-01,3.78552094396705
2008-10-02,-3.14777600537308
2008-10-03,-3.27795486832576
2008-10-06,-11.7967183512701
2008-10-07,-3.4360438442997
2008-10-08,-3.16514906422762
2008-10-09,-2.32867008355813
2008-10-10,-11.1606031995557
2008-10-13,5.00411416586104
2008-10-14,3.60662123675377
2008-10-15,-12.4001455732318
2008-10-16,-10.8519155955316
2008-10-17,-3.31956618372988
2008-10-20,0.379407794700981
2008-10-21,3.88037670513386
2008-10-22,-11.0033029125101
2008-10-23,-12.3575210901402
2008-10-24,-4.71889081892103
2008-10-27,3.39320457771546
2008-10-28,1.38913298772279
2008-10-29,9.88141208220927
2008-10-30,4.83009600058875
2008-10-31,4.32608467350022
2008-11-03,-0.710342371266037
2008-11-04,6.36718090174462
2008-11-05,0.049535604728046
2008-11-06,-0.982900603553194
2008-11-07,0.567280142359827
2008-11-10,3.54792211520367
2008-11-12,-4.78636676539779
2008-11-13,-4.59777089606677
2008-11-14,1.51726146540758
2008-11-17,-0.971799593159961
2008-11-18,-3.88223130389767
2008-11-19,2.68224327758277
2008-11-20,-8.49632575309816
2008-11-21,2.37622226053018
2008-11-24,12.6108451928961
2008-11-25,3.00047000345582
2008-11-26,2.51971516134875
2008-11-27,6.1427067936501
2008-11-28,-4.2143606525479
2008-12-01,-2.42368858569959
2008-12-02,2.95312528305258
2008-12-03,0.0459057791959872
2008-12-04,7.77320389154887
2008-12-05,-3.49453644335505
2008-12-08,4.28756201095277
2008-12-09,1.29749649062294
2008-12-10,-2.26583487704826
2008-12-11,-3.03928821104869
2008-12-12,-2.30099137968214
2008-12-15,1.84500926837288
2008-12-16,1.35632377280634
2008-12-17,-2.50267441299288
2008-12-18,-3.57778330376926
2008-12-19,-2.07648172360013
2008-12-22,-3.23439585017393
2008-12-23,-1.57686489700479
2008-12-29,0.154487903427736
2008-12-30,1.87790330588591
2008-12-31,-1.26232733926264
2009-01-05,5.4457965481495
2009-01-06,4.75523603237313
2009-01-07,-0.968935078009103
2009-01-08,-2.59048069082368
2009-01-09,-3.88165224248738
2009-01-12,-0.995928558253389
2009-01-13,-3.50977800586767
2009-01-14,-7.92467964302404
2009-01-15,-1.35436105666704
2009-01-16,-3.05425667795651
2009-01-19,-6.15522861568429
2009-01-20,1.66155146873486
2009-01-21,-8.63868365605587
2009-01-22,-10.7035790521411
2009-01-23,3.65341454040093
2009-01-26,0.35379939394895
2009-01-27,-3.26577501139012
2009-01-28,2.76491040645457
2009-01-29,0.147065210986597
2009-01-30,-1.80562278286418
2009-02-02,-8.37758650536919
2009-02-03,-9.30367323548422
2009-02-04,1.2951750944497
2009-02-05,2.7188484307878
2009-02-06,6.86598089740951
2009-02-09,6.80125531820641
2009-02-10,-2.44131867975526
2009-02-11,-2.04107313386004
2009-02-12,-3.49400970434086
2009-02-13,-2.40231513149052
2009-02-16,-6.95440298054288
2009-02-17,-14.1503749448801
2009-02-18,-3.0462315502306
2009-02-19,10.2778770413942
2009-02-20,-2.35291619581215
2009-02-23,-4.18173674830502
2009-02-24,-7.52481206624287
2009-02-25,5.82309045584566
2009-02-26,-2.55876973312965
2009-02-27,-1.4614787799256
2009-03-02,-2.55581168164376
2009-03-03,3.70689445777161
2009-03-04,7.31360054752281
2009-03-05,-0.289371635828672
2009-03-06,5.00696993739869
2009-03-09,-2.99300936395195
2009-03-10,0.850700168700858
2009-03-11,2.32774838937502
2009-03-12,2.09352989023257
2009-03-13,7.71143327108836
2009-03-16,3.27878761634102
2009-03-17,-2.95344692691488
2009-03-18,-4.49659070239301
2009-03-19,2.82964114532378
2009-03-20,1.42605814277905
2009-03-23,4.08581711344898
2009-03-24,-0.803917352046124
2009-03-25,3.1681838158649
2009-03-26,-0.235815795738592
2009-03-27,-5.2143594405714
2009-03-30,-9.97494287142269
2009-03-31,-4.37839185357909
2009-04-01,-2.50848981816061
2009-04-02,12.8970817031844
2009-04-03,6.72211715907709
2009-04-06,-2.10286980098404
2009-04-07,-3.33665763757143
2009-04-08,7.66013935868468
2009-04-09,2.0333331122095
2009-04-14,3.02402798950618
2009-04-15,-1.50515127303166
2009-04-16,-2.06763873163807
2009-04-17,-4.99099851151206
2009-04-20,-2.47146716571995
2009-04-21,2.87262224602749
2009-04-22,7.41288962307092
2009-04-23,-1.13984729297778
2009-04-24,2.62482260749364
2009-04-27,-1.63015272863616
2009-04-28,-3.29532793847731
2009-04-29,8.5657545557865
2009-04-30,7.43479049736839
2009-05-04,6.97975589679229
2009-05-05,0.861370143504026
2009-05-06,-0.675101788787291
2009-05-07,2.1357318151531
2009-05-08,-3.69615357437327
2009-05-11,-1.56979524720482
2009-05-12,0
2009-05-13,-3.37426575782622
2009-05-14,-2.86885105753996
2009-05-15,1.00053708138121
2009-05-18,4.27787998927354
2009-05-19,0.703221475298665
2009-05-20,3.39169527583776
2009-05-21,-5.06901368002248
2009-05-22,0
2009-05-25,-3.16628152216243
2009-05-26,-1.08082804226219
2009-05-27,2.41364584515749
2009-05-28,-2.81480893585959
2009-05-29,0
2009-06-01,8.47391775916257
2009-06-02,2.53027340087542
2009-06-03,-0.368107608478674
2009-06-04,2.71397937153139
2009-06-05,-1.67937352548346
2009-06-08,-0.791502849604253
2009-06-09,8.81879342251404
2009-06-10,8.55619303906643
2009-06-12,0
2009-06-15,-4.72329357208254
2009-06-16,2.38953107187703
2009-06-17,-4.67159731820708
2009-06-18,-1.05355378719176
2009-06-19,3.17989718866123
2009-06-22,-6.51274391044652
2009-06-23,-5.79944984841001
2009-06-24,5.22255858732246
2009-06-25,-1.39685702274459
2009-06-26,-0.410823640565727
2009-06-29,0.650868940806948
2009-06-30,0
2009-07-01,0.863617795194926
2009-07-02,-0.581947304059938
2009-07-03,-0.81904009365994
2009-07-06,-1.83885265800523
2009-07-07,-2.66370205020934
2009-07-08,-3.50171605913916
2009-07-09,-7.61779377034273
2009-07-10,2.37521403635776
2009-07-13,3.30378306038748
2009-07-14,9.88633387443407
2009-07-15,-0.590517884044672
2009-07-16,1.46629154422175
2009-07-17,-6.93646243057531
2009-07-20,8.78965744747084
2009-07-21,1.87368719953449
2009-07-22,-0.850432039789872
2009-07-23,5.67104072718161
2009-07-24,-1.50906987607389
2009-07-27,-3.31153881131785
2009-07-28,-0.905106726772509
2009-07-29,1.57355390024785
2009-07-30,6.90287613767735
2009-07-31,0.519937275544002
2009-08-03,3.26386489576409
2009-08-04,-2.23821487904523
2009-08-05,-0.253877965396931
2009-08-06,0.0495878024169727
2009-08-07,1.98184232897081
2009-08-10,-0.756193382661419
2009-08-11,1.01103242598422
2009-08-12,-2.08187778708959
2009-08-13,5.78181804714442
2009-08-14,1.67934921237238
2009-08-17,-3.39332349694788
2009-08-18,2.34268749770878
2009-08-19,1.71455785191101
2009-08-20,4.44616834025968
2009-08-21,9.69606273609465
2009-08-24,6.43435088093876
2009-08-25,6.81163943113852
2009-08-26,-8.63451505071238
2009-08-27,-2.78115355033366
2009-08-28,2.58233691679601
2009-08-31,-1.78324314239831
2009-09-01,-4.08099353580047
2009-09-02,-4.2546506798681
2009-09-03,2.14738541877075
2009-09-04,-0.210618319453193
2009-09-07,3.84866563486463
2009-09-08,2.39090275098697
2009-09-09,3.69455178361759
2009-09-10,0.77456846983317
2009-09-11,-2.32775174701541
2009-09-14,-2.42198216969731
2009-09-15,0.15975604298184
2009-09-16,3.04417933147985
2009-09-17,2.68509789236928
2009-09-18,-0.991561557780418
2009-09-21,-2.86877110006456
2009-09-22,3.48047819318671
2009-09-23,-0.224930664734746
2009-09-24,0.983202158349883
2009-09-25,-1.86483449310035
2009-09-28,0.803476801268488
2009-09-29,-2.78411043425866
2009-09-30,-6.02286442342299
2009-10-01,7.57604770060523
2009-10-02,-4.73873212636384
2009-10-05,2.39743291496319
2009-10-06,4.63358406030894
2009-10-07,-2.32488316805508
2009-10-08,2.81061851262558
2009-10-09,-1.43677355842451
2009-10-12,2.78173232052916
2009-10-13,0.0402045972671239
2009-10-14,3.63564784095658
2009-10-15,-1.83858270474762
2009-10-16,-2.20880936273726
2009-10-19,0.44746808151217
2009-10-20,2.81299498560141
2009-10-21,0.963352807400231
2009-10-22,1.41725244224569
2009-10-23,2.25896494534092
2009-10-26,-2.71779827644449
2009-10-27,-2.93395280382756
2009-10-28,-1.8767425525672
2009-10-29,0.854211716344899
2009-10-30,0.10626523027879
2009-11-02,-0.186038324386928
2009-11-03,-4.62772523542858
2009-11-04,-1.23818892939278
2009-11-05,-2.56674646611703
2009-11-06,-4.33254068257813
2009-11-09,4.33254068257813
2009-11-10,-0.799093774397708
2009-11-12,-1.22304738679997
2009-11-13,-0.118203323455557
2009-11-16,3.33428832637077
2009-11-17,-1.5951140551838
2009-11-18,-0.397923560931446
2009-11-19,-2.99089559236805
2009-11-20,-1.55002724654691
2009-11-23,2.71060112788373
2009-11-24,-0.620950307467982
2009-11-25,-0.745245652886961
2009-11-26,-2.61432852722674
2009-11-27,-1.72570424265794
2009-11-30,0
2009-12-01,3.83673511479206
2009-12-02,1.53714379689314
2009-12-03,1.43063956512375
2009-12-04,2.72506958057717
2009-12-07,-0.434689833963198
2009-12-08,-2.73710491946444
2009-12-09,-0.409200166716506
2009-12-10,1.5879573040289
2009-12-11,1.40024498242024
2009-12-14,0.473560474583401
2009-12-15,-1.07471168260593
2009-12-16,0
2009-12-17,0
2009-12-18,-1.48705238049089
2009-12-21,0
2009-12-22,2.44238957118421
2009-12-23,-0.834817495241591
2009-12-28,1.07342414626581
2009-12-29,1.17985684817139
2009-12-30,2.12526058374651
2009-12-31,-0.578103124653317
2010-01-04,4.29421942870087
2010-01-05,2.40139724896533
2010-01-06,0.717499620277007
2010-01-07,-2.09333753133141
2010-01-08,-0.365695558781365
2010-01-11,2.10092678572531
2010-01-12,-1.04712998672953
2010-01-13,2.11762450687907
2010-01-14,0
2010-01-15,0
2010-01-18,1.23248478942921
2010-01-19,1.35508544700551
2010-01-20,0.208133946842182
2010-01-21,-3.15555549049984
2010-01-22,-4.47171004684952
2010-01-25,-0.639325035663418
2010-01-26,-0.031621982058283
2010-01-27,-1.28687859183092
2010-01-28,-1.37323018735902
2010-01-29,-0.577014164929501
2010-02-01,-1.99379733973686
2010-02-02,0.31371829133251
2010-02-03,0.747048391519467
2010-02-04,-5.17173326515783
2010-02-05,-5.06173197774107
2010-02-08,-0.0469740868263457
2010-02-09,0.6504511029787
2010-02-10,1.2422519998557
2010-02-11,-2.75782843567622
2010-02-12,2.71171360894247
2010-02-15,1.10092855083694
2010-02-16,1.83325492804274
2010-02-17,2.64233033033934
2010-02-18,-3.18128068425221
2010-02-19,-1.67519937454381
2010-02-22,-1.01772939706004
2010-02-23,-2.8044579665619
2010-02-24,-0.269977136535537
2010-02-25,-3.30884803683906
2010-02-26,4.92831662883706
2010-03-01,-3.48138102805748
2010-03-02,2.39059460851827
2010-03-03,3.5634823276987
2010-03-04,-1.35756804347196
2010-03-05,1.31176301938689
2010-03-08,0.846539081519104
2010-03-09,-1.64897624101918
2010-03-10,1.18857725924917
2010-03-11,-1.39919557870236
2010-03-12,1.48029858395899
2010-03-15,-1.01342756175571
2010-03-16,1.59946541156959
2010-03-17,2.71811223156329
2010-03-18,0
2010-03-19,0
2010-03-22,2.01399571748402
2010-03-23,0.794376575248368
2010-03-24,-0.39639949701904
2010-03-25,3.08630116700481
2010-03-26,1.52414600042148
2010-03-29,1.13596277876846
2010-03-30,-0.716426388866775
2010-03-31,-1.93904255735635
2010-04-01,4.13990098457235
2010-04-06,1.50657823202636
2010-04-07,-0.734989995343582
2010-04-08,-2.51841637202039
2010-04-09,4.94478780444876
2010-04-12,1.87504158636376
2010-04-13,1.64092902828799
2010-04-14,1.47097933720968
2010-04-15,-0.102595679461981
2010-04-16,-2.30936042705308
2010-04-19,-4.26637528243115
2010-04-20,2.01421924411465
2010-04-21,-1.65529388286085
2010-04-22,-3.95266104178855
2010-04-23,3.29950803485985
2010-04-26,4.4555012851518
2010-04-27,-3.37072116118655
2010-04-28,-2.25707463127121
2010-04-29,2.25707463127121
2010-04-30,1.72094562312823
2010-05-04,-3.79574532452374
2010-05-05,-1.67514106521214
2010-05-06,1.30134212516264
2010-05-07,-1.82211767098739
2010-05-10,3.80412874404996
2010-05-11,-1.79493694608004
2010-05-12,1.46658693673931
2010-05-13,-3.32606112853808
2010-05-14,2.1483055152574
2010-05-17,0.252598126820835
2010-05-18,0.990913795954995
2010-05-19,-3.73240948863076
2010-05-20,-4.81785148459712
2010-05-21,-0.853312943803708
2010-05-24,3.5935974022073
2010-05-25,-2.96489089437326
2010-05-26,10.8522671805273
2010-05-27,-0.322435308689872
2010-05-28,2.91117902001101
2010-05-31,0.388220311845355
2010-06-01,-2.57430766418825
2010-06-02,-0.0812573550536655
2010-06-04,-3.18632566818486
2010-06-07,-1.2489328767316
2010-06-08,0
2010-06-09,-0.044734723838058
2010-06-10,0.250257090882045
2010-06-11,0.124894079306248
2010-06-14,1.33285122333504
2010-06-15,-0.870319822799015
2010-06-16,0.0399263585810772
2010-06-17,-1.68176429941198
2010-06-18,-0.420368101564783
2010-06-21,1.26925819550943
2010-06-22,-1.69594971896867
2010-06-23,-0.900186571772554
2010-06-24,0.0413024030101461
2010-06-25,-0.820054351444011
2010-06-28,-0.920166358690988
2010-06-29,-2.44335304166938
2010-06-30,2.00821374236764
2010-07-01,0.173346807210972
2010-07-02,-0.841427391350003
2010-07-05,1.191886851473
2010-07-06,4.53680407618409
2010-07-07,1.33285122333504
2010-07-08,0.827917206902029
2010-07-09,0.161279811782666
2010-07-12,-0.370896028978063
2010-07-13,1.02208131247039
2010-07-14,1.01174041366114
2010-07-15,-0.201530844531561
2010-07-16,-1.54418172473871
2010-07-19,0.326392351904836
2010-07-20,-0.859610398495914
2010-07-21,2.27893061586135
2010-07-22,2.58359859793149
2010-07-23,2.93285802546528
2010-07-26,0.533658028177975
2010-07-27,-0.226052653479858
2010-07-28,-1.91764342264609
2010-07-29,-0.156662301170751
2010-07-30,-0.0330128340389813
2010-08-02,2.71167172688545
2010-08-03,-0.378300515549768
2010-08-04,0
2010-08-05,-3.03748280156384
2010-08-06,1.77965562004809
2010-08-09,0.191723324549997
2010-08-10,-2.99073021161673
2010-08-11,-3.3691622001351
2010-08-12,1.37588161714284
2010-08-13,-1.62373477152835
2010-08-16,0.204414554162913
2010-08-17,-0.942909028885097
2010-08-18,1.35048883258939
2010-08-19,-0.0432806758541737
2010-08-20,-1.51356126927578
2010-08-23,2.97042968477275
2010-08-24,-2.22605283491779
2010-08-25,-0.66090622447037
2010-08-26,1.84050271148717
2010-08-27,0
2010-08-30,0.202424859697459
2010-08-31,2.63262486529268
2010-09-01,0.196772163718784
2010-09-02,1.01536388951571
2010-09-03,1.12395427629428
2010-09-06,-0.776774758321519
2010-09-07,0.387086630586175
2010-09-08,1.91327174671052
2010-09-09,-0.379737064542418
2010-09-10,-0.759749322521319
2010-09-13,1.06284721262906
2010-09-14,-1.10363856542799
2010-09-15,0.228217557688115
2010-09-16,0.231759236875551
2010-09-17,-0.419185441764736
2010-09-20,-1.58674764166014
2010-09-21,1.2026504097487
2010-09-22,-0.0409483646850006
2010-09-23,-1.51036585502764
2010-09-24,1.51036585502764
2010-09-27,-0.735826393636518
2010-09-28,-2.54902652843425
2010-09-29,1.38286885208769
2010-09-30,1.32281997751731
2010-10-01,0.620112457150768
2010-10-04,0.957490966551777
2010-10-05,0.376404370341632
2010-10-06,1.69437872240472
2010-10-07,-0.713505767384781
2010-10-08,-0.036009362823286
2010-10-11,1.41851986200754
2010-10-12,-0.971324067830093
2010-10-13,2.70015814668021
2010-10-14,-0.805937902035136
2010-10-15,-1.59190090861445
2010-10-18,1.84957263703289
2010-10-19,-2.22362798761759
2010-10-20,0.334328669623662
2010-10-21,4.13320563345962
2010-10-22,-0.0724651531548659
2010-10-25,-0.716025497080963
2010-10-26,1.43074873422577
2010-10-27,0.743497848751762
2010-10-28,-0.493790935299998
2010-10-29,2.17538012098872
2010-11-02,1.41346406683853
2010-11-03,-1.37649685633283
2010-11-04,3.24368485339797
2010-11-05,0.168028211065163
2010-11-08,-0.372186665902596
2010-11-09,-0.265671155040703
2010-11-10,-0.370964391489981
2010-11-12,4.14885832986336
2010-11-15,0.483459744073311
2010-11-16,-4.97207334347438
2010-11-17,0.202546365541867
2010-11-18,0.101119546355566
2010-11-19,-4.11920456547135
2010-11-22,1.40066158989391
2010-11-23,-0.658668303728138
2010-11-24,1.70286190720068
2010-11-25,-1.38973259744537
2010-11-26,1.8694200732047
2010-11-29,-0.479687475759327
2010-11-30,-3.51122945053026
2010-12-01,5.01578416107975
2010-12-02,-1.16377645437753
2010-12-03,1.90585478771172
2010-12-06,0.472627898294764
2010-12-07,0.669303648456854
2010-12-08,0.499054250410325
2010-12-09,-0.166074842502795
2010-12-10,0.988835364360341
2010-12-13,-0.392955386006744
2010-12-14,0.392955386006744
2010-12-15,0.398392978441642
2010-12-16,-0.724577438947449
2010-12-17,3.08557562860416
2010-12-20,-0.961792706669762
2010-12-21,0.449531494955124
2010-12-22,-1.81735239448919
2010-12-23,0.389741941650712
2010-12-27,-0.159888807089636
2010-12-28,-0.327526425194957
2010-12-29,0.653983615870768
2010-12-30,-0.326457190675811
2010-12-31,-0.659630696455604
2011-01-03,1.30802671992951
2011-01-04,-3.26343085456031
2011-01-05,-1.72883830530521
2011-01-07,-1.37176362287992
2011-01-10,-1.57027559733276
2011-01-11,3.62634102699069
2011-01-12,-0.375967473445993
2011-01-13,-0.137726091865797
2011-01-14,-0.170608241466219
2011-01-17,-0.685358666795199
2011-01-18,4.04341664622541
2011-01-19,-1.62921967412499
2011-01-20,-1.96890825910438
2011-01-21,2.90010634422959
2011-01-24,-1.3677862392405
2011-01-25,-0.0717540302733966
2011-01-26,3.4498342061509
2011-01-27,0.225120014723235
2011-01-28,-0.879103630594003
2011-01-31,-0.332104271260647
2011-02-01,1.73223111181118
2011-02-02,-0.0654101064719192
2011-02-03,1.0925701627591
2011-02-04,-0.320709930295493
2011-02-07,1.11801351440208
2011-02-08,0.633297272571021
2011-02-09,2.49055336220412
2011-02-10,-2.17540239898035
2011-02-11,1.31355495905758
2011-02-14,1.32587023187059
2011-02-15,-0.156611993249101
2011-02-16,0.156611993249101
2011-02-17,-5.18545487972748
2011-02-18,2.07293000925732
2011-02-21,0
2011-02-22,0.473099679541988
2011-02-23,-0.948448235794785
2011-02-24,-2.24866803227544
2011-02-25,1.55009962463559
2011-02-28,-0.645240618363285
2011-03-01,-0.54606472086256
2011-03-02,2.52317101943671
2011-03-03,0.972422492822922
2011-03-04,1.18019849509627
2011-03-07,1.16968040528276
2011-03-08,0.272479732618525
2011-03-09,-2.62235863299756
2011-03-10,1.64251713746451
2011-03-11,-0.956504736905028
2011-03-14,0.927058810863279
2011-03-15,-0.0949403420415607
2011-03-16,-1.92132363164461
2011-03-17,1.92132363164461
2011-03-18,1.34688743134204
2011-03-21,1.08953495480399
2011-03-22,-0.182367953792362
2011-03-23,-1.33139730418579
2011-03-24,1.14869616196627
2011-03-25,0.182701142219521
2011-03-28,1.87804904387558
2011-03-29,1.05665607372956
2011-03-30,-0.380110128650735
2011-03-31,0.758780889658173
2011-04-01,0.639236330963744
2011-04-04,-0.465899239864775
2011-04-05,-0.872825432717317
2011-04-06,1.24941558021625
2011-04-07,0.117009497276666
2011-04-08,-0.812648345726608
2011-04-11,0.232417712580713
2011-04-12,-0.555600094558972
2011-04-13,1.42468840504595
2011-04-14,-0.547693676777961
2011-04-15,0.575306544549736
2011-04-18,-2.03604857968624
2011-04-19,1.46074203513651
2011-04-20,0.141826502160214
2011-04-21,0.147778728288639
2011-04-26,0
2011-04-27,0.863817170621406
2011-04-28,-0.863817170621406
2011-04-29,0
2011-05-02,-0.289605230448853
2011-05-04,-1.10758907805604
2011-05-05,1.10758907805604
2011-05-06,-0.845874073238218
2011-05-09,-0.558529932239171
2011-05-10,1.97971055002713
2011-05-11,-1.45230127281772
2011-05-12,0.118207000419179
2011-05-13,1.33409427239854
2011-05-16,-1.42118061778795
2011-05-17,-1.76734623830068
2011-05-18,1.00522360892255
2011-05-19,0.0282144930316974
2011-05-20,0.119040174448148
2011-05-23,-1.18415391809901
2011-05-24,1.56538055317164
2011-05-25,-0.412539260578981
2011-05-26,-1.12116565089604
2011-05-27,0.265680012050851
2011-05-30,0.26812627453987
2011-05-31,1.0591394092188
2011-06-01,0.435432387414547
2011-06-02,-0.292152499953158
2011-06-03,-0.909878863769631
2011-06-06,0.178876889421264
2011-06-07,1.60799670261635
2011-06-08,-1.6362191584709
2011-06-09,-1.57418853188167
2011-06-10,0.267269241792611
2011-06-13,0.832217444555372
2011-06-14,-0.800447206646826
2011-06-15,-1.59455222762563
2011-06-16,0.662680157836437
2011-06-17,1.49569998095256
2011-06-20,-0.595598149071908
2011-06-21,-1.41442358025676
2011-06-22,-0.695311890419337
2011-06-24,0.907790239626927
2011-06-27,0.902810588438818
2011-06-28,-3.38059448110357
2011-06-29,0.0329608757392741
2011-06-30,0.895660586343716
2011-07-01,1.54916243058176
2011-07-04,-0.603198448451536
2011-07-05,-0.427988462134277
2011-07-06,0.123396670958886
2011-07-07,3.00180769043665
2011-07-08,-1.4880424324585
2011-07-11,-2.12901158744732
2011-07-12,-1.38754116693907
2011-07-13,0.775057061710704
2011-07-14,-2.27954711898386
2011-07-15,-0.539230209261632
2011-07-18,-2.24866803227544
2011-07-19,0.65108657927091
2011-07-20,2.54602968879931
2011-07-21,0
2011-07-22,-0.789747522099304
2011-07-25,0.789747522099304
2011-07-26,-1.26660724507897
2011-07-27,-0.704216283530279
2011-07-28,1.91055230629251
2011-07-29,0.217475034271786
2011-08-01,0.123582573887582
2011-08-02,-2.21747556130776
2011-08-03,-1.41953611582926
2011-08-04,-3.74554485554723
2011-08-05,-3.67856726534876
2011-08-08,-2.19764211073583
2011-08-09,-3.75512484259612
2011-08-10,-12.6237414261969
2011-08-11,11.5015649068889
2011-08-12,5.1285290833972
2011-08-16,0.715952828100619
2011-08-17,-2.88343449867945
2011-08-18,-7.14517695563863
2011-08-19,-2.5783338657523
2011-08-22,4.09401635174715
2011-08-23,0.307774623810442
2011-08-24,-1.46940071578774
2011-08-25,1.55131421971264
2011-08-26,-2.65089257905249
2011-08-29,0.314802249523716
2011-08-30,2.33609032952877
2011-08-31,5.60433150609274
2011-09-01,-4.84166951702738
2011-09-02,-5.85192136931187
2011-09-05,-5.44861175684517
2011-09-06,1.69594971896867
2011-09-07,1.86979306441515
2011-09-08,-0.206525394729873
2011-09-09,-6.66580056224273
2011-09-12,-8.52006487873371
2011-09-13,-0.0973285941135771
2011-09-14,0.143398570101816
2011-09-15,1.57403605185626
2011-09-16,-0.7128622922842
2011-09-19,0.526290370176419
2011-09-20,6.91240898496357
2011-09-21,-0.889441450527073
2011-09-22,-3.17195725102657
2011-09-23,-3.27587562333891
2011-09-26,5.0552993061256
2011-09-27,4.55908674916463
2011-09-28,0.775073246528279
2011-09-29,1.27557960972027
2011-09-30,2.51215776362992
2011-10-03,-1.53811680187745
2011-10-04,0.583455613519401
2011-10-05,1.32785328833487
2011-10-06,-1.66147607059095
2011-10-07,0.169174646349468
2011-10-10,4.97196178594663
2011-10-11,-0.436894928362896
2011-10-12,2.98592145679715
2011-10-13,-3.1475892222792
2011-10-14,3.88341561591572
2011-10-17,0.612471801485626
2011-10-18,0.49944271923259
2011-10-19,0.416322017621873
2011-10-20,-1.91397299266391
2011-10-21,2.10337080471552
2011-10-24,5.62409764242631
2011-10-25,-1.47605570609857
2011-10-26,0.830805963413805
2011-10-27,-1.0512023793555
2011-10-28,-0.251923471027293
2011-10-31,0.108598699731832
2011-11-02,-3.33042267913672
2011-11-03,2.01153357546637
2011-11-04,-0.37384692223803
2011-11-07,-0.256597657717084
2011-11-08,-0.857454342458386
2011-11-09,-1.51037215428067
2011-11-10,-1.92062131275428
2011-11-14,2.67865889284646
2011-11-15,-1.13922214545958
2011-11-16,0.381184565367398
2011-11-17,-2.6951607741454
2011-11-18,1.46940071578774
2011-11-21,-3.84245047667582
2011-11-22,0.598562693844951
2011-11-23,-5.51612013136724
2011-11-24,2.65246468836997
2011-11-25,-2.61222053999663
2011-11-28,6.50329670121081
2011-11-29,-1.15023703857799
2011-11-30,7.21688831600575
2011-12-01,-1.33756037500206
2011-12-02,0.0718964721815318
2011-12-05,1.04463444750573
2011-12-06,-2.93501943193757
2011-12-07,-0.268915942524028
2011-12-08,-2.28623831378059
2011-12-09,-0.116949307456871
2011-12-12,-4.74557990633597
2011-12-13,0.859610398495914
2011-12-14,-2.01885203043108
2011-12-15,0.0841993358113413
2011-12-16,-0.0841993358113413
2011-12-19,0.0841993358113413
2011-12-20,-1.38720750794592
2011-12-21,0.425790034407658
2011-12-22,-0.425790034407658
2011-12-23,1.76302313762706
2011-12-27,1.06666507468232
2011-12-28,-0.450737038628812
2011-12-29,3.91785395244453
2011-12-30,-2.56736511985514
2012-01-02,0.121086332040754
2012-01-03,5.41718511421996
2012-01-04,-3.92436398060072
2012-01-05,-0.923952162868868
2012-01-09,0.923952162868868
2012-01-10,-1.89990670727527
2012-01-11,-0.937377430266118
2012-01-12,2.47470989257996
2012-01-13,0.362574244961422
2012-01-16,1.23142279273765
2012-01-17,2.45931058666606
2012-01-18,0.23363060119701
2012-01-19,1.14384655443276
2012-01-20,3.73400014189826
2012-01-23,3.24539414425686
2012-01-24,0.350421429063186
2012-01-25,-0.388174374241324
2012-01-26,4.709311793561
2012-01-27,0.506639484030291
2012-01-30,-0.845830802628278
2012-01-31,0.173347822389935
2012-02-01,1.64618661615918
2012-02-02,-1.48034311995113
2012-02-03,-0.37172751540373
2012-02-06,2.81286926634694
2012-02-07,-2.27197655862303
2012-02-08,1.34311717236191
2012-02-09,-2.97465216657864
2012-02-10,-1.10636454634134
2012-02-13,0.897791003468917
2012-02-14,2.17758282879927
2012-02-15,0.168311021129774
2012-02-16,-0.775865960996036
2012-02-17,1.94617722842558
2012-02-20,-2.52479883410945
2012-02-21,2.19181942620192
2012-02-22,-1.47626579667168
2012-02-23,-0.679291526656201
2012-02-24,1.78941931054641
2012-02-27,0.36613801278147
2012-02-28,0
2012-02-29,0.499054250410325
2012-03-01,-1.80621571981048
2012-03-02,0.805604170751639
2012-03-05,0
2012-03-06,-4.27673988943216
2012-03-07,0.523415638983149
2012-03-08,2.91176437673561
2012-03-09,0.337474291710116
2012-03-12,0.304185465461515
2012-03-13,1.03443682309781
2012-03-14,2.46261942592323
2012-03-15,0
2012-03-16,0.158593379215777
2012-03-19,-1.46443953831819
2012-03-20,-0.26603208072995
2012-03-21,-2.90184645488853
2012-03-22,-3.80234796291008
2012-03-23,2.57159670892424
2012-03-26,-0.479687475759327
2012-03-27,0.822478271638438
2012-03-28,-0.719756125985427
2012-03-29,-2.72451856165423
2012-03-30,0.948798627284386
2012-04-02,0.806680830254614
2012-04-03,2.54066633056711
2012-04-04,-3.06408196955026
2012-04-05,1.14718350936878
2012-04-10,-1.74446765026834
2012-04-11,0.209455492494826
2012-04-12,0.141881067746574
2012-04-13,0.0373036897674872
2012-04-16,0.208643890890681
2012-04-17,1.35302052977657
2012-04-18,-0.169049321799175
2012-04-19,0.546539645639932
2012-04-20,-0.340778256171959
2012-04-23,-1.38973259744537
2012-04-24,1.21339162595948
2012-04-25,1.54702443169334
2012-04-26,-1.37068346020746
2012-04-27,0
2012-04-30,-0.382465897234852
2012-05-02,-0.832490239380235
2012-05-04,-0.981955731263007
2012-05-07,1.12304137135837
2012-05-08,-0.315862100925646
2012-05-09,1.04410589753261
2012-05-10,-0.624413179498884
2012-05-11,-0.87479851343506
2012-05-14,-1.09397530945099
2012-05-15,-1.39697378690764
2012-05-16,-0.43409015017275
2012-05-17,-1.63798103986483
2012-05-18,0
2012-05-21,0.10951618413797
2012-05-22,0.292757396283161
2012-05-23,-3.76908580976298
2012-05-24,0.758037580092186
2012-05-25,1.45947243264724
2012-05-28,-1.45947243264724
2012-05-29,0.939537146135461
2012-05-30,-1.8514956898632
2012-05-31,3.03821847771601
2012-06-01,-3.57066430650379
2012-06-04,0.114043674791198
2012-06-05,-2.2393295984604
2012-06-06,2.77117016351962
2012-06-08,2.59391478923776
2012-06-11,1.98444012018832
2012-06-12,1.72556910120134
2012-06-13,1.77102484899372
2012-06-14,0
2012-06-15,2.0809828577085
2012-06-18,0.175432229489303
2012-06-19,0.509926437305896
2012-06-20,-0.167260601862296
2012-06-21,-0.036398049466424
2012-06-22,-0.48170001546648
2012-06-25,-2.04364016337264
2012-06-26,1.63309745119591
2012-06-27,-0.866924178911077
2012-06-28,1.620733368964
2012-06-29,1.6630295422277
2012-07-02,-0.470792050322633
2012-07-03,1.41288230679777
2012-07-04,-0.334424674853651
2012-07-05,0.0320678415746123
2012-07-06,-1.27636896972678
2012-07-09,-4.79299583703234
2012-07-10,1.69282450984181
2012-07-11,1.97165090470124
2012-07-12,-1.86749197853704
2012-07-13,0.278463803307361
2012-07-16,0.0370699885621661
2012-07-17,0
2012-07-18,0.451150828079516
2012-07-19,1.100807358588
2012-07-20,-0.24114005108391
2012-07-23,-2.71419278924583
2012-07-24,-1.13781491745639
2012-07-25,0.144360470308591
2012-07-26,-0.144360470308591
2012-07-27,1.13781491745639
2012-07-30,-0.105298795032827
2012-07-31,0.738508726570153
2012-08-01,-0.175697695708976
2012-08-02,1.91590229724552
2012-08-03,3.05803277370806
2012-08-06,2.63843447632652
2012-08-07,-0.521450114328115
2012-08-08,0.843388947126211
2012-08-09,3.25735118606456
2012-08-10,0.410637063576225
2012-08-13,-0.470871981570564
2012-08-14,-0.0602712223167323
2012-08-16,-0.221305793974302
2012-08-17,-0.666871219503751
2012-08-20,-1.27533228829808
2012-08-21,1.59585079005948
2012-08-22,0
2012-08-23,-0.222567030568666
2012-08-24,-0.223063496574749
2012-08-27,-0.638133932892959
2012-08-28,0.445086948990792
2012-08-29,-1.21763471691594
2012-08-30,-0.972421455740324
2012-08-31,-0.684969907486899
2012-09-03,-1.35234502713795
2012-09-04,1.05884376822782
2012-09-05,0.0314877987382722
2012-09-06,4.40364678539398
2012-09-07,0.314160881363179
2012-09-10,-0.847817688310837
2012-09-11,-0.414791428847128
2012-09-12,-0.988240939670337
2012-09-13,0.0341227055791649
2012-09-14,1.46309379987466
2012-09-17,-0.603640526534743
2012-09-18,0.253365674446737
2012-09-19,0.538377423422087
2012-09-20,-0.376559635356166
2012-09-21,-0.66919270954644
2012-09-24,0.348674207785038
2012-09-25,1.44930073025664
2012-09-26,-1.86242650831163
2012-09-27,0.733644279816392
2012-09-28,-0.0673922591803766
2012-10-01,0
2012-10-02,-0.601800450366063
2012-10-03,0.66919270954644
2012-10-04,1.69008698865785
2012-10-05,1.42065594305461
2012-10-08,-0.553364978469517
2012-10-09,-2.53043376123729
2012-10-10,0.978527294497766
2012-10-11,-0.884279753104167
2012-10-12,-0.12119173339924
2012-10-15,-3.05769375042111
2012-10-16,2.76758424995833
2012-10-17,2.29434499238277
2012-10-18,1.38367399857646
2012-10-19,-0.36863695162408
2012-10-22,-1.17364136251581
2012-10-23,-2.0378189725859
2012-10-24,-1.34207399578399
2012-10-25,-0.965825789578201
2012-10-26,1.19132814015979
2012-10-29,-1.19132814015979
2012-10-30,1.22545084573895
2012-10-31,-3.52777615947542
2012-11-02,-1.03020449326916
2012-11-05,-0.878693002319153
2012-11-06,0.305728140302808
2012-11-07,0.437182664352065
2012-11-08,-1.08210212325286
2012-11-09,0.173347822389935
2012-11-12,0
2012-11-13,0.976668445699858
2012-11-14,0.768851228151668
2012-11-15,2.07394046285172
2012-11-16,-0.847536594153642
2012-11-19,1.17693478731375
2012-11-20,0.0622902051492957
2012-11-21,-0.812814923413008
2012-11-22,0.587694908689773
2012-11-23,0.64628955364725
2012-11-26,0.871211135540051
2012-11-27,0.927994150504219
2012-11-28,-0.798305725788229
2012-11-29,0.923417751170241
2012-11-30,0.320518501761402
2012-12-03,1.22532500610548
2012-12-04,-0.28323439070892
2012-12-05,0
2012-12-06,0.313177000930143
2012-12-07,0
2012-12-10,1.85547531538575
2012-12-11,0.309723941458007
2012-12-12,0.454693865554301
2012-12-13,-0.487251248228304
2012-12-14,0.943112757665077
2012-12-17,0
2012-12-18,0
2012-12-19,0.966253123892802
2012-12-20,-0.995288660366977
2012-12-21,0
2012-12-27,-0.7904155177755
2012-12-28,-0.400828262199404
2013-01-02,0.919838120644556
2013-01-03,-0.919838120644556
2013-01-04,-0.150317001050571
2013-01-07,-2.29902787408314
2013-01-08,-0.0334683225453603
2013-01-09,-0.756013882594431
2013-01-10,0.440862919370666
2013-01-11,-0.218505843723893
2013-01-14,-1.0521249306783
2013-01-15,-0.51144030469441
2013-01-16,1.71824950859918
2013-01-17,0.693133415084368
2013-01-18,0.469398468277138
2013-01-21,0.311712681099685
2013-01-22,-0.125894530277559
2013-01-23,2.18707997792853
2013-01-24,2.05133751943336
2013-01-25,-1.50470248369619
2013-01-28,0
2013-01-29,1.50470248369619
2013-01-30,-1.80514367950071
2013-01-31,-1.69014431426353
2013-02-01,-0.151480254210412
2013-02-04,-2.50947498564447
2013-02-05,4.04650776294302
2013-02-06,-1.16861130793868
2013-02-07,0.892381504231121
2013-02-08,-0.153067069992563
2013-02-11,1.33708711332705
2013-02-12,0.362743764850304
2013-02-13,0.0608632997085579
2013-02-14,-0.845786585897379
2013-02-15,0.454333862451595
2013-02-18,-0.0321543411130776
2013-02-19,0.301843399168522
2013-02-20,-0.604600651815534
2013-02-21,0.302757252647012
2013-02-22,0.574004686546647
2013-02-25,1.4916649681143
2013-02-26,-1.52364552420901
2013-02-27,0.121471740793844
2013-02-28,1.28239441527258
2013-03-01,1.90874701414723
2013-03-04,-0.319226689402097
2013-03-05,-0.497916009710409
2013-03-06,2.2610114791263
2013-03-07,-0.317703031853345
2013-03-08,1.08638836086641
2013-03-11,-0.0302709250078692
2013-03-12,-0.254638187790768
2013-03-13,-0.197487417399245
2013-03-14,-1.29788469772523
2013-03-15,1.29788469772523
2013-03-18,-1.15010596943659
2013-03-19,-0.147778728288639
2013-03-20,0.433480042389522
2013-03-21,0.287946285644214
2013-03-22,-0.86325283019395
2013-03-25,-3.48158780836334
2013-03-26,0.805006176789291
2013-03-27,2.9661868620229
2013-03-28,-1.16659995871684
2013-04-02,2.5991448069723
2013-04-03,-3.47761860798776
2013-04-04,1.34736779284577
2013-04-05,-0.20157233190794
2013-04-08,0.0248308400307984
2013-04-09,0.204619510240267
2013-04-10,0.380222718074563
2013-04-11,1.09240400213029
2013-04-12,-0.0274704313058649
2013-04-15,-1.00941228623963
2013-04-17,-1.48496049595099
2013-04-18,0.26255758527034
2013-04-19,0.582039397781031
2013-04-22,0.58484222831483
2013-04-23,0
2013-04-24,-0.876994728267988
2013-04-25,-0.774907014724935
2013-04-26,-0.103566786290532
2013-04-29,2.90889093035371
2013-04-30,-0.980790649451979
2013-05-02,-1.92810028090173
2013-05-06,1.98660412380951
2013-05-07,-0.292862086409151
2013-05-08,1.01059053014332
2013-05-09,2.46926125903721
2013-05-10,-0.70316413062983
2013-05-13,1.58482866655696
2013-05-14,3.19075448672974
2013-05-15,1.00546299013073
2013-05-16,-1.38118224530421
2013-05-17,2.76870573692722
2013-05-20,0.242871020937319
2013-05-21,-3.56770203676948
2013-05-22,0.834465176533605
2013-05-23,0
2013-05-24,1.10284234767555
2013-05-27,4.02720346194467
2013-05-28,3.60380092604284
2013-05-29,-3.96104642795372
2013-05-31,3.96104642795372
2013-06-03,-3.34281064658564
2013-06-04,2.83473431636967
2013-06-05,-1.01329814731308
2013-06-06,-0.256273498507387
2013-06-07,0.514551170606126
2013-06-10,0.268221270602531
2013-06-11,-0.0106089539671395
2013-06-12,-0.515889988734131
2013-06-13,-1.03444577804721
2013-06-14,0.778172279539824
2013-06-17,0.256273498507387
2013-06-18,1.05287859508882
2013-06-19,-0.536988606354694
2013-06-20,-2.33732615779072
2013-06-21,-3.46967378908971
2013-06-24,1.88238231511724
2013-06-25,0.426662909661868
2013-06-26,2.20589189953291
2013-06-27,-2.63255480919478
2013-06-28,2.11263930267744
2013-07-01,-0.786338108162177
2013-07-02,2.64869894762789
2013-07-03,-0.579603877198398
2013-07-04,-0.905347159927938
2013-07-05,0.0134526131904344
2013-07-08,-0.639652397557278
2013-07-09,-1.06705424894571
2013-07-10,2.61193257132479
2013-07-11,-0.168105385604811
2013-07-12,-0.23261109642192
2013-07-15,-0.504509442795076
2013-07-16,0.389340627418999
2013-07-17,4.0364164956733
2013-07-18,-1.73167871997366
2013-07-19,0
2013-07-22,-0.254349644812901
2013-07-23,0.508053993169977
2013-07-24,1.25379658470042
2013-07-25,2.65752397090537
2013-07-26,-0.45066101776321
2013-07-29,1.05672347893231
2013-07-30,2.07808029031007
2013-07-31,2.0573371274792
2013-08-01,1.90545231319614
2013-08-02,1.21947032869985
2013-08-05,2.96262045400786
2013-08-06,-3.07646143743563
2013-08-07,-1.69970450296715
2013-08-08,0.570567870327743
2013-08-09,-0.34147810633014
2013-08-12,-0.113298411779805
2013-08-13,1.63039451256042
2013-08-14,4.35118074375449
2013-08-16,-0.216018879865043
2013-08-19,0
2013-08-20,-2.96401788665435
2013-08-21,0.343879293480409
2013-08-22,1.52622707732348
2013-08-23,0.445284772993837
2013-08-26,0.648626742856617
2013-08-27,-3.28604231674756
2013-08-28,-2.02473754159236
2013-08-29,0.67947777823365
2013-08-30,-0.226760117271496
2013-09-02,1.70555584005996
2013-09-03,0.79749259660824
2013-09-04,-5.72080937069241
2013-09-05,-5.03079317102806
2013-09-06,2.58171114472896
2013-09-09,5.46302183059542
2013-09-10,3.27815012501835
2013-09-11,-0.19764423667521
2013-09-12,-1.08143765743991
2013-09-13,-4.22098665834172
2013-09-16,-2.91716241833511
2013-09-17,1.84438475182258
2013-09-18,-0.658992986320861
2013-09-19,1.87074942103989
2013-09-20,0.346604226565361
2013-09-23,3.28844980351279
2013-09-24,0.391768758633582
2013-09-25,3.50516636146274
2013-09-26,4.65573646049986
2013-09-27,-4.23688536004887
2013-09-30,-3.84814579633987
2013-10-01,9.29652872360132
2013-10-02,-0.232731342401316
2013-10-03,-1.8003620941041
2013-10-04,-2.93653994143748
2013-10-07,-1.82574367726538
2013-10-08,1.16327023754614
2013-10-09,-1.05349705374227
2013-10-10,6.08695691210661
2013-10-11,4.57909833043653
2013-10-14,0
2013-10-15,-2.56228283587641
2013-10-16,4.29802188826303
2013-10-17,-0.575238623543672
2013-10-18,-1.64871960389208
2013-10-21,4.32402464219708
2013-10-22,-1.70920958648368
2013-10-23,-0.124197904600631
2013-10-24,-1.22856788468813
2013-10-25,0.864945492807934
2013-10-28,-2.12699475923257
2013-10-29,-0.88362228004355
2013-10-30,0.156981102766807
2013-10-31,0.432967106223803
2013-11-04,0.390700619466511
2013-11-05,-1.37520730251843
2013-11-06,0.335371779134874
2013-11-07,-0.335371779134874
2013-11-08,-0.198890788439066
2013-11-12,0.791164392999999
2013-11-13,-0.592273604560933
2013-11-14,1.95941524934611
2013-11-15,1.15827555545964
2013-11-18,5.87015049570345
2013-11-19,0.991140090760023
2013-11-20,-0.187413654403024
2013-11-21,-2.62893250780936
2013-11-22,2.29591823765212
2013-11-25,2.29721534922582
2013-11-26,-0.529546193994879
2013-11-27,-0.888240863606171
2013-11-28,0.355875542693429
2013-11-29,-0.893003392192959
2013-12-02,-3.10073121040597
2013-12-03,-0.92955894942568
2013-12-04,-3.84931988965898
2013-12-05,0.0381713900025282
2013-12-06,-0.299735692767467
2013-12-09,-0.0503793576204004
2013-12-10,-1.21474172489693
2013-12-11,-1.39092301706309
2013-12-12,0.797473754562716
2013-12-13,0.266464584664572
2013-12-16,-0.465751737023101
2013-12-17,0.5946295970781
2013-12-18,0.198106817780808
2013-12-19,-2.59813926004986
2013-12-20,-0.182346025814173
2013-12-23,1.38956226880094
2013-12-27,-2.01879296111676
2013-12-30,2.01879296111676
2014-01-02,-0.290065468063716
2014-01-03,-1.72872749305304
2014-01-07,-2.90005760145808
2014-01-08,2.43877874714817
2014-01-09,-3.48300354494704
2014-01-10,1.8709619656728
2014-01-13,2.07332043358415
2014-01-14,2.74645868492138
2014-01-15,-0.12947912160044
2014-01-16,-0.0987634079581134
2014-01-17,-1.48282977019818
2014-01-20,0.983406575952106
2014-01-21,0.986122104473086
2014-01-22,1.58123734383189
2014-01-23,1.33601049798866
2014-01-24,-5.1105861892804
2014-01-27,0.40541725679244
2014-01-28,-0.302862804999116
2014-01-29,-0.121402422027472
2014-01-30,1.62662636096238
2014-01-31,1.58030907831224
2014-02-03,-0.976313487496228
2014-02-04,0.848447911576411
2014-02-05,2.04041533432564
2014-02-06,2.12241936210509
2014-02-07,-1.04179847977788
2014-02-10,0.475246863736611
2014-02-11,0.998097879924398
2014-02-12,0.645774754391581
2014-02-13,0.102090946851607
2014-02-14,-0.428324019686599
2014-02-17,-1.50785994103639
2014-02-18,-0.932789235773956
2014-02-19,0.744172954930544
2014-02-20,-0.382251411217371
2014-02-21,1.66603632322557
2014-02-24,1.52789446912918
2014-02-25,-1.67750347357343
2014-02-26,-2.28136307668976
2014-02-27,0.764935757908436
2014-02-28,3.92928425458505
2014-03-03,-5.37087605389734
2014-03-04,0.676656041403856
2014-03-05,-0.550558929932521
2014-03-06,0
2014-03-07,0.93375821549575
2014-03-10,0.381736472345207
2014-03-11,-0.754989764643632
2014-03-12,-0.977431101915638
2014-03-13,-3.24584526041161
2014-03-14,-2.73442212750297
2014-03-17,5.00535882162039
2014-03-18,0.858339697076982
2014-03-19,-1.73434098004099
2014-03-20,0.483768204473023
2014-03-21,1.37718432618952
2014-03-24,-0.49529970183313
2014-03-25,0.960174502077127
2014-03-26,2.39599835951498
2014-03-27,0.142379318592312
2014-03-28,1.1703291881263
2014-03-31,0.371093612552365
2014-04-01,-1.87134979375729
2014-04-02,-0.645422990117694
2014-04-03,-0.0374012071170604
2014-04-04,2.15610802493833
2014-04-07,0.574476818883518
2014-04-08,-2.12405247630301
2014-04-09,-0.11356739878563
2014-04-10,-1.91269416699207
2014-04-11,0.19352206105463
2014-04-14,-2.1414784770232
2014-04-15,0.734432191439094
2014-04-16,-0.342199112948105
2014-04-17,1.80702986408958
2014-04-22,1.85124686888161
2014-04-23,-0.759638949443531
2014-04-24,-1.81532159399316
2014-04-25,0.5702125230588
2014-04-28,-1.04687798044454
2014-04-29,-0.489077590146092
2014-04-30,0.283228997751195
2014-05-02,1.00503358535011
2014-05-05,-0.803217169726356
2014-05-06,-3.05007780195199
2014-05-07,1.86363180023275
2014-05-08,1.26705866227166
2014-05-09,-1.70666474773045
2014-05-12,4.01660417253344
2014-05-13,0.392927813988919
2014-05-14,-0.797287554260251
2014-05-15,0.0889020654197381
2014-05-16,-1.56229855551642
2014-05-19,-0.916836808687904
2014-05-20,0
2014-05-21,0.926865390153431
2014-05-22,2.55434143022244
2014-05-23,0.662512166041385
2014-05-26,1.75189772689466
2014-05-27,-0.382409643840287
2014-05-28,-1.93429628431314
2014-05-29,1.47346597569369
2014-05-30,-4.64833580715167
2014-06-02,0.201409937170105
2014-06-03,3.55768745671075
2014-06-04,-1.19153670689496
2014-06-05,3.5897331755435
2014-06-06,2.61942010908234
2014-06-09,-0.462749553204755
2014-06-10,1.10702237542464
2014-06-11,-3.07429893529516
2014-06-12,-2.98644307765707
2014-06-13,-2.31731515118083
2014-06-16,0.794916745442276
2014-06-17,0.158227881112971
2014-06-18,0.394477829101625
2014-06-20,2.24816047201735
2014-06-23,-0.29878100391727
2014-06-24,-0.775197680431727
2014-06-25,-2.16330953554262
2014-06-26,-0.598207167754783
2014-06-27,-0.601807232556251
2014-06-30,1.59684031787313
2014-07-01,0
2014-07-02,-0.396825917562094
2014-07-03,-0.598207167754783
2014-07-04,-1.04544579038581
2014-07-07,1.04544579038581
2014-07-08,-2.04068097776622
2014-07-09,-0.768407038886298
2014-07-10,0.174690482692341
2014-07-11,-0.102722145653011
2014-07-14,-0.453235221687631
2014-07-15,-0.113630506519158
2014-07-16,0.0103353831935493
2014-07-17,0
2014-07-18,0.144583315489388
2014-07-21,-0.517331728022086
2014-07-22,-0.415801014866357
2014-07-23,-0.438459831782456
2014-07-24,1.14429626852708
2014-07-25,1.12112256822972
2014-07-28,0.194145056638728
2014-07-29,-0.706861520261803
2014-07-30,-2.76217466783466
2014-07-31,-1.08384867194555
2014-08-01,-1.0741241831413
2014-08-04,0.388015145146703
2014-08-05,-1.6923814643496
2014-08-06,0.654309858893587
2014-08-07,-1.87618647296528
2014-08-08,-1.21456727334239
2014-08-11,0.748314208431822
2014-08-12,-1.62659932721851
2014-08-13,2.97498403586216
2014-08-14,4.61257224003981
2014-08-18,0.324454730179191
2014-08-19,0.146183590823057
2014-08-20,-0.146183590823057
2014-08-21,-3.58491826743723
2014-08-22,-2.1124848386405
2014-08-25,2.90001790183716
2014-08-26,3.11037450513334
2014-08-27,0
2014-08-28,-2.10534091978323
2014-08-29,-1.39263096981947
2014-09-01,1.39263096981947
2014-09-02,0.720800237577901
2014-09-03,3.44646940247886
2014-09-04,2.02027073175195
2014-09-05,1.48886124937508
2014-09-08,-0.335537668007735
2014-09-09,0.797523057436944
2014-09-10,-1.95084663880429
2014-09-11,-2.5728148572731
2014-09-12,0.959876664284742
2014-09-15,-0.0101631180533523
2014-09-16,-0.193295751725397
2014-09-17,1.50591556741926
2014-09-18,2.29074422496582
2014-09-19,0.449966522678569
2014-09-22,1.48222621610854
2014-09-23,-4.12267627759206
2014-09-24,-0.794812776163134
2014-09-25,0
2014-09-26,-0.790998952349131
2014-09-29,1.11371000288676
2014-09-30,-0.930615658175871
2014-10-01,-1.84620628397356
2014-10-02,-0.623054975063564
2014-10-03,0.208116620382448
2014-10-06,1.34230203321408
2014-10-07,-0.205338881184236
2014-10-08,-0.981159433158396
2014-10-09,-0.15580371887145
2014-10-10,-1.21315020573256
2014-10-13,-0.0420964013794212
2014-10-14,0.629592845681515
2014-10-15,0.427953265217607
2014-10-16,1.02586257938508
2014-10-17,-0.828162083172224
2014-10-20,-1.27630145506847
2014-10-21,2.1766024603159
2014-10-22,1.07588516661536
2014-10-23,-0.449438958783954
2014-10-24,0.31686028452782
2014-10-27,0.823217210609517
2014-10-28,-0.588774414272386
2014-10-29,0.274515957051236
2014-10-30,-1.2567215205971
2014-10-31,2.49784536797168
2014-11-03,-2.43617407400345
2014-11-04,-0.164541378135041
2014-11-05,0.901645452594035
2014-11-06,-1.47968174414403
2014-11-07,-0.228003000628529
2014-11-10,-0.395051974435034
2014-11-12,0
2014-11-13,1.93940471066343
2014-11-14,1.13776115601194
2014-11-17,1.80185055026785
2014-11-18,-0.397614837963989
2014-11-19,0
2014-11-20,-1.40423571230386
2014-11-21,0.604231445596248
2014-11-24,0.200601872686601
2014-11-25,-0.946347543860515
2014-11-26,1.54574993788152
2014-11-27,0.99108838994546
2014-11-28,-0.593473551981472
2014-12-01,-0.0198432384816094
2014-12-02,0.810361189192932
2014-12-03,0.206479597472242
2014-12-04,-2.39562174565755
2014-12-05,1.37878095899238
2014-12-08,0.218059358880751
2014-12-09,-0.118882518459618
2014-12-10,-0.0793336019395241
2014-12-11,-1.4690715410004
2014-12-12,-2.66274339207273
2014-12-15,-0.62227954382692
2014-12-16,0.415282988856358
2014-12-17,0.0828500461640402
2014-12-18,2.4541108916118
2014-12-19,-0.801180696490711
2014-12-22,1.80621428184082
2014-12-23,0.289580311202631
2014-12-29,0.0199401795276444
2014-12-30,-0.710322630484139
2015-01-02,0
2015-01-05,-3.28634533783658
2015-01-07,2.72250977240995
2015-01-08,1.95967079049737
2015-01-09,-0.0594235929143316
2015-01-12,0.0594235929143316
2015-01-13,-0.0198039410490125
2015-01-14,-0.855301086719606
2015-01-15,-7.59228267714187
2015-01-16,-2.85280836145381
2015-01-19,-1.84641288736218
2015-01-20,-0.0451875290111481
2015-01-21,2.14629298525759
2015-01-22,-0.243605479788123
2015-01-23,3.31473870989782
2015-01-26,-3.31473870989782
2015-01-27,-0.221975673831309
2015-01-28,4.62472511653198
2015-01-29,-0.169887490425058
2015-01-30,-0.319319057915557
2015-02-02,0.425532557013852
2015-02-03,-4.56105112520522
2015-02-04,0
2015-02-05,-0.445435034938058
2015-02-06,-0.806817464950971
2015-02-09,-2.82994695213645
2015-02-10,0.461894585629441
2015-02-11,-0.357782134788387
2015-02-12,-0.568150406491341
2015-02-13,0.706798608944581
2015-02-16,0.7018380071667
2015-02-17,-0.206587930698809
2015-02-18,-0.969760543798515
2015-02-19,0.935287690828623
2015-02-20,0.21812763370006
2015-02-23,0.411994173972818
2015-02-24,0.273722798640907
2015-02-25,1.33501247368244
2015-02-26,2.39851604578405
2015-02-27,0.350493239417293
2015-03-02,-2.64791407861305
2015-03-03,-1.66415795014325
2015-03-04,2.92484291262323
2015-03-05,1.10254700117078
2015-03-06,-3.34479340675404
2015-03-09,-0.705430163949305
2015-03-10,-0.44630159335286
2015-03-11,-0.149210931557242
2015-03-12,-1.0855863627989
2015-03-13,2.15951419820435
2015-03-16,-0.455581653586012
2015-03-17,0
2015-03-18,0.795910966756797
2015-03-19,2.571410543902
2015-03-20,1.48994868460468
2015-03-23,-1.71094324968495
2015-03-24,-1.29148978337996
2015-03-25,-0.280536569556045
2015-03-26,-0.982448193462915
2015-03-27,-0.706072857057372
2015-03-30,0.034279838077822
2015-03-31,0.615036107302203
2015-04-01,1.94530224907856
2015-04-02,-2.3549057344864
2015-04-07,0.330089651491594
2015-04-08,1.35442251077578
2015-04-09,2.65502320941211
2015-04-10,0.0327457297037093
2015-04-13,-0.0327457297037093
2015-04-14,-1.39616405183327
2015-04-15,5.24052631014618
2015-04-16,0.534340419569457
2015-04-17,-2.21879149753619
2015-04-20,2.32323014932678
2015-04-21,-0.208986491945851
2015-04-22,1.1647386249181
2015-04-23,1.31472723640345
2015-04-24,-1.8330242399264
2015-04-27,-0.929267976582082
2015-04-28,-0.346766490494588
2015-04-29,-0.973140745022416
2015-04-30,-0.853976154813463
2015-05-04,-1.38171455531415
2015-05-05,2.15062052209634
2015-05-06,3.1209989407202
2015-05-07,-0.185777739467419
2015-05-08,-0.0620026887694358
2015-05-11,-0.70539711581592
2015-05-12,0.35332053798216
2015-05-13,-0.572173212484639
2015-05-14,0.156372197618282
2015-05-15,-1.04712998672953
2015-05-18,-0.517124259357615
2015-05-19,0.548698221625887
2015-05-20,-1.04724075513545
2015-05-21,-0.554490650805572
2015-05-22,-2.38054955022182
2015-05-25,-2.21443946896382
2015-05-26,0.279501551514727
2015-05-27,1.86921330121521
2015-05-28,-1.03536556578501
2015-05-29,0.750058667544362
2015-06-01,-0.462606838878177
2015-06-02,0.462606838878177
2015-06-03,-0.650462576757516
2015-06-05,-3.84467620946909
2015-06-08,1.36988443581618
2015-06-09,0.902940671939412
2015-06-10,-1.12995552539337
2015-06-11,0.611761282578893
2015-06-12,-0.839292666292391
2015-06-15,0.0910746875338653
2015-06-16,2.04985215483404
2015-06-17,-2.17510124607241
2015-06-18,-2.73736558095017
2015-06-19,-2.48975516217271
2015-06-22,5.35236983436125
2015-06-23,-2.16249512629023
2015-06-24,-1.16960397631907
2015-06-25,-1.98426280962014
2015-06-26,-0.638056700290157
2015-06-29,-0.934302737655557
2015-06-30,0.607682958993472
2015-07-01,-0.485850585249192
2015-07-02,-1.79365988032183
2015-07-03,-1.08432544931194
2015-07-06,0.275309897332576
2015-07-07,-4.36795266825438
2015-07-08,-2.21761991706577
2015-07-09,0.982874162899527
2015-07-10,4.33248075297588
2015-07-13,-2.55092983478784
2015-07-14,-0.455463081596008
2015-07-15,-1.14122049224772
2015-07-16,2.60431385360196
2015-07-17,0.487242918046338
2015-07-20,-3.10475025408712
2015-07-21,-2.12022076506031
2015-07-22,-1.63047090249435
2015-07-23,0.737003472473496
2015-07-24,-1.53469715356307
2015-07-27,1.11226687354833
2015-07-28,-1.66613148522492
2015-07-29,2.67157473790469
2015-07-30,0.0405487604393073
2015-07-31,2.13911899813182
2015-08-03,-0.930239266231414
2015-08-04,0.0667334025433064
2015-08-05,-0.186965866429301
2015-08-06,-8.11349583756185
2015-08-07,-2.09485431024872
2015-08-10,3.46266773095678
2015-08-11,0.485022348833031
2015-08-12,0.142207077435152
2015-08-13,3.09223658064663
2015-08-14,-1.51318220061638
2015-08-17,-3.22677415715615
2015-08-18,-0.376321185176121
2015-08-19,0.636024115732159
2015-08-20,0.143988505798731
2015-08-21,-0.867057455113329
2015-08-24,-3.75617126973689
2015-08-25,0.361011222409946
2015-08-26,0
2015-08-27,4.97906645030151
2015-08-28,4.47001789179069
2015-08-31,-0.273597981887441
2015-09-01,-0.659705526174115
2015-09-02,-1.276731192005
2015-09-03,1.40075794255559
2015-09-04,1.35423723426751
2015-09-07,0.542006746933854
2015-09-08,-1.63491380015293
2015-09-09,-0.537154380191041
2015-09-10,2.9125629810018
2015-09-11,1.66282514375782
2015-09-14,1.04987840982194
2015-09-15,-0.287619494917557
2015-09-16,-0.498754151103853
2015-09-17,-0.660068403135217
2015-09-18,-2.2638432473018
2015-09-21,1.42590524606332
2015-09-22,-2.10562510070993
2015-09-23,-3.65343777839993
2015-09-24,-0.11325029522995
2015-09-25,0.11325029522995
2015-09-28,-2.55064694318827
2015-09-29,-1.31484728435058
2015-09-30,2.03791623366518
2015-10-01,0.960787486968329
2015-10-02,1.17756911556395
2015-10-05,3.69669004060915
2015-10-06,2.44373062794372
2015-10-07,1.25224070934733
2015-10-08,0.104739470167026
2015-10-09,1.14495135746226
2015-10-12,1.54046691949858
2015-10-13,-0.882866715952346
2015-10-14,-0.567084906747617
2015-10-15,0.399871542170693
2015-10-16,-0.464516964293971
2015-10-19,0.490260303347156
2015-10-20,-0.645580034287097
2015-10-21,0.336221705587558
2015-10-22,-0.206771849322962
2015-10-23,-0.388853373969233
2015-10-26,-3.96052026443092
2015-10-27,-0.827628358890475
2015-10-28,-0.218221581416067
2015-10-29,-0.602576460366944
2015-10-30,-0.275103337189009
2015-11-02,1.05502108951532
2015-11-03,-0.505569157751218
2015-11-04,0
2015-11-05,-0.825314175671998
2015-11-06,-3.9441732051297
2015-11-09,-3.24163293619675
2015-11-10,-0.894460346289794
2015-11-12,-1.17488924890834
2015-11-13,0.136270745593592
2015-11-16,-2.38872175346128
2015-11-17,3.57697368286978
2015-11-18,1.36622261699033
2015-11-19,-0.547217219985896
2015-11-20,-0.41610997772441
2015-11-23,-6.01500508987245
2015-11-24,-2.98577556695161
2015-11-25,1.39160821801205
2015-11-26,2.35043375472701
2015-11-27,-4.67517471562751
2015-11-30,-1.27453517083698
2015-12-01,-0.0166597251531009
2015-12-02,-1.83275411623987
2015-12-03,0.457124304013767
2015-12-04,2.28781791028965
2015-12-07,3.02462080807961
2015-12-08,-3.45480016107569
2015-12-09,-2.19604835571756
2015-12-10,6.00262374363574
2015-12-11,-2.99738923699557
2015-12-14,2.59754864032606
2015-12-15,0.320000273067045
2015-12-16,3.45403252521761
2015-12-17,-2.50013022054167
2015-12-18,1.72553300907614
2015-12-21,2.30602070876982
2015-12-22,-1.53142349730429
2015-12-23,0.90637382149561
2015-12-28,-0.352355783934044
2015-12-29,-1.48425730379289
2015-12-30,-2.20481372217627
2016-01-04,-2.010522084369
2016-01-05,-0.89759884571512
2016-01-07,-3.06282263307125
2016-01-08,-0.95109412596317
2016-01-11,1.18746094207127
2016-01-12,2.79366355564283
2016-01-13,1.91657644992835
2016-01-14,-1.08371460940138
2016-01-15,-6.76114874457276
2016-01-18,-4.28395728051889
2016-01-19,0.579501802835392
2016-01-20,-0.579501802835392
2016-01-21,-2.63148867196277
2016-01-22,6.75871975583844
2016-01-25,-0.296710227278041
2016-01-26,0.80083993468838
2016-01-27,2.90519406552621
2016-01-28,4.97762270927984
2016-01-29,0.956945101615059
2016-02-01,-0.844828488605387
2016-02-02,-1.40245709660052
2016-02-03,1.76995770994015
2016-02-04,4.58238185830151
2016-02-05,-1.08754997014948
2016-02-08,-3.65444884143429
2016-02-09,1.86743834758589
2016-02-10,-2.23552710438799
2016-02-11,0
2016-02-12,3.72948579600667
2016-02-15,2.01841714645452
2016-02-16,0.919165666732535
2016-02-17,5.72750678692273
2016-02-18,-0.667948195037749
2016-02-19,-3.08429573727116
2016-02-22,2.28257347594427
2016-02-23,-0.244657242279089
2016-02-24,-1.15943327809198
2016-02-25,0.870832789178522
2016-02-26,-4.07015778785302
2016-02-29,-2.77753243487417
2016-03-01,-1.27707700456083
2016-03-02,2.47690681124091
2016-03-03,0.913248356327223
2016-03-04,2.09902758918359
2016-03-07,0.591717702808836
2016-03-08,-0.517561229258501
2016-03-09,1.39862419747399
2016-03-10,-0.0584966381114604
2016-03-11,2.61330110168077
2016-03-14,-0.0142521200269918
2016-03-15,-0.945159549318131
2016-03-16,1.95204602514183
2016-03-17,0.534760632659559
2016-03-18,-4.06758063758534
2016-03-21,-0.131646329259194
2016-03-22,0.961405802838033
2016-03-23,-2.31715895904339
2016-03-24,2.05587270210366
2016-03-29,-0.232828975959087
2016-03-30,0.523104941755292
2016-03-31,-1.45987994211527
